iso3_exp,exporter,GEO,nGDP,rank,share,sector,NACEr1,CO2_intensity,destination,X,X_CBAM
DZA,Algeria,Africa,160034.22,38,.0020706549,"Food , beverages and tobacco",15t16,.35987267,EU27,65327.35952236946,0
DZA,Algeria,Africa,160034.22,38,.0020706549,"Food , beverages and tobacco",15t16,.35987267,RoW,275753.3556157291,0
DZA,Algeria,Africa,160034.22,38,.0020706549,Textiles and textile,17t18,.34086084,EU27,839.75500388816,0
DZA,Algeria,Africa,160034.22,38,.0020706549,Textiles and textile,17t18,.34086084,RoW,3648.659984933096,0
DZA,Algeria,Africa,160034.22,38,.0020706549,"Leather, leather and footwear",19,.19375706,EU27,10013.14705329202,0
DZA,Algeria,Africa,160034.22,38,.0020706549,"Leather, leather and footwear",19,.19375706,RoW,3382.637042805087,0
DZA,Algeria,Africa,160034.22,38,.0020706549,Wood and of wood and cork,20,.46805823,EU27,1139.876990532503,0
DZA,Algeria,Africa,160034.22,38,.0020706549,Wood and of wood and cork,20,.46805823,RoW,1438.36901782616,0
DZA,Algeria,Africa,160034.22,38,.0020706549,"Pulp, paper, paper , printing and publishing",21t22,.45346645,EU27,1534.912989971112,0
DZA,Algeria,Africa,160034.22,38,.0020706549,"Pulp, paper, paper , printing and publishing",21t22,.45346645,RoW,7067.101076686638,0
DZA,Algeria,Africa,160034.22,38,.0020706549,"Coke, refined petroleum and nuclear fuel",23,2.87748,EU27,2305578.572200969,0
DZA,Algeria,Africa,160034.22,38,.0020706549,"Coke, refined petroleum and nuclear fuel",23,2.87748,RoW,6105076.15896624,0
DZA,Algeria,Africa,160034.22,38,.0020706549,Chemicals and chemical,24,1.4067867,EU27,966623.3193862329,519435.7659425139
DZA,Algeria,Africa,160034.22,38,.0020706549,Chemicals and chemical,24,1.4067867,RoW,427878.9935464894,371682.8210373521
DZA,Algeria,Africa,160034.22,38,.0020706549,Rubber and plastics,25,.2790187,EU27,2553.457031865488,0
DZA,Algeria,Africa,160034.22,38,.0020706549,Rubber and plastics,25,.2790187,RoW,3746.157953251502,0
DZA,Algeria,Africa,160034.22,38,.0020706549,Other non-metallic mineral,26,4.8430367,EU27,7726.021066242596,8.487000003457069
DZA,Algeria,Africa,160034.22,38,.0020706549,Other non-metallic mineral,26,4.8430367,RoW,16294.86883488018,92.5719998255372
DZA,Algeria,Africa,160034.22,38,.0020706549,Basic metals and fabricated metal,27t28,1.9624588,EU27,5365.623959819903,2733.367980159586
DZA,Algeria,Africa,160034.22,38,.0020706549,Basic metals and fabricated metal,27t28,1.9624588,RoW,8049.511829896248,1340.980009024264
DZA,Algeria,Africa,160034.22,38,.0020706549,"Machinery, nec",29,.19455881,EU27,23643.35168343456,17.2070000320673
DZA,Algeria,Africa,160034.22,38,.0020706549,"Machinery, nec",29,.19455881,RoW,9717.917175412062,53.87599845603108
DZA,Algeria,Africa,160034.22,38,.0020706549,Electrical and optical equipment,30t33,.20186955,EU27,20467.28189800156,0
DZA,Algeria,Africa,160034.22,38,.0020706549,Electrical and optical equipment,30t33,.20186955,RoW,57720.49708636641,0
DZA,Algeria,Africa,160034.22,38,.0020706549,Transport equipment,34t35,.29114175,EU27,25886.70443307981,0
DZA,Algeria,Africa,160034.22,38,.0020706549,Transport equipment,34t35,.29114175,RoW,5044.536985330284,0
DZA,Algeria,Africa,160034.22,38,.0020706549,Manufacturing nec; recycling,36t37,.26614583,EU27,9087.704142986331,29.23399925231934
DZA,Algeria,Africa,160034.22,38,.0020706549,Manufacturing nec; recycling,36t37,.26614583,RoW,25871.05713839596,10615.875
DZA,Algeria,Africa,160034.22,38,.0020706549,"Agriculture, hunting, forestry and fishing",AtB,.37349537,EU27,35821.44002726208,0
DZA,Algeria,Africa,160034.22,38,.0020706549,"Agriculture, hunting, forestry and fishing",AtB,.37349537,RoW,28330.12622898084,0
DZA,Algeria,Africa,160034.22,38,.0020706549,Mining and quarrying,C,1.4879924,EU27,13701070.64978923,.4890000112354755
DZA,Algeria,Africa,160034.22,38,.0020706549,Mining and quarrying,C,1.4879924,RoW,7835052.360621116,392.0969887711108
AGO,Angola,Africa,101123.83,39,.0020061927,"Food , beverages and tobacco",15t16,.35987267,EU27,21509.49341126147,0
AGO,Angola,Africa,101123.83,39,.0020061927,"Food , beverages and tobacco",15t16,.35987267,RoW,157154.7762301891,0
AGO,Angola,Africa,101123.83,39,.0020061927,Textiles and textile,17t18,.34086084,EU27,312.1830011005513,0
AGO,Angola,Africa,101123.83,39,.0020061927,Textiles and textile,17t18,.34086084,RoW,2739.434056148399,0
AGO,Angola,Africa,101123.83,39,.0020061927,"Leather, leather and footwear",19,.19375706,EU27,102.8319997062208,0
AGO,Angola,Africa,101123.83,39,.0020061927,"Leather, leather and footwear",19,.19375706,RoW,5418.44896580535,0
AGO,Angola,Africa,101123.83,39,.0020061927,Wood and of wood and cork,20,.46805823,EU27,21526.59189920442,0
AGO,Angola,Africa,101123.83,39,.0020061927,Wood and of wood and cork,20,.46805823,RoW,45956.58987228584,0
AGO,Angola,Africa,101123.83,39,.0020061927,"Pulp, paper, paper , printing and publishing",21t22,.45346645,EU27,144.8270002641948,0
AGO,Angola,Africa,101123.83,39,.0020061927,"Pulp, paper, paper , printing and publishing",21t22,.45346645,RoW,13883.71023005294,0
AGO,Angola,Africa,101123.83,39,.0020061927,"Coke, refined petroleum and nuclear fuel",23,2.87748,EU27,108724.8833966851,0
AGO,Angola,Africa,101123.83,39,.0020061927,"Coke, refined petroleum and nuclear fuel",23,2.87748,RoW,388754.2260766272,0
AGO,Angola,Africa,101123.83,39,.0020061927,Chemicals and chemical,24,1.4067867,EU27,43614.29480156791,499.3450041969772
AGO,Angola,Africa,101123.83,39,.0020061927,Chemicals and chemical,24,1.4067867,RoW,63888.58341916988,29.33499974757433
AGO,Angola,Africa,101123.83,39,.0020061927,Rubber and plastics,25,.2790187,EU27,1480.517999834148,0
AGO,Angola,Africa,101123.83,39,.0020061927,Rubber and plastics,25,.2790187,RoW,9157.245917705586,0
AGO,Angola,Africa,101123.83,39,.0020061927,Other non-metallic mineral,26,4.8430367,EU27,701.4400011930848,0
AGO,Angola,Africa,101123.83,39,.0020061927,Other non-metallic mineral,26,4.8430367,RoW,30151.02736268996,22027.74637238681
AGO,Angola,Africa,101123.83,39,.0020061927,Basic metals and fabricated metal,27t28,1.9624588,EU27,38173.51402843103,32088.79702055664
AGO,Angola,Africa,101123.83,39,.0020061927,Basic metals and fabricated metal,27t28,1.9624588,RoW,143157.7094934436,130512.800466628
AGO,Angola,Africa,101123.83,39,.0020061927,"Machinery, nec",29,.19455881,EU27,69439.01451284636,29.43599968531635
AGO,Angola,Africa,101123.83,39,.0020061927,"Machinery, nec",29,.19455881,RoW,286479.1257447852,1289.131043490022
AGO,Angola,Africa,101123.83,39,.0020061927,Electrical and optical equipment,30t33,.20186955,EU27,33228.3591094726,0
AGO,Angola,Africa,101123.83,39,.0020061927,Electrical and optical equipment,30t33,.20186955,RoW,46893.73377946182,0
AGO,Angola,Africa,101123.83,39,.0020061927,Transport equipment,34t35,.29114175,EU27,11058.87399999704,0
AGO,Angola,Africa,101123.83,39,.0020061927,Transport equipment,34t35,.29114175,RoW,141954.1727047269,0
AGO,Angola,Africa,101123.83,39,.0020061927,Manufacturing nec; recycling,36t37,.26614583,EU27,3125.014036900597,.9440000057220459
AGO,Angola,Africa,101123.83,39,.0020061927,Manufacturing nec; recycling,36t37,.26614583,RoW,18474.45587865647,1444.01499408111
AGO,Angola,Africa,101123.83,39,.0020061927,"Agriculture, hunting, forestry and fishing",AtB,.37349537,EU27,15366.24484013871,0
AGO,Angola,Africa,101123.83,39,.0020061927,"Agriculture, hunting, forestry and fishing",AtB,.37349537,RoW,75548.70833968488,0
AGO,Angola,Africa,101123.83,39,.0020061927,Mining and quarrying,C,1.4879924,EU27,4062848.57349678,0
AGO,Angola,Africa,101123.83,39,.0020061927,Mining and quarrying,C,1.4879924,RoW,25139681.3358322,0
ARG,Argentina,Americas,557532.31,28,.0038208503,"Food , beverages and tobacco",15t16,.35987267,EU27,4774353.747680133,0
ARG,Argentina,Americas,557532.31,28,.0038208503,"Food , beverages and tobacco",15t16,.35987267,RoW,18592477.28760354,0
ARG,Argentina,Americas,557532.31,28,.0038208503,Textiles and textile,17t18,.34086084,EU27,103082.2568161008,0
ARG,Argentina,Americas,557532.31,28,.0038208503,Textiles and textile,17t18,.34086084,RoW,211234.9077168443,0
ARG,Argentina,Americas,557532.31,28,.0038208503,"Leather, leather and footwear",19,.19375706,EU27,183726.3349659657,0
ARG,Argentina,Americas,557532.31,28,.0038208503,"Leather, leather and footwear",19,.19375706,RoW,630177.1086882339,0
ARG,Argentina,Americas,557532.31,28,.0038208503,Wood and of wood and cork,20,.46805823,EU27,2858.578982876614,0
ARG,Argentina,Americas,557532.31,28,.0038208503,Wood and of wood and cork,20,.46805823,RoW,92084.3009331869,0
ARG,Argentina,Americas,557532.31,28,.0038208503,"Pulp, paper, paper , printing and publishing",21t22,.45346645,EU27,2141.903990854276,0
ARG,Argentina,Americas,557532.31,28,.0038208503,"Pulp, paper, paper , printing and publishing",21t22,.45346645,RoW,389981.5855678277,0
ARG,Argentina,Americas,557532.31,28,.0038208503,"Coke, refined petroleum and nuclear fuel",23,2.87748,EU27,23422.2947851494,0
ARG,Argentina,Americas,557532.31,28,.0038208503,"Coke, refined petroleum and nuclear fuel",23,2.87748,RoW,648637.1182463821,0
ARG,Argentina,Americas,557532.31,28,.0038208503,Chemicals and chemical,24,1.4067867,EU27,484170.9395261046,.888999979943037
ARG,Argentina,Americas,557532.31,28,.0038208503,Chemicals and chemical,24,1.4067867,RoW,5215732.559220387,24149.8253703363
ARG,Argentina,Americas,557532.31,28,.0038208503,Rubber and plastics,25,.2790187,EU27,12841.69595119951,0
ARG,Argentina,Americas,557532.31,28,.0038208503,Rubber and plastics,25,.2790187,RoW,574118.9483457393,0
ARG,Argentina,Americas,557532.31,28,.0038208503,Other non-metallic mineral,26,4.8430367,EU27,2852.20698988135,1.141000002622604
ARG,Argentina,Americas,557532.31,28,.0038208503,Other non-metallic mineral,26,4.8430367,RoW,156350.0699909864,6814.081807434559
ARG,Argentina,Americas,557532.31,28,.0038208503,Basic metals and fabricated metal,27t28,1.9624588,EU27,118798.7710072913,36912.19978988555
ARG,Argentina,Americas,557532.31,28,.0038208503,Basic metals and fabricated metal,27t28,1.9624588,RoW,3442774.94310414,1159001.042422611
ARG,Argentina,Americas,557532.31,28,.0038208503,"Machinery, nec",29,.19455881,EU27,51369.3600536359,169.0790027827024
ARG,Argentina,Americas,557532.31,28,.0038208503,"Machinery, nec",29,.19455881,RoW,779538.5319324172,4650.498030437157
ARG,Argentina,Americas,557532.31,28,.0038208503,Electrical and optical equipment,30t33,.20186955,EU27,34014.35805023939,0
ARG,Argentina,Americas,557532.31,28,.0038208503,Electrical and optical equipment,30t33,.20186955,RoW,320555.0846310545,0
ARG,Argentina,Americas,557532.31,28,.0038208503,Transport equipment,34t35,.29114175,EU27,359286.2871917058,0
ARG,Argentina,Americas,557532.31,28,.0038208503,Transport equipment,34t35,.29114175,RoW,5459519.556954756,0
ARG,Argentina,Americas,557532.31,28,.0038208503,Manufacturing nec; recycling,36t37,.26614583,EU27,310245.4132839465,0
ARG,Argentina,Americas,557532.31,28,.0038208503,Manufacturing nec; recycling,36t37,.26614583,RoW,384610.7725008272,2587.184963226318
ARG,Argentina,Americas,557532.31,28,.0038208503,"Agriculture, hunting, forestry and fishing",AtB,.37349537,EU27,1228743.158138046,0
ARG,Argentina,Americas,557532.31,28,.0038208503,"Agriculture, hunting, forestry and fishing",AtB,.37349537,RoW,12497565.08993771,0
ARG,Argentina,Americas,557532.31,28,.0038208503,Mining and quarrying,C,1.4879924,EU27,700154.5052617211,1.051999986171722
ARG,Argentina,Americas,557532.31,28,.0038208503,Mining and quarrying,C,1.4879924,RoW,1254190.653987006,3022.815991163254
AUS,Australia,Oceania,1306598.8,14,.013224801,"Food , beverages and tobacco",15t16,.35987267,EU27,483491.2611472997,0
AUS,Australia,Oceania,1306598.8,14,.013224801,"Food , beverages and tobacco",15t16,.35987267,RoW,18498146.48254032,0
AUS,Australia,Oceania,1306598.8,14,.013224801,Textiles and textile,17t18,.34086084,EU27,55091.08574774698,0
AUS,Australia,Oceania,1306598.8,14,.013224801,Textiles and textile,17t18,.34086084,RoW,647299.5525182683,0
AUS,Australia,Oceania,1306598.8,14,.013224801,"Leather, leather and footwear",19,.19375706,EU27,65550.97766381118,0
AUS,Australia,Oceania,1306598.8,14,.013224801,"Leather, leather and footwear",19,.19375706,RoW,204376.1915247384,0
AUS,Australia,Oceania,1306598.8,14,.013224801,Wood and of wood and cork,20,.46805823,EU27,4479.515951977577,0
AUS,Australia,Oceania,1306598.8,14,.013224801,Wood and of wood and cork,20,.46805823,RoW,1049637.740635887,0
AUS,Australia,Oceania,1306598.8,14,.013224801,"Pulp, paper, paper , printing and publishing",21t22,.45346645,EU27,49114.64475597057,0
AUS,Australia,Oceania,1306598.8,14,.013224801,"Pulp, paper, paper , printing and publishing",21t22,.45346645,RoW,1142073.978291901,0
AUS,Australia,Oceania,1306598.8,14,.013224801,"Coke, refined petroleum and nuclear fuel",23,2.87748,EU27,79315.28034414421,0
AUS,Australia,Oceania,1306598.8,14,.013224801,"Coke, refined petroleum and nuclear fuel",23,2.87748,RoW,1571057.963246144,0
AUS,Australia,Oceania,1306598.8,14,.013224801,Chemicals and chemical,24,1.4067867,EU27,531819.6816177522,32691.86618662626
AUS,Australia,Oceania,1306598.8,14,.013224801,Chemicals and chemical,24,1.4067867,RoW,6510192.730292814,550420.100715857
AUS,Australia,Oceania,1306598.8,14,.013224801,Rubber and plastics,25,.2790187,EU27,57261.34297543427,0
AUS,Australia,Oceania,1306598.8,14,.013224801,Rubber and plastics,25,.2790187,RoW,773017.8183955709,0
AUS,Australia,Oceania,1306598.8,14,.013224801,Other non-metallic mineral,26,4.8430367,EU27,22885.57478890941,.153999999165535
AUS,Australia,Oceania,1306598.8,14,.013224801,Other non-metallic mineral,26,4.8430367,RoW,198180.5488667949,3642.49603459239
AUS,Australia,Oceania,1306598.8,14,.013224801,Basic metals and fabricated metal,27t28,1.9624588,EU27,344579.6475957673,75074.90932447894
AUS,Australia,Oceania,1306598.8,14,.013224801,Basic metals and fabricated metal,27t28,1.9624588,RoW,35444432.76181521,3923380.56313622
AUS,Australia,Oceania,1306598.8,14,.013224801,"Machinery, nec",29,.19455881,EU27,304911.8996382518,355.5559980110265
AUS,Australia,Oceania,1306598.8,14,.013224801,"Machinery, nec",29,.19455881,RoW,3535700.627607531,11762.72899719467
AUS,Australia,Oceania,1306598.8,14,.013224801,Electrical and optical equipment,30t33,.20186955,EU27,713252.1713206567,0
AUS,Australia,Oceania,1306598.8,14,.013224801,Electrical and optical equipment,30t33,.20186955,RoW,5561037.113111616,0
AUS,Australia,Oceania,1306598.8,14,.013224801,Transport equipment,34t35,.29114175,EU27,248385.2622300262,0
AUS,Australia,Oceania,1306598.8,14,.013224801,Transport equipment,34t35,.29114175,RoW,4025960.48433883,0
AUS,Australia,Oceania,1306598.8,14,.013224801,Manufacturing nec; recycling,36t37,.26614583,EU27,254298.8941622956,16946.33631896973
AUS,Australia,Oceania,1306598.8,14,.013224801,Manufacturing nec; recycling,36t37,.26614583,RoW,3801515.307690963,327101.25649786
AUS,Australia,Oceania,1306598.8,14,.013224801,"Agriculture, hunting, forestry and fishing",AtB,.37349537,EU27,1343276.173893042,0
AUS,Australia,Oceania,1306598.8,14,.013224801,"Agriculture, hunting, forestry and fishing",AtB,.37349537,RoW,14260446.42068335,0
AUS,Australia,Oceania,1306598.8,14,.013224801,Mining and quarrying,C,1.4879924,EU27,3314829.6843943,143.9050006866455
AUS,Australia,Oceania,1306598.8,14,.013224801,Mining and quarrying,C,1.4879924,RoW,99260346.77678993,185967.4015184334
AZE,Azerbaijan,Asia,37867.004,53,.00089092914,"Food , beverages and tobacco",15t16,.35987267,EU27,4469.603995483369,0
AZE,Azerbaijan,Asia,37867.004,53,.00089092914,"Food , beverages and tobacco",15t16,.35987267,RoW,140994.1055958427,0
AZE,Azerbaijan,Asia,37867.004,53,.00089092914,Textiles and textile,17t18,.34086084,EU27,3853.084981671069,0
AZE,Azerbaijan,Asia,37867.004,53,.00089092914,Textiles and textile,17t18,.34086084,RoW,39173.73110806092,0
AZE,Azerbaijan,Asia,37867.004,53,.00089092914,"Leather, leather and footwear",19,.19375706,EU27,310.903997648973,0
AZE,Azerbaijan,Asia,37867.004,53,.00089092914,"Leather, leather and footwear",19,.19375706,RoW,6433.14788288495,0
AZE,Azerbaijan,Asia,37867.004,53,.00089092914,Wood and of wood and cork,20,.46805823,EU27,31.88999932818115,0
AZE,Azerbaijan,Asia,37867.004,53,.00089092914,Wood and of wood and cork,20,.46805823,RoW,1343.349011636339,0
AZE,Azerbaijan,Asia,37867.004,53,.00089092914,"Pulp, paper, paper , printing and publishing",21t22,.45346645,EU27,200.3440014757216,0
AZE,Azerbaijan,Asia,37867.004,53,.00089092914,"Pulp, paper, paper , printing and publishing",21t22,.45346645,RoW,5663.168986479752,0
AZE,Azerbaijan,Asia,37867.004,53,.00089092914,"Coke, refined petroleum and nuclear fuel",23,2.87748,EU27,216390.3950563073,0
AZE,Azerbaijan,Asia,37867.004,53,.00089092914,"Coke, refined petroleum and nuclear fuel",23,2.87748,RoW,324909.683352489,0
AZE,Azerbaijan,Asia,37867.004,53,.00089092914,Chemicals and chemical,24,1.4067867,EU27,35486.78831929795,23.39299964904785
AZE,Azerbaijan,Asia,37867.004,53,.00089092914,Chemicals and chemical,24,1.4067867,RoW,145029.5432844023,3826.473008945584
AZE,Azerbaijan,Asia,37867.004,53,.00089092914,Rubber and plastics,25,.2790187,EU27,129.2230002717115,0
AZE,Azerbaijan,Asia,37867.004,53,.00089092914,Rubber and plastics,25,.2790187,RoW,3533.358960955986,0
AZE,Azerbaijan,Asia,37867.004,53,.00089092914,Other non-metallic mineral,26,4.8430367,EU27,49.98300042259507,.0419999994337559
AZE,Azerbaijan,Asia,37867.004,53,.00089092914,Other non-metallic mineral,26,4.8430367,RoW,10555.72382928361,8334.020791126299
AZE,Azerbaijan,Asia,37867.004,53,.00089092914,Basic metals and fabricated metal,27t28,1.9624588,EU27,45899.21732425597,38545.91451251414
AZE,Azerbaijan,Asia,37867.004,53,.00089092914,Basic metals and fabricated metal,27t28,1.9624588,RoW,326352.6436230029,216781.0940819579
AZE,Azerbaijan,Asia,37867.004,53,.00089092914,"Machinery, nec",29,.19455881,EU27,6414.91609663656,1.303999997675419
AZE,Azerbaijan,Asia,37867.004,53,.00089092914,"Machinery, nec",29,.19455881,RoW,47874.63987624587,31.11300053074956
AZE,Azerbaijan,Asia,37867.004,53,.00089092914,Electrical and optical equipment,30t33,.20186955,EU27,5193.448040221352,0
AZE,Azerbaijan,Asia,37867.004,53,.00089092914,Electrical and optical equipment,30t33,.20186955,RoW,22173.00501421001,0
AZE,Azerbaijan,Asia,37867.004,53,.00089092914,Transport equipment,34t35,.29114175,EU27,3849.382042286918,0
AZE,Azerbaijan,Asia,37867.004,53,.00089092914,Transport equipment,34t35,.29114175,RoW,77548.38523622602,0
AZE,Azerbaijan,Asia,37867.004,53,.00089092914,Manufacturing nec; recycling,36t37,.26614583,EU27,3690.784003387089,0
AZE,Azerbaijan,Asia,37867.004,53,.00089092914,Manufacturing nec; recycling,36t37,.26614583,RoW,53749.77422800066,31756.51215362549
AZE,Azerbaijan,Asia,37867.004,53,.00089092914,"Agriculture, hunting, forestry and fishing",AtB,.37349537,EU27,71073.06690981612,0
AZE,Azerbaijan,Asia,37867.004,53,.00089092914,"Agriculture, hunting, forestry and fishing",AtB,.37349537,RoW,327512.5811759168,0
AZE,Azerbaijan,Asia,37867.004,53,.00089092914,Mining and quarrying,C,1.4879924,EU27,7272083.504817622,0
AZE,Azerbaijan,Asia,37867.004,53,.00089092914,Mining and quarrying,C,1.4879924,RoW,4565090.85108631,80.70400238037109
BHR,Bahrain,Asia,32235.107,60,.00063628191,"Food , beverages and tobacco",15t16,.35987267,EU27,855.4559931010008,0
BHR,Bahrain,Asia,32235.107,60,.00063628191,"Food , beverages and tobacco",15t16,.35987267,RoW,375462.9183616601,0
BHR,Bahrain,Asia,32235.107,60,.00063628191,Textiles and textile,17t18,.34086084,EU27,6519.744030128117,0
BHR,Bahrain,Asia,32235.107,60,.00063628191,Textiles and textile,17t18,.34086084,RoW,575672.7585977762,0
BHR,Bahrain,Asia,32235.107,60,.00063628191,"Leather, leather and footwear",19,.19375706,EU27,622.4969981405884,0
BHR,Bahrain,Asia,32235.107,60,.00063628191,"Leather, leather and footwear",19,.19375706,RoW,89690.99920783693,0
BHR,Bahrain,Asia,32235.107,60,.00063628191,Wood and of wood and cork,20,.46805823,EU27,173.6460018288344,0
BHR,Bahrain,Asia,32235.107,60,.00063628191,Wood and of wood and cork,20,.46805823,RoW,28978.75881466863,0
BHR,Bahrain,Asia,32235.107,60,.00063628191,"Pulp, paper, paper , printing and publishing",21t22,.45346645,EU27,606.0149945106823,0
BHR,Bahrain,Asia,32235.107,60,.00063628191,"Pulp, paper, paper , printing and publishing",21t22,.45346645,RoW,68709.60343650368,0
BHR,Bahrain,Asia,32235.107,60,.00063628191,"Coke, refined petroleum and nuclear fuel",23,2.87748,EU27,283187.764784744,0
BHR,Bahrain,Asia,32235.107,60,.00063628191,"Coke, refined petroleum and nuclear fuel",23,2.87748,RoW,1815996.244298592,0
BHR,Bahrain,Asia,32235.107,60,.00063628191,Chemicals and chemical,24,1.4067867,EU27,16174.99413539085,13967.40316703916
BHR,Bahrain,Asia,32235.107,60,.00063628191,Chemicals and chemical,24,1.4067867,RoW,543308.5907548603,208615.669070702
BHR,Bahrain,Asia,32235.107,60,.00063628191,Rubber and plastics,25,.2790187,EU27,31527.55260133743,0
BHR,Bahrain,Asia,32235.107,60,.00063628191,Rubber and plastics,25,.2790187,RoW,209843.415855132,0
BHR,Bahrain,Asia,32235.107,60,.00063628191,Other non-metallic mineral,26,4.8430367,EU27,26101.6202360699,.8740000128746033
BHR,Bahrain,Asia,32235.107,60,.00063628191,Other non-metallic mineral,26,4.8430367,RoW,72901.26238726336,212.5379997934215
BHR,Bahrain,Asia,32235.107,60,.00063628191,Basic metals and fabricated metal,27t28,1.9624588,EU27,193361.0937808952,193097.4387746127
BHR,Bahrain,Asia,32235.107,60,.00063628191,Basic metals and fabricated metal,27t28,1.9624588,RoW,2896806.91025498,2829610.246298118
BHR,Bahrain,Asia,32235.107,60,.00063628191,"Machinery, nec",29,.19455881,EU27,22589.17036873754,0
BHR,Bahrain,Asia,32235.107,60,.00063628191,"Machinery, nec",29,.19455881,RoW,415259.1759922784,286.2750000520609
BHR,Bahrain,Asia,32235.107,60,.00063628191,Electrical and optical equipment,30t33,.20186955,EU27,5682.766056445544,0
BHR,Bahrain,Asia,32235.107,60,.00063628191,Electrical and optical equipment,30t33,.20186955,RoW,467200.5585903636,0
BHR,Bahrain,Asia,32235.107,60,.00063628191,Transport equipment,34t35,.29114175,EU27,39207.38959195651,0
BHR,Bahrain,Asia,32235.107,60,.00063628191,Transport equipment,34t35,.29114175,RoW,426262.6147824777,0
BHR,Bahrain,Asia,32235.107,60,.00063628191,Manufacturing nec; recycling,36t37,.26614583,EU27,12080.22694219626,1307.997985839844
BHR,Bahrain,Asia,32235.107,60,.00063628191,Manufacturing nec; recycling,36t37,.26614583,RoW,399577.2128700401,19457.57611274719
BHR,Bahrain,Asia,32235.107,60,.00063628191,"Agriculture, hunting, forestry and fishing",AtB,.37349537,EU27,280.4600007906556,0
BHR,Bahrain,Asia,32235.107,60,.00063628191,"Agriculture, hunting, forestry and fishing",AtB,.37349537,RoW,20938.09416152909,0
BHR,Bahrain,Asia,32235.107,60,.00063628191,Mining and quarrying,C,1.4879924,EU27,1.300000000745058,0
BHR,Bahrain,Asia,32235.107,60,.00063628191,Mining and quarrying,C,1.4879924,RoW,786552.574577502,766276.9751168787
BGD,Bangladesh,Asia,264543.34,34,.0024462759,"Food , beverages and tobacco",15t16,.35987267,EU27,242459.9904452495,0
BGD,Bangladesh,Asia,264543.34,34,.0024462759,"Food , beverages and tobacco",15t16,.35987267,RoW,409231.8235495324,0
BGD,Bangladesh,Asia,264543.34,34,.0024462759,Textiles and textile,17t18,.34086084,EU27,16855169.27433703,0
BGD,Bangladesh,Asia,264543.34,34,.0024462759,Textiles and textile,17t18,.34086084,RoW,17513421.41157319,0
BGD,Bangladesh,Asia,264543.34,34,.0024462759,"Leather, leather and footwear",19,.19375706,EU27,657985.0798605653,0
BGD,Bangladesh,Asia,264543.34,34,.0024462759,"Leather, leather and footwear",19,.19375706,RoW,707757.5636602782,0
BGD,Bangladesh,Asia,264543.34,34,.0024462759,Wood and of wood and cork,20,.46805823,EU27,5068.642019617138,0
BGD,Bangladesh,Asia,264543.34,34,.0024462759,Wood and of wood and cork,20,.46805823,RoW,7507.85292330198,0
BGD,Bangladesh,Asia,264543.34,34,.0024462759,"Pulp, paper, paper , printing and publishing",21t22,.45346645,EU27,950.9049995472888,0
BGD,Bangladesh,Asia,264543.34,34,.0024462759,"Pulp, paper, paper , printing and publishing",21t22,.45346645,RoW,7094.618011767627,0
BGD,Bangladesh,Asia,264543.34,34,.0024462759,"Coke, refined petroleum and nuclear fuel",23,2.87748,RoW,44724.89665076882,0
BGD,Bangladesh,Asia,264543.34,34,.0024462759,Chemicals and chemical,24,1.4067867,EU27,6579.197142391698,15.38199964910746
BGD,Bangladesh,Asia,264543.34,34,.0024462759,Chemicals and chemical,24,1.4067867,RoW,143296.4440401483,17658.53916990757
BGD,Bangladesh,Asia,264543.34,34,.0024462759,Rubber and plastics,25,.2790187,EU27,17610.43301728857,0
BGD,Bangladesh,Asia,264543.34,34,.0024462759,Rubber and plastics,25,.2790187,RoW,38515.35579874623,0
BGD,Bangladesh,Asia,264543.34,34,.0024462759,Other non-metallic mineral,26,4.8430367,EU27,19088.30783919978,0
BGD,Bangladesh,Asia,264543.34,34,.0024462759,Other non-metallic mineral,26,4.8430367,RoW,39968.91907449649,7451.770203128457
BGD,Bangladesh,Asia,264543.34,34,.0024462759,Basic metals and fabricated metal,27t28,1.9624588,EU27,2134.678016214399,1157.283997526392
BGD,Bangladesh,Asia,264543.34,34,.0024462759,Basic metals and fabricated metal,27t28,1.9624588,RoW,48385.3725886629,13725.12193552824
BGD,Bangladesh,Asia,264543.34,34,.0024462759,"Machinery, nec",29,.19455881,EU27,2506.629001993104,2.710999911651015
BGD,Bangladesh,Asia,264543.34,34,.0024462759,"Machinery, nec",29,.19455881,RoW,27789.67239999049,50.27000171691179
BGD,Bangladesh,Asia,264543.34,34,.0024462759,Electrical and optical equipment,30t33,.20186955,EU27,10073.6879776835,0
BGD,Bangladesh,Asia,264543.34,34,.0024462759,Electrical and optical equipment,30t33,.20186955,RoW,123733.761660633,0
BGD,Bangladesh,Asia,264543.34,34,.0024462759,Transport equipment,34t35,.29114175,EU27,38748.02847625711,0
BGD,Bangladesh,Asia,264543.34,34,.0024462759,Transport equipment,34t35,.29114175,RoW,70193.79638100462,0
BGD,Bangladesh,Asia,264543.34,34,.0024462759,Manufacturing nec; recycling,36t37,.26614583,EU27,33767.08350888547,0
BGD,Bangladesh,Asia,264543.34,34,.0024462759,Manufacturing nec; recycling,36t37,.26614583,RoW,249874.925334984,470.7230072021484
BGD,Bangladesh,Asia,264543.34,34,.0024462759,"Agriculture, hunting, forestry and fishing",AtB,.37349537,EU27,32507.62935104396,0
BGD,Bangladesh,Asia,264543.34,34,.0024462759,"Agriculture, hunting, forestry and fishing",AtB,.37349537,RoW,435076.6427196831,0
BGD,Bangladesh,Asia,264543.34,34,.0024462759,Mining and quarrying,C,1.4879924,EU27,182.1719999571797,2.322999954223633
BGD,Bangladesh,Asia,264543.34,34,.0024462759,Mining and quarrying,C,1.4879924,RoW,9622.373972801375,4.642000198364258
BLR,Belarus,Europe,47723.547,45,.0014935492,"Food , beverages and tobacco",15t16,.35987267,EU27,97486.82196579,0
BLR,Belarus,Europe,47723.547,45,.0014935492,"Food , beverages and tobacco",15t16,.35987267,RoW,3572998.671573571,0
BLR,Belarus,Europe,47723.547,45,.0014935492,Textiles and textile,17t18,.34086084,EU27,128482.0748943309,0
BLR,Belarus,Europe,47723.547,45,.0014935492,Textiles and textile,17t18,.34086084,RoW,798145.1582930126,0
BLR,Belarus,Europe,47723.547,45,.0014935492,"Leather, leather and footwear",19,.19375706,EU27,24545.16213312093,0
BLR,Belarus,Europe,47723.547,45,.0014935492,"Leather, leather and footwear",19,.19375706,RoW,86085.22273247968,0
BLR,Belarus,Europe,47723.547,45,.0014935492,Wood and of wood and cork,20,.46805823,EU27,420568.9961280602,0
BLR,Belarus,Europe,47723.547,45,.0014935492,Wood and of wood and cork,20,.46805823,RoW,304527.6983038136,0
BLR,Belarus,Europe,47723.547,45,.0014935492,"Pulp, paper, paper , printing and publishing",21t22,.45346645,EU27,21488.17904110614,0
BLR,Belarus,Europe,47723.547,45,.0014935492,"Pulp, paper, paper , printing and publishing",21t22,.45346645,RoW,164247.9189541677,0
BLR,Belarus,Europe,47723.547,45,.0014935492,"Coke, refined petroleum and nuclear fuel",23,2.87748,EU27,1278335.294506907,0
BLR,Belarus,Europe,47723.547,45,.0014935492,"Coke, refined petroleum and nuclear fuel",23,2.87748,RoW,3034780.81553654,0
BLR,Belarus,Europe,47723.547,45,.0014935492,Chemicals and chemical,24,1.4067867,EU27,675323.1298661776,189412.210699372
BLR,Belarus,Europe,47723.547,45,.0014935492,Chemicals and chemical,24,1.4067867,RoW,3187666.345117407,224250.7250625379
BLR,Belarus,Europe,47723.547,45,.0014935492,Rubber and plastics,25,.2790187,EU27,103408.2379630468,0
BLR,Belarus,Europe,47723.547,45,.0014935492,Rubber and plastics,25,.2790187,RoW,790897.9370646717,0
BLR,Belarus,Europe,47723.547,45,.0014935492,Other non-metallic mineral,26,4.8430367,EU27,100275.4399241785,7587.349265757948
BLR,Belarus,Europe,47723.547,45,.0014935492,Other non-metallic mineral,26,4.8430367,RoW,458274.7083263104,59910.29145359993
BLR,Belarus,Europe,47723.547,45,.0014935492,Basic metals and fabricated metal,27t28,1.9624588,EU27,591232.1277706127,513871.5758483101
BLR,Belarus,Europe,47723.547,45,.0014935492,Basic metals and fabricated metal,27t28,1.9624588,RoW,1013641.208845359,849999.8233668295
BLR,Belarus,Europe,47723.547,45,.0014935492,"Machinery, nec",29,.19455881,EU27,126198.6364932378,1171.906986406073
BLR,Belarus,Europe,47723.547,45,.0014935492,"Machinery, nec",29,.19455881,RoW,1772864.54167056,90904.4945208875
BLR,Belarus,Europe,47723.547,45,.0014935492,Electrical and optical equipment,30t33,.20186955,EU27,149216.3234993122,0
BLR,Belarus,Europe,47723.547,45,.0014935492,Electrical and optical equipment,30t33,.20186955,RoW,870190.7855826289,0
BLR,Belarus,Europe,47723.547,45,.0014935492,Transport equipment,34t35,.29114175,EU27,117829.5540923432,0
BLR,Belarus,Europe,47723.547,45,.0014935492,Transport equipment,34t35,.29114175,RoW,1483623.69248202,0
BLR,Belarus,Europe,47723.547,45,.0014935492,Manufacturing nec; recycling,36t37,.26614583,EU27,173167.4453952106,9630.323740005493
BLR,Belarus,Europe,47723.547,45,.0014935492,Manufacturing nec; recycling,36t37,.26614583,RoW,414641.1392532418,301.7070028781891
BLR,Belarus,Europe,47723.547,45,.0014935492,"Agriculture, hunting, forestry and fishing",AtB,.37349537,EU27,135362.6669307239,0
BLR,Belarus,Europe,47723.547,45,.0014935492,"Agriculture, hunting, forestry and fishing",AtB,.37349537,RoW,361454.8146219661,0
BLR,Belarus,Europe,47723.547,45,.0014935492,Mining and quarrying,C,1.4879924,EU27,499906.9077784615,0
BLR,Belarus,Europe,47723.547,45,.0014935492,Mining and quarrying,C,1.4879924,RoW,122169.8836100169,45.2790002822876
BOL,Bolivia,Americas,33941.125,69,.0004879052,"Food , beverages and tobacco",15t16,.35987267,EU27,67134.69217585586,0
BOL,Bolivia,Americas,33941.125,69,.0004879052,"Food , beverages and tobacco",15t16,.35987267,RoW,1051740.559330671,0
BOL,Bolivia,Americas,33941.125,69,.0004879052,Textiles and textile,17t18,.34086084,EU27,5177.932977477554,0
BOL,Bolivia,Americas,33941.125,69,.0004879052,Textiles and textile,17t18,.34086084,RoW,23558.78106179461,0
BOL,Bolivia,Americas,33941.125,69,.0004879052,"Leather, leather and footwear",19,.19375706,EU27,23366.02747781668,0
BOL,Bolivia,Americas,33941.125,69,.0004879052,"Leather, leather and footwear",19,.19375706,RoW,18725.90197647782,0
BOL,Bolivia,Americas,33941.125,69,.0004879052,Wood and of wood and cork,20,.46805823,EU27,10339.59401608806,0
BOL,Bolivia,Americas,33941.125,69,.0004879052,Wood and of wood and cork,20,.46805823,RoW,34926.84594641626,0
BOL,Bolivia,Americas,33941.125,69,.0004879052,"Pulp, paper, paper , printing and publishing",21t22,.45346645,EU27,30.2079996363027,0
BOL,Bolivia,Americas,33941.125,69,.0004879052,"Pulp, paper, paper , printing and publishing",21t22,.45346645,RoW,2168.200984001625,0
BOL,Bolivia,Americas,33941.125,69,.0004879052,"Coke, refined petroleum and nuclear fuel",23,2.87748,EU27,12460.1560684666,0
BOL,Bolivia,Americas,33941.125,69,.0004879052,"Coke, refined petroleum and nuclear fuel",23,2.87748,RoW,83678.5272834301,0
BOL,Bolivia,Americas,33941.125,69,.0004879052,Chemicals and chemical,24,1.4067867,EU27,5230.879005184397,0
BOL,Bolivia,Americas,33941.125,69,.0004879052,Chemicals and chemical,24,1.4067867,RoW,46816.55948750617,0
BOL,Bolivia,Americas,33941.125,69,.0004879052,Rubber and plastics,25,.2790187,EU27,181.9620007928461,0
BOL,Bolivia,Americas,33941.125,69,.0004879052,Rubber and plastics,25,.2790187,RoW,837.9240144480718,0
BOL,Bolivia,Americas,33941.125,69,.0004879052,Other non-metallic mineral,26,4.8430367,EU27,868.9299963134108,0
BOL,Bolivia,Americas,33941.125,69,.0004879052,Other non-metallic mineral,26,4.8430367,RoW,7137.851113282028,0
BOL,Bolivia,Americas,33941.125,69,.0004879052,Basic metals and fabricated metal,27t28,1.9624588,EU27,81814.82302310807,150.8240014144685
BOL,Bolivia,Americas,33941.125,69,.0004879052,Basic metals and fabricated metal,27t28,1.9624588,RoW,1157734.701927267,11497.3971450387
BOL,Bolivia,Americas,33941.125,69,.0004879052,"Machinery, nec",29,.19455881,EU27,4027.596011310816,0
BOL,Bolivia,Americas,33941.125,69,.0004879052,"Machinery, nec",29,.19455881,RoW,67327.15512728179,38.78899956028908
BOL,Bolivia,Americas,33941.125,69,.0004879052,Electrical and optical equipment,30t33,.20186955,EU27,3646.032006770372,0
BOL,Bolivia,Americas,33941.125,69,.0004879052,Electrical and optical equipment,30t33,.20186955,RoW,23474.15803592151,0
BOL,Bolivia,Americas,33941.125,69,.0004879052,Transport equipment,34t35,.29114175,EU27,2497.56899919908,0
BOL,Bolivia,Americas,33941.125,69,.0004879052,Transport equipment,34t35,.29114175,RoW,21104.24999910011,0
BOL,Bolivia,Americas,33941.125,69,.0004879052,Manufacturing nec; recycling,36t37,.26614583,EU27,3645.454991215491,155.463005065918
BOL,Bolivia,Americas,33941.125,69,.0004879052,Manufacturing nec; recycling,36t37,.26614583,RoW,181662.2211851983,4004.170910835266
BOL,Bolivia,Americas,33941.125,69,.0004879052,"Agriculture, hunting, forestry and fishing",AtB,.37349537,EU27,143909.5410452737,0
BOL,Bolivia,Americas,33941.125,69,.0004879052,"Agriculture, hunting, forestry and fishing",AtB,.37349537,RoW,338422.3963185772,0
BOL,Bolivia,Americas,33941.125,69,.0004879052,Mining and quarrying,C,1.4879924,EU27,505284.4996650517,0
BOL,Bolivia,Americas,33941.125,69,.0004879052,Mining and quarrying,C,1.4879924,RoW,3610412.955126865,0
BIH,Bosnia and Herzegovina,Europe,17116.928,78,.0003690068,"Food , beverages and tobacco",15t16,.35987267,EU27,155794.2077827672,0
BIH,Bosnia and Herzegovina,Europe,17116.928,78,.0003690068,"Food , beverages and tobacco",15t16,.35987267,RoW,302972.1879045207,0
BIH,Bosnia and Herzegovina,Europe,17116.928,78,.0003690068,Textiles and textile,17t18,.34086084,EU27,378181.7351508182,0
BIH,Bosnia and Herzegovina,Europe,17116.928,78,.0003690068,Textiles and textile,17t18,.34086084,RoW,90780.63018467079,0
BIH,Bosnia and Herzegovina,Europe,17116.928,78,.0003690068,"Leather, leather and footwear",19,.19375706,EU27,460314.3068733281,0
BIH,Bosnia and Herzegovina,Europe,17116.928,78,.0003690068,"Leather, leather and footwear",19,.19375706,RoW,45606.13808192185,0
BIH,Bosnia and Herzegovina,Europe,17116.928,78,.0003690068,Wood and of wood and cork,20,.46805823,EU27,232676.7207312369,0
BIH,Bosnia and Herzegovina,Europe,17116.928,78,.0003690068,Wood and of wood and cork,20,.46805823,RoW,88788.7113137244,0
BIH,Bosnia and Herzegovina,Europe,17116.928,78,.0003690068,"Pulp, paper, paper , printing and publishing",21t22,.45346645,EU27,100836.842550157,0
BIH,Bosnia and Herzegovina,Europe,17116.928,78,.0003690068,"Pulp, paper, paper , printing and publishing",21t22,.45346645,RoW,44132.3312954111,0
BIH,Bosnia and Herzegovina,Europe,17116.928,78,.0003690068,"Coke, refined petroleum and nuclear fuel",23,2.87748,EU27,79378.71439967304,0
BIH,Bosnia and Herzegovina,Europe,17116.928,78,.0003690068,"Coke, refined petroleum and nuclear fuel",23,2.87748,RoW,81465.01331679523,0
BIH,Bosnia and Herzegovina,Europe,17116.928,78,.0003690068,Chemicals and chemical,24,1.4067867,EU27,215965.1892187702,48454.58692535758
BIH,Bosnia and Herzegovina,Europe,17116.928,78,.0003690068,Chemicals and chemical,24,1.4067867,RoW,138838.8640845323,993.5690088225529
BIH,Bosnia and Herzegovina,Europe,17116.928,78,.0003690068,Rubber and plastics,25,.2790187,EU27,156210.410333829,0
BIH,Bosnia and Herzegovina,Europe,17116.928,78,.0003690068,Rubber and plastics,25,.2790187,RoW,29212.81297852285,0
BIH,Bosnia and Herzegovina,Europe,17116.928,78,.0003690068,Other non-metallic mineral,26,4.8430367,EU27,26267.78767598723,6179.166835529497
BIH,Bosnia and Herzegovina,Europe,17116.928,78,.0003690068,Other non-metallic mineral,26,4.8430367,RoW,32618.45165595901,46.01800073683262
BIH,Bosnia and Herzegovina,Europe,17116.928,78,.0003690068,Basic metals and fabricated metal,27t28,1.9624588,EU27,700322.8215324684,563154.0783698822
BIH,Bosnia and Herzegovina,Europe,17116.928,78,.0003690068,Basic metals and fabricated metal,27t28,1.9624588,RoW,238661.0763345972,205782.7260804905
BIH,Bosnia and Herzegovina,Europe,17116.928,78,.0003690068,"Machinery, nec",29,.19455881,EU27,289878.3861968894,6796.078135602176
BIH,Bosnia and Herzegovina,Europe,17116.928,78,.0003690068,"Machinery, nec",29,.19455881,RoW,91707.18919656856,1254.563967215829
BIH,Bosnia and Herzegovina,Europe,17116.928,78,.0003690068,Electrical and optical equipment,30t33,.20186955,EU27,238161.0983916417,0
BIH,Bosnia and Herzegovina,Europe,17116.928,78,.0003690068,Electrical and optical equipment,30t33,.20186955,RoW,47945.17919896357,0
BIH,Bosnia and Herzegovina,Europe,17116.928,78,.0003690068,Transport equipment,34t35,.29114175,EU27,270281.8380413759,0
BIH,Bosnia and Herzegovina,Europe,17116.928,78,.0003690068,Transport equipment,34t35,.29114175,RoW,25258.95107543748,0
BIH,Bosnia and Herzegovina,Europe,17116.928,78,.0003690068,Manufacturing nec; recycling,36t37,.26614583,EU27,729815.5225076153,132602.9514546394
BIH,Bosnia and Herzegovina,Europe,17116.928,78,.0003690068,Manufacturing nec; recycling,36t37,.26614583,RoW,186444.8545794393,90107.8251953125
BIH,Bosnia and Herzegovina,Europe,17116.928,78,.0003690068,"Agriculture, hunting, forestry and fishing",AtB,.37349537,EU27,94393.08627088915,0
BIH,Bosnia and Herzegovina,Europe,17116.928,78,.0003690068,"Agriculture, hunting, forestry and fishing",AtB,.37349537,RoW,65706.28645461018,0
BIH,Bosnia and Herzegovina,Europe,17116.928,78,.0003690068,Mining and quarrying,C,1.4879924,EU27,41924.49607078789,34.63400025467854
BIH,Bosnia and Herzegovina,Europe,17116.928,78,.0003690068,Mining and quarrying,C,1.4879924,RoW,21528.40465618309,306.2760009765625
BWA,Botswana,Africa,15082.635,73,.00047100903,"Food , beverages and tobacco",15t16,.35987267,EU27,33421.70114383008,0
BWA,Botswana,Africa,15082.635,73,.00047100903,"Food , beverages and tobacco",15t16,.35987267,RoW,107815.764245462,0
BWA,Botswana,Africa,15082.635,73,.00047100903,Textiles and textile,17t18,.34086084,EU27,56.74200040427968,0
BWA,Botswana,Africa,15082.635,73,.00047100903,Textiles and textile,17t18,.34086084,RoW,30428.76344065659,0
BWA,Botswana,Africa,15082.635,73,.00047100903,"Leather, leather and footwear",19,.19375706,EU27,27.88900103420019,0
BWA,Botswana,Africa,15082.635,73,.00047100903,"Leather, leather and footwear",19,.19375706,RoW,652.4520052131265,0
BWA,Botswana,Africa,15082.635,73,.00047100903,Wood and of wood and cork,20,.46805823,EU27,5.717000031843781,0
BWA,Botswana,Africa,15082.635,73,.00047100903,Wood and of wood and cork,20,.46805823,RoW,1637.203048296971,0
BWA,Botswana,Africa,15082.635,73,.00047100903,"Pulp, paper, paper , printing and publishing",21t22,.45346645,EU27,50.1419996691402,0
BWA,Botswana,Africa,15082.635,73,.00047100903,"Pulp, paper, paper , printing and publishing",21t22,.45346645,RoW,11384.1489298488,0
BWA,Botswana,Africa,15082.635,73,.00047100903,"Coke, refined petroleum and nuclear fuel",23,2.87748,RoW,4481.196075586602,0
BWA,Botswana,Africa,15082.635,73,.00047100903,Chemicals and chemical,24,1.4067867,EU27,427.1440160553902,0
BWA,Botswana,Africa,15082.635,73,.00047100903,Chemicals and chemical,24,1.4067867,RoW,66367.4240641346,173.5710009150207
BWA,Botswana,Africa,15082.635,73,.00047100903,Rubber and plastics,25,.2790187,EU27,70.24499889614526,0
BWA,Botswana,Africa,15082.635,73,.00047100903,Rubber and plastics,25,.2790187,RoW,27641.50957652612,0
BWA,Botswana,Africa,15082.635,73,.00047100903,Other non-metallic mineral,26,4.8430367,EU27,2.732000023126602,0
BWA,Botswana,Africa,15082.635,73,.00047100903,Other non-metallic mineral,26,4.8430367,RoW,7257.451008241391,1457.329965789802
BWA,Botswana,Africa,15082.635,73,.00047100903,Basic metals and fabricated metal,27t28,1.9624588,EU27,51421.00910426187,40.80100003071129
BWA,Botswana,Africa,15082.635,73,.00047100903,Basic metals and fabricated metal,27t28,1.9624588,RoW,263305.3777117974,19591.24210028653
BWA,Botswana,Africa,15082.635,73,.00047100903,"Machinery, nec",29,.19455881,EU27,1537.660997905768,0
BWA,Botswana,Africa,15082.635,73,.00047100903,"Machinery, nec",29,.19455881,RoW,43935.99579871166,159.2430002316833
BWA,Botswana,Africa,15082.635,73,.00047100903,Electrical and optical equipment,30t33,.20186955,EU27,2323.58699977072,0
BWA,Botswana,Africa,15082.635,73,.00047100903,Electrical and optical equipment,30t33,.20186955,RoW,139444.3770093772,0
BWA,Botswana,Africa,15082.635,73,.00047100903,Transport equipment,34t35,.29114175,EU27,964.3369889706373,0
BWA,Botswana,Africa,15082.635,73,.00047100903,Transport equipment,34t35,.29114175,RoW,43737.5300590694,0
BWA,Botswana,Africa,15082.635,73,.00047100903,Manufacturing nec; recycling,36t37,.26614583,EU27,72098.04574739933,0
BWA,Botswana,Africa,15082.635,73,.00047100903,Manufacturing nec; recycling,36t37,.26614583,RoW,352873.0418836962,981.786994934082
BWA,Botswana,Africa,15082.635,73,.00047100903,"Agriculture, hunting, forestry and fishing",AtB,.37349537,EU27,87.75300038000569,0
BWA,Botswana,Africa,15082.635,73,.00047100903,"Agriculture, hunting, forestry and fishing",AtB,.37349537,RoW,8375.913911934942,0
BWA,Botswana,Africa,15082.635,73,.00047100903,Mining and quarrying,C,1.4879924,EU27,1439805.417811774,0
BWA,Botswana,Africa,15082.635,73,.00047100903,Mining and quarrying,C,1.4879924,RoW,4566618.988326029,.9400000125169754
BRA,Brazil,Americas,1795693.3,16,.01228578,"Food , beverages and tobacco",15t16,.35987267,EU27,6515883.464082458,0
BRA,Brazil,Americas,1795693.3,16,.01228578,"Food , beverages and tobacco",15t16,.35987267,RoW,34052697.84591328,0
BRA,Brazil,Americas,1795693.3,16,.01228578,Textiles and textile,17t18,.34086084,EU27,87570.01101230469,0
BRA,Brazil,Americas,1795693.3,16,.01228578,Textiles and textile,17t18,.34086084,RoW,891194.6005083368,0
BRA,Brazil,Americas,1795693.3,16,.01228578,"Leather, leather and footwear",19,.19375706,EU27,761365.6185166737,0
BRA,Brazil,Americas,1795693.3,16,.01228578,"Leather, leather and footwear",19,.19375706,RoW,2543377.339526513,0
BRA,Brazil,Americas,1795693.3,16,.01228578,Wood and of wood and cork,20,.46805823,EU27,382951.2142626188,0
BRA,Brazil,Americas,1795693.3,16,.01228578,Wood and of wood and cork,20,.46805823,RoW,2013986.068437775,0
BRA,Brazil,Americas,1795693.3,16,.01228578,"Pulp, paper, paper , printing and publishing",21t22,.45346645,EU27,2028989.783713162,0
BRA,Brazil,Americas,1795693.3,16,.01228578,"Pulp, paper, paper , printing and publishing",21t22,.45346645,RoW,6108459.848861827,0
BRA,Brazil,Americas,1795693.3,16,.01228578,"Coke, refined petroleum and nuclear fuel",23,2.87748,EU27,260746.1259220392,0
BRA,Brazil,Americas,1795693.3,16,.01228578,"Coke, refined petroleum and nuclear fuel",23,2.87748,RoW,1163680.684442499,0
BRA,Brazil,Americas,1795693.3,16,.01228578,Chemicals and chemical,24,1.4067867,EU27,2045609.520679143,121294.1379656326
BRA,Brazil,Americas,1795693.3,16,.01228578,Chemicals and chemical,24,1.4067867,RoW,8464926.410553146,475636.5979480587
BRA,Brazil,Americas,1795693.3,16,.01228578,Rubber and plastics,25,.2790187,EU27,143351.8505439437,0
BRA,Brazil,Americas,1795693.3,16,.01228578,Rubber and plastics,25,.2790187,RoW,2180583.439575949,0
BRA,Brazil,Americas,1795693.3,16,.01228578,Other non-metallic mineral,26,4.8430367,EU27,125399.8582675721,5.768999993801117
BRA,Brazil,Americas,1795693.3,16,.01228578,Other non-metallic mineral,26,4.8430367,RoW,1929465.024593254,30298.76930442639
BRA,Brazil,Americas,1795693.3,16,.01228578,Basic metals and fabricated metal,27t28,1.9624588,EU27,3098133.394439913,1682994.320393865
BRA,Brazil,Americas,1795693.3,16,.01228578,Basic metals and fabricated metal,27t28,1.9624588,RoW,15194816.54926168,7321955.882509723
BRA,Brazil,Americas,1795693.3,16,.01228578,"Machinery, nec",29,.19455881,EU27,751621.8766651433,483.3330002268776
BRA,Brazil,Americas,1795693.3,16,.01228578,"Machinery, nec",29,.19455881,RoW,7525107.78583211,40875.74222109478
BRA,Brazil,Americas,1795693.3,16,.01228578,Electrical and optical equipment,30t33,.20186955,EU27,657634.5979439362,0
BRA,Brazil,Americas,1795693.3,16,.01228578,Electrical and optical equipment,30t33,.20186955,RoW,3693130.832205756,0
BRA,Brazil,Americas,1795693.3,16,.01228578,Transport equipment,34t35,.29114175,EU27,2147495.211224477,0
BRA,Brazil,Americas,1795693.3,16,.01228578,Transport equipment,34t35,.29114175,RoW,20130872.47127536,0
BRA,Brazil,Americas,1795693.3,16,.01228578,Manufacturing nec; recycling,36t37,.26614583,EU27,442717.2761457055,1031.557019233704
BRA,Brazil,Americas,1795693.3,16,.01228578,Manufacturing nec; recycling,36t37,.26614583,RoW,1877322.058802235,64828.8911151886
BRA,Brazil,Americas,1795693.3,16,.01228578,"Agriculture, hunting, forestry and fishing",AtB,.37349537,EU27,6068428.806702161,0
BRA,Brazil,Americas,1795693.3,16,.01228578,"Agriculture, hunting, forestry and fishing",AtB,.37349537,RoW,28197956.61320486,0
BRA,Brazil,Americas,1795693.3,16,.01228578,Mining and quarrying,C,1.4879924,EU27,4210926.262531992,759397.5264586061
BRA,Brazil,Americas,1795693.3,16,.01228578,Mining and quarrying,C,1.4879924,RoW,24149358.03194698,1340158.983121306
BRN,Brunei,Asia,11400.268,84,.00031399104,"Food , beverages and tobacco",15t16,.35987267,EU27,.1429999971296638,0
BRN,Brunei,Asia,11400.268,84,.00031399104,"Food , beverages and tobacco",15t16,.35987267,RoW,7865.0550043002,0
BRN,Brunei,Asia,11400.268,84,.00031399104,Textiles and textile,17t18,.34086084,EU27,343.2199981312733,0
BRN,Brunei,Asia,11400.268,84,.00031399104,Textiles and textile,17t18,.34086084,RoW,10901.45808844315,0
BRN,Brunei,Asia,11400.268,84,.00031399104,"Leather, leather and footwear",19,.19375706,EU27,31.82000010833144,0
BRN,Brunei,Asia,11400.268,84,.00031399104,"Leather, leather and footwear",19,.19375706,RoW,2778.074980994104,0
BRN,Brunei,Asia,11400.268,84,.00031399104,Wood and of wood and cork,20,.46805823,EU27,854.9660012722015,0
BRN,Brunei,Asia,11400.268,84,.00031399104,Wood and of wood and cork,20,.46805823,RoW,1849.673017668538,0
BRN,Brunei,Asia,11400.268,84,.00031399104,"Pulp, paper, paper , printing and publishing",21t22,.45346645,EU27,5.681999983848073,0
BRN,Brunei,Asia,11400.268,84,.00031399104,"Pulp, paper, paper , printing and publishing",21t22,.45346645,RoW,1506.111992280465,0
BRN,Brunei,Asia,11400.268,84,.00031399104,"Coke, refined petroleum and nuclear fuel",23,2.87748,EU27,42.87900176958647,0
BRN,Brunei,Asia,11400.268,84,.00031399104,"Coke, refined petroleum and nuclear fuel",23,2.87748,RoW,891.2099931797711,0
BRN,Brunei,Asia,11400.268,84,.00031399104,Chemicals and chemical,24,1.4067867,EU27,104.7360007948009,.1220000013709068
BRN,Brunei,Asia,11400.268,84,.00031399104,Chemicals and chemical,24,1.4067867,RoW,196568.4339975803,65.30499985069036
BRN,Brunei,Asia,11400.268,84,.00031399104,Rubber and plastics,25,.2790187,EU27,694.573024379788,0
BRN,Brunei,Asia,11400.268,84,.00031399104,Rubber and plastics,25,.2790187,RoW,4161.171996757737,0
BRN,Brunei,Asia,11400.268,84,.00031399104,Other non-metallic mineral,26,4.8430367,EU27,5.88300001132302,3.362000003457069
BRN,Brunei,Asia,11400.268,84,.00031399104,Other non-metallic mineral,26,4.8430367,RoW,1880.153016762459,28.49600025266409
BRN,Brunei,Asia,11400.268,84,.00031399104,Basic metals and fabricated metal,27t28,1.9624588,EU27,421.6609990040306,142.0059991045855
BRN,Brunei,Asia,11400.268,84,.00031399104,Basic metals and fabricated metal,27t28,1.9624588,RoW,29558.41124520695,22732.64918257622
BRN,Brunei,Asia,11400.268,84,.00031399104,"Machinery, nec",29,.19455881,EU27,1172.973990911618,0
BRN,Brunei,Asia,11400.268,84,.00031399104,"Machinery, nec",29,.19455881,RoW,84344.44534515974,96.21399795077741
BRN,Brunei,Asia,11400.268,84,.00031399104,Electrical and optical equipment,30t33,.20186955,EU27,3571.624010277796,0
BRN,Brunei,Asia,11400.268,84,.00031399104,Electrical and optical equipment,30t33,.20186955,RoW,86548.03827244614,0
BRN,Brunei,Asia,11400.268,84,.00031399104,Transport equipment,34t35,.29114175,EU27,20015.72640508926,0
BRN,Brunei,Asia,11400.268,84,.00031399104,Transport equipment,34t35,.29114175,RoW,79022.70338320639,0
BRN,Brunei,Asia,11400.268,84,.00031399104,Manufacturing nec; recycling,36t37,.26614583,EU27,49.18199951387942,0
BRN,Brunei,Asia,11400.268,84,.00031399104,Manufacturing nec; recycling,36t37,.26614583,RoW,67184.89155616856,2847.341003417969
BRN,Brunei,Asia,11400.268,84,.00031399104,"Agriculture, hunting, forestry and fishing",AtB,.37349537,EU27,129.5819981703535,0
BRN,Brunei,Asia,11400.268,84,.00031399104,"Agriculture, hunting, forestry and fishing",AtB,.37349537,RoW,2389.902997700381,0
BRN,Brunei,Asia,11400.268,84,.00031399104,Mining and quarrying,C,1.4879924,EU27,.2779999971389771,0
BRN,Brunei,Asia,11400.268,84,.00031399104,Mining and quarrying,C,1.4879924,RoW,4247045.365501884,0
BFA,Burkina Faso,Africa,12833.362,87,.00027420011,"Food , beverages and tobacco",15t16,.35987267,EU27,9563.578043099493,0
BFA,Burkina Faso,Africa,12833.362,87,.00027420011,"Food , beverages and tobacco",15t16,.35987267,RoW,23109.4218968862,0
BFA,Burkina Faso,Africa,12833.362,87,.00027420011,Textiles and textile,17t18,.34086084,EU27,2092.556008858141,0
BFA,Burkina Faso,Africa,12833.362,87,.00027420011,Textiles and textile,17t18,.34086084,RoW,31486.33513568901,0
BFA,Burkina Faso,Africa,12833.362,87,.00027420011,"Leather, leather and footwear",19,.19375706,EU27,21.66799982171506,0
BFA,Burkina Faso,Africa,12833.362,87,.00027420011,"Leather, leather and footwear",19,.19375706,RoW,234.976996967569,0
BFA,Burkina Faso,Africa,12833.362,87,.00027420011,Wood and of wood and cork,20,.46805823,EU27,118.1420017210767,0
BFA,Burkina Faso,Africa,12833.362,87,.00027420011,Wood and of wood and cork,20,.46805823,RoW,517.8349897731096,0
BFA,Burkina Faso,Africa,12833.362,87,.00027420011,"Pulp, paper, paper , printing and publishing",21t22,.45346645,EU27,36.19300041906536,0
BFA,Burkina Faso,Africa,12833.362,87,.00027420011,"Pulp, paper, paper , printing and publishing",21t22,.45346645,RoW,325.5499996291474,0
BFA,Burkina Faso,Africa,12833.362,87,.00027420011,"Coke, refined petroleum and nuclear fuel",23,2.87748,EU27,1363.908972382545,0
BFA,Burkina Faso,Africa,12833.362,87,.00027420011,"Coke, refined petroleum and nuclear fuel",23,2.87748,RoW,7924.557000002824,0
BFA,Burkina Faso,Africa,12833.362,87,.00027420011,Chemicals and chemical,24,1.4067867,EU27,2634.303965173662,2153.302978515625
BFA,Burkina Faso,Africa,12833.362,87,.00027420011,Chemicals and chemical,24,1.4067867,RoW,26160.21579991863,4391.532064378262
BFA,Burkina Faso,Africa,12833.362,87,.00027420011,Rubber and plastics,25,.2790187,EU27,471.3440082594752,0
BFA,Burkina Faso,Africa,12833.362,87,.00027420011,Rubber and plastics,25,.2790187,RoW,6960.389958141372,0
BFA,Burkina Faso,Africa,12833.362,87,.00027420011,Other non-metallic mineral,26,4.8430367,EU27,56.20000001322478,0
BFA,Burkina Faso,Africa,12833.362,87,.00027420011,Other non-metallic mineral,26,4.8430367,RoW,3045.293006176013,2607.439009040594
BFA,Burkina Faso,Africa,12833.362,87,.00027420011,Basic metals and fabricated metal,27t28,1.9624588,EU27,2898.187958460301,591.6839876249433
BFA,Burkina Faso,Africa,12833.362,87,.00027420011,Basic metals and fabricated metal,27t28,1.9624588,RoW,3072140.615748075,11405.72400367446
BFA,Burkina Faso,Africa,12833.362,87,.00027420011,"Machinery, nec",29,.19455881,EU27,2497.698000452481,.0060000000521541
BFA,Burkina Faso,Africa,12833.362,87,.00027420011,"Machinery, nec",29,.19455881,RoW,25766.24697975069,2.593000046908855
BFA,Burkina Faso,Africa,12833.362,87,.00027420011,Electrical and optical equipment,30t33,.20186955,EU27,531.0239978814498,0
BFA,Burkina Faso,Africa,12833.362,87,.00027420011,Electrical and optical equipment,30t33,.20186955,RoW,2819.992985052057,0
BFA,Burkina Faso,Africa,12833.362,87,.00027420011,Transport equipment,34t35,.29114175,EU27,3772.064021319151,0
BFA,Burkina Faso,Africa,12833.362,87,.00027420011,Transport equipment,34t35,.29114175,RoW,18402.64095431659,0
BFA,Burkina Faso,Africa,12833.362,87,.00027420011,Manufacturing nec; recycling,36t37,.26614583,EU27,1410.739985525608,0
BFA,Burkina Faso,Africa,12833.362,87,.00027420011,Manufacturing nec; recycling,36t37,.26614583,RoW,14947.03136487119,0
BFA,Burkina Faso,Africa,12833.362,87,.00027420011,"Agriculture, hunting, forestry and fishing",AtB,.37349537,EU27,149552.8563635219,0
BFA,Burkina Faso,Africa,12833.362,87,.00027420011,"Agriculture, hunting, forestry and fishing",AtB,.37349537,RoW,734456.4250196305,0
BFA,Burkina Faso,Africa,12833.362,87,.00027420011,Mining and quarrying,C,1.4879924,EU27,68331.04348456301,0
BFA,Burkina Faso,Africa,12833.362,87,.00027420011,Mining and quarrying,C,1.4879924,RoW,23422.6908783,0
KHM,Cambodia,Asia,26468.107,47,.0012684395,"Food , beverages and tobacco",15t16,.35987267,EU27,220490.1196692381,0
KHM,Cambodia,Asia,26468.107,47,.0012684395,"Food , beverages and tobacco",15t16,.35987267,RoW,397361.4832475082,0
KHM,Cambodia,Asia,26468.107,47,.0012684395,Textiles and textile,17t18,.34086084,EU27,4502267.911949681,0
KHM,Cambodia,Asia,26468.107,47,.0012684395,Textiles and textile,17t18,.34086084,RoW,7542716.868739593,0
KHM,Cambodia,Asia,26468.107,47,.0012684395,"Leather, leather and footwear",19,.19375706,EU27,774589.6858126589,0
KHM,Cambodia,Asia,26468.107,47,.0012684395,"Leather, leather and footwear",19,.19375706,RoW,1546900.274817213,0
KHM,Cambodia,Asia,26468.107,47,.0012684395,Wood and of wood and cork,20,.46805823,EU27,101.2640012763441,0
KHM,Cambodia,Asia,26468.107,47,.0012684395,Wood and of wood and cork,20,.46805823,RoW,220912.1453921869,0
KHM,Cambodia,Asia,26468.107,47,.0012684395,"Pulp, paper, paper , printing and publishing",21t22,.45346645,EU27,476.6880011683097,0
KHM,Cambodia,Asia,26468.107,47,.0012684395,"Pulp, paper, paper , printing and publishing",21t22,.45346645,RoW,15591.53585543449,0
KHM,Cambodia,Asia,26468.107,47,.0012684395,"Coke, refined petroleum and nuclear fuel",23,2.87748,EU27,.0450000017881393,0
KHM,Cambodia,Asia,26468.107,47,.0012684395,"Coke, refined petroleum and nuclear fuel",23,2.87748,RoW,3243.071986991912,0
KHM,Cambodia,Asia,26468.107,47,.0012684395,Chemicals and chemical,24,1.4067867,EU27,17257.68889279896,0
KHM,Cambodia,Asia,26468.107,47,.0012684395,Chemicals and chemical,24,1.4067867,RoW,20730.35711624741,69.13200378417969
KHM,Cambodia,Asia,26468.107,47,.0012684395,Rubber and plastics,25,.2790187,EU27,7195.885054524755,0
KHM,Cambodia,Asia,26468.107,47,.0012684395,Rubber and plastics,25,.2790187,RoW,130800.5460643205,0
KHM,Cambodia,Asia,26468.107,47,.0012684395,Other non-metallic mineral,26,4.8430367,EU27,149.2959995307028,0
KHM,Cambodia,Asia,26468.107,47,.0012684395,Other non-metallic mineral,26,4.8430367,RoW,2967.653950049309,.0010000000474975
KHM,Cambodia,Asia,26468.107,47,.0012684395,Basic metals and fabricated metal,27t28,1.9624588,EU27,6799.598937384202,4871.107945428579
KHM,Cambodia,Asia,26468.107,47,.0012684395,Basic metals and fabricated metal,27t28,1.9624588,RoW,790929.6673450323,71130.23171152873
KHM,Cambodia,Asia,26468.107,47,.0012684395,"Machinery, nec",29,.19455881,EU27,2099.099957996048,3.716999932192266
KHM,Cambodia,Asia,26468.107,47,.0012684395,"Machinery, nec",29,.19455881,RoW,34438.27594711888,4.887999922037125
KHM,Cambodia,Asia,26468.107,47,.0012684395,Electrical and optical equipment,30t33,.20186955,EU27,13305.13388300152,0
KHM,Cambodia,Asia,26468.107,47,.0012684395,Electrical and optical equipment,30t33,.20186955,RoW,666541.0649442995,0
KHM,Cambodia,Asia,26468.107,47,.0012684395,Transport equipment,34t35,.29114175,EU27,223483.6145290406,0
KHM,Cambodia,Asia,26468.107,47,.0012684395,Transport equipment,34t35,.29114175,RoW,167512.4558310071,0
KHM,Cambodia,Asia,26468.107,47,.0012684395,Manufacturing nec; recycling,36t37,.26614583,EU27,18822.62921512919,0
KHM,Cambodia,Asia,26468.107,47,.0012684395,Manufacturing nec; recycling,36t37,.26614583,RoW,1323185.848103284,31094.1685628891
KHM,Cambodia,Asia,26468.107,47,.0012684395,"Agriculture, hunting, forestry and fishing",AtB,.37349537,EU27,8458.763059834484,0
KHM,Cambodia,Asia,26468.107,47,.0012684395,"Agriculture, hunting, forestry and fishing",AtB,.37349537,RoW,879573.3044503719,0
KHM,Cambodia,Asia,26468.107,47,.0012684395,Mining and quarrying,C,1.4879924,EU27,2008.282017569989,0
KHM,Cambodia,Asia,26468.107,47,.0012684395,Mining and quarrying,C,1.4879924,RoW,59624.22861309338,.0010000000474975
CMR,Cameroon,Africa,33814.336,91,.0002479165,"Food , beverages and tobacco",15t16,.35987267,EU27,82413.47012943309,0
CMR,Cameroon,Africa,33814.336,91,.0002479165,"Food , beverages and tobacco",15t16,.35987267,RoW,103144.6087632314,0
CMR,Cameroon,Africa,33814.336,91,.0002479165,Textiles and textile,17t18,.34086084,EU27,522.6029993048869,0
CMR,Cameroon,Africa,33814.336,91,.0002479165,Textiles and textile,17t18,.34086084,RoW,6901.336080926703,0
CMR,Cameroon,Africa,33814.336,91,.0002479165,"Leather, leather and footwear",19,.19375706,EU27,513.6059983016457,0
CMR,Cameroon,Africa,33814.336,91,.0002479165,"Leather, leather and footwear",19,.19375706,RoW,1068.942985060974,0
CMR,Cameroon,Africa,33814.336,91,.0002479165,Wood and of wood and cork,20,.46805823,EU27,246559.4961127136,0
CMR,Cameroon,Africa,33814.336,91,.0002479165,Wood and of wood and cork,20,.46805823,RoW,212467.2499214066,0
CMR,Cameroon,Africa,33814.336,91,.0002479165,"Pulp, paper, paper , printing and publishing",21t22,.45346645,EU27,145.4269964536652,0
CMR,Cameroon,Africa,33814.336,91,.0002479165,"Pulp, paper, paper , printing and publishing",21t22,.45346645,RoW,4088.194988118485,0
CMR,Cameroon,Africa,33814.336,91,.0002479165,"Coke, refined petroleum and nuclear fuel",23,2.87748,EU27,19355.96128486656,0
CMR,Cameroon,Africa,33814.336,91,.0002479165,"Coke, refined petroleum and nuclear fuel",23,2.87748,RoW,138206.53323782,0
CMR,Cameroon,Africa,33814.336,91,.0002479165,Chemicals and chemical,24,1.4067867,EU27,5442.72200569883,0
CMR,Cameroon,Africa,33814.336,91,.0002479165,Chemicals and chemical,24,1.4067867,RoW,98216.2862299548,1788.903008554131
CMR,Cameroon,Africa,33814.336,91,.0002479165,Rubber and plastics,25,.2790187,EU27,291.0190048369113,0
CMR,Cameroon,Africa,33814.336,91,.0002479165,Rubber and plastics,25,.2790187,RoW,7648.584006395773,0
CMR,Cameroon,Africa,33814.336,91,.0002479165,Other non-metallic mineral,26,4.8430367,EU27,47.32300037238747,.0469999983906746
CMR,Cameroon,Africa,33814.336,91,.0002479165,Other non-metallic mineral,26,4.8430367,RoW,16641.47381017031,2727.947957027704
CMR,Cameroon,Africa,33814.336,91,.0002479165,Basic metals and fabricated metal,27t28,1.9624588,EU27,144994.1803988442,112137.2937018964
CMR,Cameroon,Africa,33814.336,91,.0002479165,Basic metals and fabricated metal,27t28,1.9624588,RoW,156504.3684414416,43390.76900985197
CMR,Cameroon,Africa,33814.336,91,.0002479165,"Machinery, nec",29,.19455881,EU27,5751.666948615573,10.66199994087219
CMR,Cameroon,Africa,33814.336,91,.0002479165,"Machinery, nec",29,.19455881,RoW,17572.41202085372,74.87500093132257
CMR,Cameroon,Africa,33814.336,91,.0002479165,Electrical and optical equipment,30t33,.20186955,EU27,2102.503996992134,0
CMR,Cameroon,Africa,33814.336,91,.0002479165,Electrical and optical equipment,30t33,.20186955,RoW,25864.34284516273,0
CMR,Cameroon,Africa,33814.336,91,.0002479165,Transport equipment,34t35,.29114175,EU27,2928.630902127828,0
CMR,Cameroon,Africa,33814.336,91,.0002479165,Transport equipment,34t35,.29114175,RoW,17516.12422533706,0
CMR,Cameroon,Africa,33814.336,91,.0002479165,Manufacturing nec; recycling,36t37,.26614583,EU27,2974.484033131041,0
CMR,Cameroon,Africa,33814.336,91,.0002479165,Manufacturing nec; recycling,36t37,.26614583,RoW,12886.27604000957,136.0159969329834
CMR,Cameroon,Africa,33814.336,91,.0002479165,"Agriculture, hunting, forestry and fishing",AtB,.37349537,EU27,745155.2133842882,0
CMR,Cameroon,Africa,33814.336,91,.0002479165,"Agriculture, hunting, forestry and fishing",AtB,.37349537,RoW,781809.1950198392,0
CMR,Cameroon,Africa,33814.336,91,.0002479165,Mining and quarrying,C,1.4879924,EU27,559250.440979645,17.86599972844124
CMR,Cameroon,Africa,33814.336,91,.0002479165,Mining and quarrying,C,1.4879924,RoW,411939.7089369351,12.34900047257543
CAN,Canada,Americas,1527996.3,7,.024254536,"Food , beverages and tobacco",15t16,.35987267,EU27,763152.560184609,0
CAN,Canada,Americas,1527996.3,7,.024254536,"Food , beverages and tobacco",15t16,.35987267,RoW,24810571.60397223,0
CAN,Canada,Americas,1527996.3,7,.024254536,Textiles and textile,17t18,.34086084,EU27,126120.3577089787,0
CAN,Canada,Americas,1527996.3,7,.024254536,Textiles and textile,17t18,.34086084,RoW,2574768.751791641,0
CAN,Canada,Americas,1527996.3,7,.024254536,"Leather, leather and footwear",19,.19375706,EU27,22786.5471411288,0
CAN,Canada,Americas,1527996.3,7,.024254536,"Leather, leather and footwear",19,.19375706,RoW,475352.2547494096,0
CAN,Canada,Americas,1527996.3,7,.024254536,Wood and of wood and cork,20,.46805823,EU27,131494.6993687268,0
CAN,Canada,Americas,1527996.3,7,.024254536,Wood and of wood and cork,20,.46805823,RoW,12062862.36030152,0
CAN,Canada,Americas,1527996.3,7,.024254536,"Pulp, paper, paper , printing and publishing",21t22,.45346645,EU27,460412.3390219691,0
CAN,Canada,Americas,1527996.3,7,.024254536,"Pulp, paper, paper , printing and publishing",21t22,.45346645,RoW,13918991.0751895,0
CAN,Canada,Americas,1527996.3,7,.024254536,"Coke, refined petroleum and nuclear fuel",23,2.87748,EU27,708866.204694787,0
CAN,Canada,Americas,1527996.3,7,.024254536,"Coke, refined petroleum and nuclear fuel",23,2.87748,RoW,11098240.9846021,0
CAN,Canada,Americas,1527996.3,7,.024254536,Chemicals and chemical,24,1.4067867,EU27,1743065.993260218,10796.04513025086
CAN,Canada,Americas,1527996.3,7,.024254536,Chemicals and chemical,24,1.4067867,RoW,30154806.06373312,1474021.340843843
CAN,Canada,Americas,1527996.3,7,.024254536,Rubber and plastics,25,.2790187,EU27,166568.4966236054,0
CAN,Canada,Americas,1527996.3,7,.024254536,Rubber and plastics,25,.2790187,RoW,9186231.460391741,0
CAN,Canada,Americas,1527996.3,7,.024254536,Other non-metallic mineral,26,4.8430367,EU27,50380.37599195749,1276.797023415565
CAN,Canada,Americas,1527996.3,7,.024254536,Other non-metallic mineral,26,4.8430367,RoW,2370027.709016865,364590.6250088988
CAN,Canada,Americas,1527996.3,7,.024254536,Basic metals and fabricated metal,27t28,1.9624588,EU27,1234675.56075987,386364.2531080872
CAN,Canada,Americas,1527996.3,7,.024254536,Basic metals and fabricated metal,27t28,1.9624588,RoW,40737328.42405783,15513687.10187358
CAN,Canada,Americas,1527996.3,7,.024254536,"Machinery, nec",29,.19455881,EU27,1414133.902639032,15532.32399525377
CAN,Canada,Americas,1527996.3,7,.024254536,"Machinery, nec",29,.19455881,RoW,20550176.24523122,260747.66013753
CAN,Canada,Americas,1527996.3,7,.024254536,Electrical and optical equipment,30t33,.20186955,EU27,1740615.623529106,0
CAN,Canada,Americas,1527996.3,7,.024254536,Electrical and optical equipment,30t33,.20186955,RoW,19454585.17724971,0
CAN,Canada,Americas,1527996.3,7,.024254536,Transport equipment,34t35,.29114175,EU27,3861015.908465832,0
CAN,Canada,Americas,1527996.3,7,.024254536,Transport equipment,34t35,.29114175,RoW,78946182.80344853,0
CAN,Canada,Americas,1527996.3,7,.024254536,Manufacturing nec; recycling,36t37,.26614583,EU27,619147.8075179433,771.3419919013977
CAN,Canada,Americas,1527996.3,7,.024254536,Manufacturing nec; recycling,36t37,.26614583,RoW,13525502.83951034,2860737.626736879
CAN,Canada,Americas,1527996.3,7,.024254536,"Agriculture, hunting, forestry and fishing",AtB,.37349537,EU27,1777613.92098131,0
CAN,Canada,Americas,1527996.3,7,.024254536,"Agriculture, hunting, forestry and fishing",AtB,.37349537,RoW,21823972.19786025,0
CAN,Canada,Americas,1527996.3,7,.024254536,Mining and quarrying,C,1.4879924,EU27,3239830.638321745,645650.7116628271
CAN,Canada,Americas,1527996.3,7,.024254536,Mining and quarrying,C,1.4879924,RoW,55043251.07060683,642741.8133689836
CHL,Chile,Americas,249298.7,26,.0039737057,"Food , beverages and tobacco",15t16,.35987267,EU27,1170153.740214024,0
CHL,Chile,Americas,249298.7,26,.0039737057,"Food , beverages and tobacco",15t16,.35987267,RoW,8582761.721633796,0
CHL,Chile,Americas,249298.7,26,.0039737057,Textiles and textile,17t18,.34086084,EU27,14546.28461009986,0
CHL,Chile,Americas,249298.7,26,.0039737057,Textiles and textile,17t18,.34086084,RoW,236025.8586757919,0
CHL,Chile,Americas,249298.7,26,.0039737057,"Leather, leather and footwear",19,.19375706,EU27,8690.600224946509,0
CHL,Chile,Americas,249298.7,26,.0039737057,"Leather, leather and footwear",19,.19375706,RoW,54485.43688207993,0
CHL,Chile,Americas,249298.7,26,.0039737057,Wood and of wood and cork,20,.46805823,EU27,78212.59855305729,0
CHL,Chile,Americas,249298.7,26,.0039737057,Wood and of wood and cork,20,.46805823,RoW,2246021.277018294,0
CHL,Chile,Americas,249298.7,26,.0039737057,"Pulp, paper, paper , printing and publishing",21t22,.45346645,EU27,431979.2503547849,0
CHL,Chile,Americas,249298.7,26,.0039737057,"Pulp, paper, paper , printing and publishing",21t22,.45346645,RoW,2627611.071009917,0
CHL,Chile,Americas,249298.7,26,.0039737057,"Coke, refined petroleum and nuclear fuel",23,2.87748,EU27,1644.872976665851,0
CHL,Chile,Americas,249298.7,26,.0039737057,"Coke, refined petroleum and nuclear fuel",23,2.87748,RoW,201929.8358178469,0
CHL,Chile,Americas,249298.7,26,.0039737057,Chemicals and chemical,24,1.4067867,EU27,793744.7374845351,202432.2167816162
CHL,Chile,Americas,249298.7,26,.0039737057,Chemicals and chemical,24,1.4067867,RoW,2381614.044300426,429448.347475808
CHL,Chile,Americas,249298.7,26,.0039737057,Rubber and plastics,25,.2790187,EU27,9301.259104038356,0
CHL,Chile,Americas,249298.7,26,.0039737057,Rubber and plastics,25,.2790187,RoW,616533.5840154128,0
CHL,Chile,Americas,249298.7,26,.0039737057,Other non-metallic mineral,26,4.8430367,EU27,1870.652019922971,.0740000009536743
CHL,Chile,Americas,249298.7,26,.0039737057,Other non-metallic mineral,26,4.8430367,RoW,81432.95220121124,828.5339844020782
CHL,Chile,Americas,249298.7,26,.0039737057,Basic metals and fabricated metal,27t28,1.9624588,EU27,1895375.6924518,7624.067946424824
CHL,Chile,Americas,249298.7,26,.0039737057,Basic metals and fabricated metal,27t28,1.9624588,RoW,15023327.95468621,434276.6864073627
CHL,Chile,Americas,249298.7,26,.0039737057,"Machinery, nec",29,.19455881,EU27,38118.5726707509,246.511003522086
CHL,Chile,Americas,249298.7,26,.0039737057,"Machinery, nec",29,.19455881,RoW,516303.4176154403,5931.905056031421
CHL,Chile,Americas,249298.7,26,.0039737057,Electrical and optical equipment,30t33,.20186955,EU27,31560.61888532725,0
CHL,Chile,Americas,249298.7,26,.0039737057,Electrical and optical equipment,30t33,.20186955,RoW,457495.1799921545,0
CHL,Chile,Americas,249298.7,26,.0039737057,Transport equipment,34t35,.29114175,EU27,150731.1610596856,0
CHL,Chile,Americas,249298.7,26,.0039737057,Transport equipment,34t35,.29114175,RoW,414278.4742162308,0
CHL,Chile,Americas,249298.7,26,.0039737057,Manufacturing nec; recycling,36t37,.26614583,EU27,101817.9722014184,1037.705009460449
CHL,Chile,Americas,249298.7,26,.0039737057,Manufacturing nec; recycling,36t37,.26614583,RoW,1251837.41351248,42585.15237045288
CHL,Chile,Americas,249298.7,26,.0039737057,"Agriculture, hunting, forestry and fishing",AtB,.37349537,EU27,1155532.761399001,0
CHL,Chile,Americas,249298.7,26,.0039737057,"Agriculture, hunting, forestry and fishing",AtB,.37349537,RoW,6075470.471565209,0
CHL,Chile,Americas,249298.7,26,.0039737057,Mining and quarrying,C,1.4879924,EU27,1694114.786496561,0
CHL,Chile,Americas,249298.7,26,.0039737057,Mining and quarrying,C,1.4879924,RoW,13059082.5031294,222417.7472219048
CHN,China,Asia,11233315,1,.1438645,"Food , beverages and tobacco",15t16,.35987267,EU27,4366793.401423318,0
CHN,China,Asia,11233315,1,.1438645,"Food , beverages and tobacco",15t16,.35987267,RoW,42742104.17737696,0
CHN,China,Asia,11233315,1,.1438645,Textiles and textile,17t18,.34086084,EU27,42469309.50386363,0
CHN,China,Asia,11233315,1,.1438645,Textiles and textile,17t18,.34086084,RoW,211331992.8554792,0
CHN,China,Asia,11233315,1,.1438645,"Leather, leather and footwear",19,.19375706,EU27,14889227.4958405,0
CHN,China,Asia,11233315,1,.1438645,"Leather, leather and footwear",19,.19375706,RoW,61535481.2087737,0
CHN,China,Asia,11233315,1,.1438645,Wood and of wood and cork,20,.46805823,EU27,2342142.29045196,0
CHN,China,Asia,11233315,1,.1438645,Wood and of wood and cork,20,.46805823,RoW,13720567.41460191,0
CHN,China,Asia,11233315,1,.1438645,"Pulp, paper, paper , printing and publishing",21t22,.45346645,EU27,2348606.590661425,0
CHN,China,Asia,11233315,1,.1438645,"Pulp, paper, paper , printing and publishing",21t22,.45346645,RoW,22731631.53160962,0
CHN,China,Asia,11233315,1,.1438645,"Coke, refined petroleum and nuclear fuel",23,2.87748,EU27,701179.7397865345,0
CHN,China,Asia,11233315,1,.1438645,"Coke, refined petroleum and nuclear fuel",23,2.87748,RoW,20357754.73878485,0
CHN,China,Asia,11233315,1,.1438645,Chemicals and chemical,24,1.4067867,EU27,17485824.49418715,214899.6186756622
CHN,China,Asia,11233315,1,.1438645,Chemicals and chemical,24,1.4067867,RoW,112157390.4714194,8065663.130854099
CHN,China,Asia,11233315,1,.1438645,Rubber and plastics,25,.2790187,EU27,10556427.79228663,0
CHN,China,Asia,11233315,1,.1438645,Rubber and plastics,25,.2790187,RoW,63712963.77052936,0
CHN,China,Asia,11233315,1,.1438645,Other non-metallic mineral,26,4.8430367,EU27,5294174.404657557,7992.719045240432
CHN,China,Asia,11233315,1,.1438645,Other non-metallic mineral,26,4.8430367,RoW,40626810.29382209,760072.4030537466
CHN,China,Asia,11233315,1,.1438645,Basic metals and fabricated metal,27t28,1.9624588,EU27,20731141.99103085,12741372.46110277
CHN,China,Asia,11233315,1,.1438645,Basic metals and fabricated metal,27t28,1.9624588,RoW,152048063.408576,110847329.7302954
CHN,China,Asia,11233315,1,.1438645,"Machinery, nec",29,.19455881,EU27,37173586.99323618,736791.5262439921
CHN,China,Asia,11233315,1,.1438645,"Machinery, nec",29,.19455881,RoW,182874491.7016205,3964701.820121577
CHN,China,Asia,11233315,1,.1438645,Electrical and optical equipment,30t33,.20186955,EU27,130537221.3507703,0
CHN,China,Asia,11233315,1,.1438645,Electrical and optical equipment,30t33,.20186955,RoW,733637334.0680227,0
CHN,China,Asia,11233315,1,.1438645,Transport equipment,34t35,.29114175,EU27,13023759.87711989,0
CHN,China,Asia,11233315,1,.1438645,Transport equipment,34t35,.29114175,RoW,85422537.78373572,0
CHN,China,Asia,11233315,1,.1438645,Manufacturing nec; recycling,36t37,.26614583,EU27,24708298.64923949,97.30700138956308
CHN,China,Asia,11233315,1,.1438645,Manufacturing nec; recycling,36t37,.26614583,RoW,126146985.7671362,1421934.35690356
CHN,China,Asia,11233315,1,.1438645,"Agriculture, hunting, forestry and fishing",AtB,.37349537,EU27,2310782.380120273,0
CHN,China,Asia,11233315,1,.1438645,"Agriculture, hunting, forestry and fishing",AtB,.37349537,RoW,19014946.08546949,0
CHN,China,Asia,11233315,1,.1438645,Mining and quarrying,C,1.4879924,EU27,495034.4642799522,5077.633048286545
CHN,China,Asia,11233315,1,.1438645,Mining and quarrying,C,1.4879924,RoW,5568683.66352741,167088.3043569177
COL,Colombia,Americas,282720.09,37,.0020944851,"Food , beverages and tobacco",15t16,.35987267,EU27,403586.6672763074,0
COL,Colombia,Americas,282720.09,37,.0020944851,"Food , beverages and tobacco",15t16,.35987267,RoW,1471335.567596198,0
COL,Colombia,Americas,282720.09,37,.0020944851,Textiles and textile,17t18,.34086084,EU27,36951.30072730815,0
COL,Colombia,Americas,282720.09,37,.0020944851,Textiles and textile,17t18,.34086084,RoW,670635.5822346568,0
COL,Colombia,Americas,282720.09,37,.0020944851,"Leather, leather and footwear",19,.19375706,EU27,32372.27589431219,0
COL,Colombia,Americas,282720.09,37,.0020944851,"Leather, leather and footwear",19,.19375706,RoW,152391.421300295,0
COL,Colombia,Americas,282720.09,37,.0020944851,Wood and of wood and cork,20,.46805823,EU27,495.269001994282,0
COL,Colombia,Americas,282720.09,37,.0020944851,Wood and of wood and cork,20,.46805823,RoW,22390.89786751929,0
COL,Colombia,Americas,282720.09,37,.0020944851,"Pulp, paper, paper , printing and publishing",21t22,.45346645,EU27,3081.734009640408,0
COL,Colombia,Americas,282720.09,37,.0020944851,"Pulp, paper, paper , printing and publishing",21t22,.45346645,RoW,397128.6326179324,0
COL,Colombia,Americas,282720.09,37,.0020944851,"Coke, refined petroleum and nuclear fuel",23,2.87748,EU27,199479.3699680637,0
COL,Colombia,Americas,282720.09,37,.0020944851,"Coke, refined petroleum and nuclear fuel",23,2.87748,RoW,2091202.775062496,0
COL,Colombia,Americas,282720.09,37,.0020944851,Chemicals and chemical,24,1.4067867,EU27,36702.7369307389,149.7709966264665
COL,Colombia,Americas,282720.09,37,.0020944851,Chemicals and chemical,24,1.4067867,RoW,2794356.970577035,135714.4086378298
COL,Colombia,Americas,282720.09,37,.0020944851,Rubber and plastics,25,.2790187,EU27,35720.77043553221,0
COL,Colombia,Americas,282720.09,37,.0020944851,Rubber and plastics,25,.2790187,RoW,515260.0353910461,0
COL,Colombia,Americas,282720.09,37,.0020944851,Other non-metallic mineral,26,4.8430367,EU27,8417.624034316046,239.9050064419862
COL,Colombia,Americas,282720.09,37,.0020944851,Other non-metallic mineral,26,4.8430367,RoW,309771.1287721209,19326.9770196015
COL,Colombia,Americas,282720.09,37,.0020944851,Basic metals and fabricated metal,27t28,1.9624588,EU27,33815.47353024036,24594.18244155531
COL,Colombia,Americas,282720.09,37,.0020944851,Basic metals and fabricated metal,27t28,1.9624588,RoW,2026798.38441096,689726.172265498
COL,Colombia,Americas,282720.09,37,.0020944851,"Machinery, nec",29,.19455881,EU27,12764.94600181014,19.00700005888939
COL,Colombia,Americas,282720.09,37,.0020944851,"Machinery, nec",29,.19455881,RoW,467745.5189569192,9749.096905122511
COL,Colombia,Americas,282720.09,37,.0020944851,Electrical and optical equipment,30t33,.20186955,EU27,22000.44810029678,0
COL,Colombia,Americas,282720.09,37,.0020944851,Electrical and optical equipment,30t33,.20186955,RoW,544918.1542106679,0
COL,Colombia,Americas,282720.09,37,.0020944851,Transport equipment,34t35,.29114175,EU27,21248.93550931104,0
COL,Colombia,Americas,282720.09,37,.0020944851,Transport equipment,34t35,.29114175,RoW,674542.9295025002,0
COL,Colombia,Americas,282720.09,37,.0020944851,Manufacturing nec; recycling,36t37,.26614583,EU27,46523.64709117892,1948.768966674805
COL,Colombia,Americas,282720.09,37,.0020944851,Manufacturing nec; recycling,36t37,.26614583,RoW,574432.6065952725,41535.42418670654
COL,Colombia,Americas,282720.09,37,.0020944851,"Agriculture, hunting, forestry and fishing",AtB,.37349537,EU27,1482303.983919504,0
COL,Colombia,Americas,282720.09,37,.0020944851,"Agriculture, hunting, forestry and fishing",AtB,.37349537,RoW,3665208.870005206,0
COL,Colombia,Americas,282720.09,37,.0020944851,Mining and quarrying,C,1.4879924,EU27,3049616.080405102,35.58200091123581
COL,Colombia,Americas,282720.09,37,.0020944851,Mining and quarrying,C,1.4879924,RoW,10561788.06395764,90.73699941858649
COG,Congo,Africa,10931.328,61,.00061940507,"Food , beverages and tobacco",15t16,.35987267,EU27,5115.91102806665,0
COG,Congo,Africa,10931.328,61,.00061940507,"Food , beverages and tobacco",15t16,.35987267,RoW,5979.823136390187,0
COG,Congo,Africa,10931.328,61,.00061940507,Textiles and textile,17t18,.34086084,EU27,198.7859993574675,0
COG,Congo,Africa,10931.328,61,.00061940507,Textiles and textile,17t18,.34086084,RoW,2328.021996656084,0
COG,Congo,Africa,10931.328,61,.00061940507,"Leather, leather and footwear",19,.19375706,EU27,418.3650074079633,0
COG,Congo,Africa,10931.328,61,.00061940507,"Leather, leather and footwear",19,.19375706,RoW,263.6300015794113,0
COG,Congo,Africa,10931.328,61,.00061940507,Wood and of wood and cork,20,.46805823,EU27,43377.37259308808,0
COG,Congo,Africa,10931.328,61,.00061940507,Wood and of wood and cork,20,.46805823,RoW,111039.263563992,0
COG,Congo,Africa,10931.328,61,.00061940507,"Pulp, paper, paper , printing and publishing",21t22,.45346645,EU27,39.05899881699588,0
COG,Congo,Africa,10931.328,61,.00061940507,"Pulp, paper, paper , printing and publishing",21t22,.45346645,RoW,459.1880053274799,0
COG,Congo,Africa,10931.328,61,.00061940507,"Coke, refined petroleum and nuclear fuel",23,2.87748,EU27,45421.59960241616,0
COG,Congo,Africa,10931.328,61,.00061940507,"Coke, refined petroleum and nuclear fuel",23,2.87748,RoW,106272.2346880101,0
COG,Congo,Africa,10931.328,61,.00061940507,Chemicals and chemical,24,1.4067867,EU27,3478.379048062488,0
COG,Congo,Africa,10931.328,61,.00061940507,Chemicals and chemical,24,1.4067867,RoW,11878.96977338172,225.8189972937107
COG,Congo,Africa,10931.328,61,.00061940507,Rubber and plastics,25,.2790187,EU27,288.9480053102598,0
COG,Congo,Africa,10931.328,61,.00061940507,Rubber and plastics,25,.2790187,RoW,720.5390010271221,0
COG,Congo,Africa,10931.328,61,.00061940507,Other non-metallic mineral,26,4.8430367,EU27,451.8359901709482,2.204999923706055
COG,Congo,Africa,10931.328,61,.00061940507,Other non-metallic mineral,26,4.8430367,RoW,1232.744020426879,157.5040029473603
COG,Congo,Africa,10931.328,61,.00061940507,Basic metals and fabricated metal,27t28,1.9624588,EU27,710032.5670804747,7638.801004926907
COG,Congo,Africa,10931.328,61,.00061940507,Basic metals and fabricated metal,27t28,1.9624588,RoW,1054730.493083097,21531.15797892888
COG,Congo,Africa,10931.328,61,.00061940507,"Machinery, nec",29,.19455881,EU27,57615.86836308613,0
COG,Congo,Africa,10931.328,61,.00061940507,"Machinery, nec",29,.19455881,RoW,104780.7027293204,72.37400032579899
COG,Congo,Africa,10931.328,61,.00061940507,Electrical and optical equipment,30t33,.20186955,EU27,5432.803992492612,0
COG,Congo,Africa,10931.328,61,.00061940507,Electrical and optical equipment,30t33,.20186955,RoW,42232.90967509255,0
COG,Congo,Africa,10931.328,61,.00061940507,Transport equipment,34t35,.29114175,EU27,2268363.147639537,0
COG,Congo,Africa,10931.328,61,.00061940507,Transport equipment,34t35,.29114175,RoW,1954689.565709323,0
COG,Congo,Africa,10931.328,61,.00061940507,Manufacturing nec; recycling,36t37,.26614583,EU27,13349.57006821968,903.5150299072266
COG,Congo,Africa,10931.328,61,.00061940507,Manufacturing nec; recycling,36t37,.26614583,RoW,23323.751839626,1506.019983291626
COG,Congo,Africa,10931.328,61,.00061940507,"Agriculture, hunting, forestry and fishing",AtB,.37349537,EU27,41779.58208319917,0
COG,Congo,Africa,10931.328,61,.00061940507,"Agriculture, hunting, forestry and fishing",AtB,.37349537,RoW,176858.9242060189,0
COG,Congo,Africa,10931.328,61,.00061940507,Mining and quarrying,C,1.4879924,EU27,493788.1168414224,0
COG,Congo,Africa,10931.328,61,.00061940507,Mining and quarrying,C,1.4879924,RoW,2285401.450444318,0
CRI,Costa Rica,Americas,58847.016,55,.00076761266,"Food , beverages and tobacco",15t16,.35987267,EU27,297497.1192088919,0
CRI,Costa Rica,Americas,58847.016,55,.00076761266,"Food , beverages and tobacco",15t16,.35987267,RoW,1640932.178450103,0
CRI,Costa Rica,Americas,58847.016,55,.00076761266,Textiles and textile,17t18,.34086084,EU27,22468.61402628454,0
CRI,Costa Rica,Americas,58847.016,55,.00076761266,Textiles and textile,17t18,.34086084,RoW,124805.7731647011,0
CRI,Costa Rica,Americas,58847.016,55,.00076761266,"Leather, leather and footwear",19,.19375706,EU27,884.5369963890407,0
CRI,Costa Rica,Americas,58847.016,55,.00076761266,"Leather, leather and footwear",19,.19375706,RoW,6153.126976035419,0
CRI,Costa Rica,Americas,58847.016,55,.00076761266,Wood and of wood and cork,20,.46805823,EU27,471.2139932855498,0
CRI,Costa Rica,Americas,58847.016,55,.00076761266,Wood and of wood and cork,20,.46805823,RoW,50609.6402913956,0
CRI,Costa Rica,Americas,58847.016,55,.00076761266,"Pulp, paper, paper , printing and publishing",21t22,.45346645,EU27,728.1100025625201,0
CRI,Costa Rica,Americas,58847.016,55,.00076761266,"Pulp, paper, paper , printing and publishing",21t22,.45346645,RoW,246111.2442988589,0
CRI,Costa Rica,Americas,58847.016,55,.00076761266,"Coke, refined petroleum and nuclear fuel",23,2.87748,EU27,6.353000104427338,0
CRI,Costa Rica,Americas,58847.016,55,.00076761266,"Coke, refined petroleum and nuclear fuel",23,2.87748,RoW,2991.514035961591,0
CRI,Costa Rica,Americas,58847.016,55,.00076761266,Chemicals and chemical,24,1.4067867,EU27,6302.289976032451,42.34600014053285
CRI,Costa Rica,Americas,58847.016,55,.00076761266,Chemicals and chemical,24,1.4067867,RoW,664201.3662013792,28738.54607316293
CRI,Costa Rica,Americas,58847.016,55,.00076761266,Rubber and plastics,25,.2790187,EU27,20865.3372843049,0
CRI,Costa Rica,Americas,58847.016,55,.00076761266,Rubber and plastics,25,.2790187,RoW,575864.6554545945,0
CRI,Costa Rica,Americas,58847.016,55,.00076761266,Other non-metallic mineral,26,4.8430367,EU27,1106.440974678728,3.581999890506268
CRI,Costa Rica,Americas,58847.016,55,.00076761266,Other non-metallic mineral,26,4.8430367,RoW,136663.6551405679,28112.08229707158
CRI,Costa Rica,Americas,58847.016,55,.00076761266,Basic metals and fabricated metal,27t28,1.9624588,EU27,13039.96890879713,8304.88398955483
CRI,Costa Rica,Americas,58847.016,55,.00076761266,Basic metals and fabricated metal,27t28,1.9624588,RoW,295507.5519430169,223340.0337528626
CRI,Costa Rica,Americas,58847.016,55,.00076761266,"Machinery, nec",29,.19455881,EU27,6808.188020576141,.8099999949336052
CRI,Costa Rica,Americas,58847.016,55,.00076761266,"Machinery, nec",29,.19455881,RoW,111236.9387349897,512.4269998151576
CRI,Costa Rica,Americas,58847.016,55,.00076761266,Electrical and optical equipment,30t33,.20186955,EU27,884199.002580011,0
CRI,Costa Rica,Americas,58847.016,55,.00076761266,Electrical and optical equipment,30t33,.20186955,RoW,3469944.514365513,0
CRI,Costa Rica,Americas,58847.016,55,.00076761266,Transport equipment,34t35,.29114175,EU27,1621.9510036516,0
CRI,Costa Rica,Americas,58847.016,55,.00076761266,Transport equipment,34t35,.29114175,RoW,33625.9079607341,0
CRI,Costa Rica,Americas,58847.016,55,.00076761266,Manufacturing nec; recycling,36t37,.26614583,EU27,5987.453969270689,225.7619934082031
CRI,Costa Rica,Americas,58847.016,55,.00076761266,Manufacturing nec; recycling,36t37,.26614583,RoW,150293.6764028412,17885.84414602257
CRI,Costa Rica,Americas,58847.016,55,.00076761266,"Agriculture, hunting, forestry and fishing",AtB,.37349537,EU27,1177471.467065187,0
CRI,Costa Rica,Americas,58847.016,55,.00076761266,"Agriculture, hunting, forestry and fishing",AtB,.37349537,RoW,1906920.25781483,0
CRI,Costa Rica,Americas,58847.016,55,.00076761266,Mining and quarrying,C,1.4879924,EU27,96.98899883031845,0
CRI,Costa Rica,Americas,58847.016,55,.00076761266,Mining and quarrying,C,1.4879924,RoW,6101.981069584959,122.6699978113174
CIV,Cote d'Ivoire,Africa,48407.762,54,.00080344465,"Food , beverages and tobacco",15t16,.35987267,EU27,1235114.623051726,0
CIV,Cote d'Ivoire,Africa,48407.762,54,.00080344465,"Food , beverages and tobacco",15t16,.35987267,RoW,1077754.854865318,0
CIV,Cote d'Ivoire,Africa,48407.762,54,.00080344465,Textiles and textile,17t18,.34086084,EU27,5821.008007095195,0
CIV,Cote d'Ivoire,Africa,48407.762,54,.00080344465,Textiles and textile,17t18,.34086084,RoW,76200.351710574,0
CIV,Cote d'Ivoire,Africa,48407.762,54,.00080344465,"Leather, leather and footwear",19,.19375706,EU27,3106.128996740095,0
CIV,Cote d'Ivoire,Africa,48407.762,54,.00080344465,"Leather, leather and footwear",19,.19375706,RoW,56429.66244779783,0
CIV,Cote d'Ivoire,Africa,48407.762,54,.00080344465,Wood and of wood and cork,20,.46805823,EU27,71420.02936925541,0
CIV,Cote d'Ivoire,Africa,48407.762,54,.00080344465,Wood and of wood and cork,20,.46805823,RoW,94139.21277728432,0
CIV,Cote d'Ivoire,Africa,48407.762,54,.00080344465,"Pulp, paper, paper , printing and publishing",21t22,.45346645,EU27,15463.4481645911,0
CIV,Cote d'Ivoire,Africa,48407.762,54,.00080344465,"Pulp, paper, paper , printing and publishing",21t22,.45346645,RoW,54401.18260857835,0
CIV,Cote d'Ivoire,Africa,48407.762,54,.00080344465,"Coke, refined petroleum and nuclear fuel",23,2.87748,EU27,28679.68042634428,0
CIV,Cote d'Ivoire,Africa,48407.762,54,.00080344465,"Coke, refined petroleum and nuclear fuel",23,2.87748,RoW,720438.3150183014,0
CIV,Cote d'Ivoire,Africa,48407.762,54,.00080344465,Chemicals and chemical,24,1.4067867,EU27,17785.95891056512,177.4900054931641
CIV,Cote d'Ivoire,Africa,48407.762,54,.00080344465,Chemicals and chemical,24,1.4067867,RoW,365634.7237633545,13951.75635944633
CIV,Cote d'Ivoire,Africa,48407.762,54,.00080344465,Rubber and plastics,25,.2790187,EU27,1448.007998901419,0
CIV,Cote d'Ivoire,Africa,48407.762,54,.00080344465,Rubber and plastics,25,.2790187,RoW,203014.6890583384,0
CIV,Cote d'Ivoire,Africa,48407.762,54,.00080344465,Other non-metallic mineral,26,4.8430367,EU27,232.0370020279661,21.92300052940845
CIV,Cote d'Ivoire,Africa,48407.762,54,.00080344465,Other non-metallic mineral,26,4.8430367,RoW,4431.725945071667,1312.627991050482
CIV,Cote d'Ivoire,Africa,48407.762,54,.00080344465,Basic metals and fabricated metal,27t28,1.9624588,EU27,36939.33045878226,12722.28610675957
CIV,Cote d'Ivoire,Africa,48407.762,54,.00080344465,Basic metals and fabricated metal,27t28,1.9624588,RoW,889858.2352007045,75566.29648922302
CIV,Cote d'Ivoire,Africa,48407.762,54,.00080344465,"Machinery, nec",29,.19455881,EU27,15906.31698186789,.8820000067353249
CIV,Cote d'Ivoire,Africa,48407.762,54,.00080344465,"Machinery, nec",29,.19455881,RoW,152219.3314475084,104.0199965359643
CIV,Cote d'Ivoire,Africa,48407.762,54,.00080344465,Electrical and optical equipment,30t33,.20186955,EU27,10104.23194781446,0
CIV,Cote d'Ivoire,Africa,48407.762,54,.00080344465,Electrical and optical equipment,30t33,.20186955,RoW,57373.3450579911,0
CIV,Cote d'Ivoire,Africa,48407.762,54,.00080344465,Transport equipment,34t35,.29114175,EU27,14106.57692227326,0
CIV,Cote d'Ivoire,Africa,48407.762,54,.00080344465,Transport equipment,34t35,.29114175,RoW,280324.1608765768,0
CIV,Cote d'Ivoire,Africa,48407.762,54,.00080344465,Manufacturing nec; recycling,36t37,.26614583,EU27,105570.5674075703,60.72900009155273
CIV,Cote d'Ivoire,Africa,48407.762,54,.00080344465,Manufacturing nec; recycling,36t37,.26614583,RoW,247422.5839882608,110241.5313322954
CIV,Cote d'Ivoire,Africa,48407.762,54,.00080344465,"Agriculture, hunting, forestry and fishing",AtB,.37349537,EU27,2694318.344731432,0
CIV,Cote d'Ivoire,Africa,48407.762,54,.00080344465,"Agriculture, hunting, forestry and fishing",AtB,.37349537,RoW,3090142.195147068,0
CIV,Cote d'Ivoire,Africa,48407.762,54,.00080344465,Mining and quarrying,C,1.4879924,EU27,506054.258491613,18.85599946975708
CIV,Cote d'Ivoire,Africa,48407.762,54,.00080344465,Mining and quarrying,C,1.4879924,RoW,283356.8862069673,201.1260000204202
COD,Democratic Republic of Congo,Africa,40337.512,70,.00047817445,"Food , beverages and tobacco",15t16,.35987267,EU27,3132.096029552631,0
COD,Democratic Republic of Congo,Africa,40337.512,70,.00047817445,"Food , beverages and tobacco",15t16,.35987267,RoW,12563.00193465396,0
COD,Democratic Republic of Congo,Africa,40337.512,70,.00047817445,Textiles and textile,17t18,.34086084,EU27,505.6199921360239,0
COD,Democratic Republic of Congo,Africa,40337.512,70,.00047817445,Textiles and textile,17t18,.34086084,RoW,3784.773978334502,0
COD,Democratic Republic of Congo,Africa,40337.512,70,.00047817445,"Leather, leather and footwear",19,.19375706,EU27,99.82500103069469,0
COD,Democratic Republic of Congo,Africa,40337.512,70,.00047817445,"Leather, leather and footwear",19,.19375706,RoW,202.407003362081,0
COD,Democratic Republic of Congo,Africa,40337.512,70,.00047817445,Wood and of wood and cork,20,.46805823,EU27,15042.31814318895,0
COD,Democratic Republic of Congo,Africa,40337.512,70,.00047817445,Wood and of wood and cork,20,.46805823,RoW,18442.86986731319,0
COD,Democratic Republic of Congo,Africa,40337.512,70,.00047817445,"Pulp, paper, paper , printing and publishing",21t22,.45346645,EU27,80.11900019273162,0
COD,Democratic Republic of Congo,Africa,40337.512,70,.00047817445,"Pulp, paper, paper , printing and publishing",21t22,.45346645,RoW,361.1849994855002,0
COD,Democratic Republic of Congo,Africa,40337.512,70,.00047817445,"Coke, refined petroleum and nuclear fuel",23,2.87748,EU27,7633.317884802818,0
COD,Democratic Republic of Congo,Africa,40337.512,70,.00047817445,"Coke, refined petroleum and nuclear fuel",23,2.87748,RoW,311061.2914712429,0
COD,Democratic Republic of Congo,Africa,40337.512,70,.00047817445,Chemicals and chemical,24,1.4067867,EU27,1867.55794445239,0
COD,Democratic Republic of Congo,Africa,40337.512,70,.00047817445,Chemicals and chemical,24,1.4067867,RoW,366303.8308426613,48.30900192260742
COD,Democratic Republic of Congo,Africa,40337.512,70,.00047817445,Rubber and plastics,25,.2790187,EU27,147.4780028946698,0
COD,Democratic Republic of Congo,Africa,40337.512,70,.00047817445,Rubber and plastics,25,.2790187,RoW,1694.366009034915,0
COD,Democratic Republic of Congo,Africa,40337.512,70,.00047817445,Other non-metallic mineral,26,4.8430367,EU27,11.30500012636185,.5960000157356262
COD,Democratic Republic of Congo,Africa,40337.512,70,.00047817445,Other non-metallic mineral,26,4.8430367,RoW,1806.547024938278,10.33099964819849
COD,Democratic Republic of Congo,Africa,40337.512,70,.00047817445,Basic metals and fabricated metal,27t28,1.9624588,EU27,428614.8137034718,214.7980025205761
COD,Democratic Republic of Congo,Africa,40337.512,70,.00047817445,Basic metals and fabricated metal,27t28,1.9624588,RoW,4297972.877029264,2065.690029201331
COD,Democratic Republic of Congo,Africa,40337.512,70,.00047817445,"Machinery, nec",29,.19455881,EU27,2731.720962878317,0
COD,Democratic Republic of Congo,Africa,40337.512,70,.00047817445,"Machinery, nec",29,.19455881,RoW,20797.79405410029,7.917000099085271
COD,Democratic Republic of Congo,Africa,40337.512,70,.00047817445,Electrical and optical equipment,30t33,.20186955,EU27,2036.953001145972,0
COD,Democratic Republic of Congo,Africa,40337.512,70,.00047817445,Electrical and optical equipment,30t33,.20186955,RoW,9831.647021152661,0
COD,Democratic Republic of Congo,Africa,40337.512,70,.00047817445,Transport equipment,34t35,.29114175,EU27,1669.757984399796,0
COD,Democratic Republic of Congo,Africa,40337.512,70,.00047817445,Transport equipment,34t35,.29114175,RoW,41754.85137001611,0
COD,Democratic Republic of Congo,Africa,40337.512,70,.00047817445,Manufacturing nec; recycling,36t37,.26614583,EU27,8212.934802427888,0
COD,Democratic Republic of Congo,Africa,40337.512,70,.00047817445,Manufacturing nec; recycling,36t37,.26614583,RoW,40261.28049942572,407.081995010376
COD,Democratic Republic of Congo,Africa,40337.512,70,.00047817445,"Agriculture, hunting, forestry and fishing",AtB,.37349537,EU27,52304.89232226461,0
COD,Democratic Republic of Congo,Africa,40337.512,70,.00047817445,"Agriculture, hunting, forestry and fishing",AtB,.37349537,RoW,64050.66186641157,0
COD,Democratic Republic of Congo,Africa,40337.512,70,.00047817445,Mining and quarrying,C,1.4879924,EU27,312045.4214557623,2.194000005722046
COD,Democratic Republic of Congo,Africa,40337.512,70,.00047817445,Mining and quarrying,C,1.4879924,RoW,1361955.355586371,12.85200023651123
DOM,Dominican Republic,Americas,75704.648,58,.00067312672,"Food , beverages and tobacco",15t16,.35987267,EU27,126096.1979886602,0
DOM,Dominican Republic,Americas,75704.648,58,.00067312672,"Food , beverages and tobacco",15t16,.35987267,RoW,1477231.548485699,0
DOM,Dominican Republic,Americas,75704.648,58,.00067312672,Textiles and textile,17t18,.34086084,EU27,19027.21182048495,0
DOM,Dominican Republic,Americas,75704.648,58,.00067312672,Textiles and textile,17t18,.34086084,RoW,1262932.65301189,0
DOM,Dominican Republic,Americas,75704.648,58,.00067312672,"Leather, leather and footwear",19,.19375706,EU27,96146.90356356069,0
DOM,Dominican Republic,Americas,75704.648,58,.00067312672,"Leather, leather and footwear",19,.19375706,RoW,331981.151237599,0
DOM,Dominican Republic,Americas,75704.648,58,.00067312672,Wood and of wood and cork,20,.46805823,EU27,181.9910003757104,0
DOM,Dominican Republic,Americas,75704.648,58,.00067312672,Wood and of wood and cork,20,.46805823,RoW,5838.10399610654,0
DOM,Dominican Republic,Americas,75704.648,58,.00067312672,"Pulp, paper, paper , printing and publishing",21t22,.45346645,EU27,1163.128995344043,0
DOM,Dominican Republic,Americas,75704.648,58,.00067312672,"Pulp, paper, paper , printing and publishing",21t22,.45346645,RoW,91051.01286791405,0
DOM,Dominican Republic,Americas,75704.648,58,.00067312672,"Coke, refined petroleum and nuclear fuel",23,2.87748,EU27,2056.576005354524,0
DOM,Dominican Republic,Americas,75704.648,58,.00067312672,"Coke, refined petroleum and nuclear fuel",23,2.87748,RoW,76257.77000146918,0
DOM,Dominican Republic,Americas,75704.648,58,.00067312672,Chemicals and chemical,24,1.4067867,EU27,51123.26312204485,48.63700080662966
DOM,Dominican Republic,Americas,75704.648,58,.00067312672,Chemicals and chemical,24,1.4067867,RoW,425814.5938635536,25561.68614769168
DOM,Dominican Republic,Americas,75704.648,58,.00067312672,Rubber and plastics,25,.2790187,EU27,56407.58894162416,0
DOM,Dominican Republic,Americas,75704.648,58,.00067312672,Rubber and plastics,25,.2790187,RoW,467641.6657444268,0
DOM,Dominican Republic,Americas,75704.648,58,.00067312672,Other non-metallic mineral,26,4.8430367,EU27,726.8830050517572,1.787999981548637
DOM,Dominican Republic,Americas,75704.648,58,.00067312672,Other non-metallic mineral,26,4.8430367,RoW,107130.8965852158,74082.00269994885
DOM,Dominican Republic,Americas,75704.648,58,.00067312672,Basic metals and fabricated metal,27t28,1.9624588,EU27,36301.24416856235,19715.705727575
DOM,Dominican Republic,Americas,75704.648,58,.00067312672,Basic metals and fabricated metal,27t28,1.9624588,RoW,1978041.61811143,233065.1247302338
DOM,Dominican Republic,Americas,75704.648,58,.00067312672,"Machinery, nec",29,.19455881,EU27,7871.542079856968,5.893999914638698
DOM,Dominican Republic,Americas,75704.648,58,.00067312672,"Machinery, nec",29,.19455881,RoW,58787.76946678222,6620.302867281716
DOM,Dominican Republic,Americas,75704.648,58,.00067312672,Electrical and optical equipment,30t33,.20186955,EU27,127571.5175352482,0
DOM,Dominican Republic,Americas,75704.648,58,.00067312672,Electrical and optical equipment,30t33,.20186955,RoW,1965394.159082092,0
DOM,Dominican Republic,Americas,75704.648,58,.00067312672,Transport equipment,34t35,.29114175,EU27,2068.766010185704,0
DOM,Dominican Republic,Americas,75704.648,58,.00067312672,Transport equipment,34t35,.29114175,RoW,38880.89792177558,0
DOM,Dominican Republic,Americas,75704.648,58,.00067312672,Manufacturing nec; recycling,36t37,.26614583,EU27,12729.79610437609,439.0289861299098
DOM,Dominican Republic,Americas,75704.648,58,.00067312672,Manufacturing nec; recycling,36t37,.26614583,RoW,505240.0724439448,13712.5239944458
DOM,Dominican Republic,Americas,75704.648,58,.00067312672,"Agriculture, hunting, forestry and fishing",AtB,.37349537,EU27,434433.6129982657,0
DOM,Dominican Republic,Americas,75704.648,58,.00067312672,"Agriculture, hunting, forestry and fishing",AtB,.37349537,RoW,526766.1084576413,0
DOM,Dominican Republic,Americas,75704.648,58,.00067312672,Mining and quarrying,C,1.4879924,EU27,3426.484911195352,31.41399955749512
DOM,Dominican Republic,Americas,75704.648,58,.00067312672,Mining and quarrying,C,1.4879924,RoW,105154.4590958682,26.74800005555153
ECU,Ecuador,Americas,97671.422,48,.0011309977,"Food , beverages and tobacco",15t16,.35987267,EU27,1449810.121607768,0
ECU,Ecuador,Americas,97671.422,48,.0011309977,"Food , beverages and tobacco",15t16,.35987267,RoW,3616091.134476331,0
ECU,Ecuador,Americas,97671.422,48,.0011309977,Textiles and textile,17t18,.34086084,EU27,12849.69401101093,0
ECU,Ecuador,Americas,97671.422,48,.0011309977,Textiles and textile,17t18,.34086084,RoW,130350.5207666764,0
ECU,Ecuador,Americas,97671.422,48,.0011309977,"Leather, leather and footwear",19,.19375706,EU27,2950.072005343973,0
ECU,Ecuador,Americas,97671.422,48,.0011309977,"Leather, leather and footwear",19,.19375706,RoW,32569.8861193459,0
ECU,Ecuador,Americas,97671.422,48,.0011309977,Wood and of wood and cork,20,.46805823,EU27,46933.34841060266,0
ECU,Ecuador,Americas,97671.422,48,.0011309977,Wood and of wood and cork,20,.46805823,RoW,273403.9294124072,0
ECU,Ecuador,Americas,97671.422,48,.0011309977,"Pulp, paper, paper , printing and publishing",21t22,.45346645,EU27,1428.348017566488,0
ECU,Ecuador,Americas,97671.422,48,.0011309977,"Pulp, paper, paper , printing and publishing",21t22,.45346645,RoW,72431.34208599164,0
ECU,Ecuador,Americas,97671.422,48,.0011309977,"Coke, refined petroleum and nuclear fuel",23,2.87748,EU27,12.28799989074469,0
ECU,Ecuador,Americas,97671.422,48,.0011309977,"Coke, refined petroleum and nuclear fuel",23,2.87748,RoW,401254.8258422352,0
ECU,Ecuador,Americas,97671.422,48,.0011309977,Chemicals and chemical,24,1.4067867,EU27,7297.129068810726,2.286000050604343
ECU,Ecuador,Americas,97671.422,48,.0011309977,Chemicals and chemical,24,1.4067867,RoW,191547.0285338961,3017.104002306238
ECU,Ecuador,Americas,97671.422,48,.0011309977,Rubber and plastics,25,.2790187,EU27,2286.406018638052,0
ECU,Ecuador,Americas,97671.422,48,.0011309977,Rubber and plastics,25,.2790187,RoW,143549.9347211174,0
ECU,Ecuador,Americas,97671.422,48,.0011309977,Other non-metallic mineral,26,4.8430367,EU27,283.3579985093093,0
ECU,Ecuador,Americas,97671.422,48,.0011309977,Other non-metallic mineral,26,4.8430367,RoW,59778.03146261419,13514.29353387456
ECU,Ecuador,Americas,97671.422,48,.0011309977,Basic metals and fabricated metal,27t28,1.9624588,EU27,2382.53198389546,1245.577979597147
ECU,Ecuador,Americas,97671.422,48,.0011309977,Basic metals and fabricated metal,27t28,1.9624588,RoW,402918.3229045981,85596.13687791605
ECU,Ecuador,Americas,97671.422,48,.0011309977,"Machinery, nec",29,.19455881,EU27,6247.615975865046,14.74600014090538
ECU,Ecuador,Americas,97671.422,48,.0011309977,"Machinery, nec",29,.19455881,RoW,193012.6157261771,70960.90463562112
ECU,Ecuador,Americas,97671.422,48,.0011309977,Electrical and optical equipment,30t33,.20186955,EU27,9551.12302105478,0
ECU,Ecuador,Americas,97671.422,48,.0011309977,Electrical and optical equipment,30t33,.20186955,RoW,149390.7296548379,0
ECU,Ecuador,Americas,97671.422,48,.0011309977,Transport equipment,34t35,.29114175,EU27,3191.360005420167,0
ECU,Ecuador,Americas,97671.422,48,.0011309977,Transport equipment,34t35,.29114175,RoW,103215.355665347,0
ECU,Ecuador,Americas,97671.422,48,.0011309977,Manufacturing nec; recycling,36t37,.26614583,EU27,10926.29588820483,1086.179044723511
ECU,Ecuador,Americas,97671.422,48,.0011309977,Manufacturing nec; recycling,36t37,.26614583,RoW,150967.3789756878,46491.05464553833
ECU,Ecuador,Americas,97671.422,48,.0011309977,"Agriculture, hunting, forestry and fishing",AtB,.37349537,EU27,1288338.273051956,0
ECU,Ecuador,Americas,97671.422,48,.0011309977,"Agriculture, hunting, forestry and fishing",AtB,.37349537,RoW,3521737.609490877,0
ECU,Ecuador,Americas,97671.422,48,.0011309977,Mining and quarrying,C,1.4879924,EU27,4158.367028820096,.2879999876022339
ECU,Ecuador,Americas,97671.422,48,.0011309977,Mining and quarrying,C,1.4879924,RoW,5185852.272474537,25.19299912452698
EGY,Egypt,Africa,270255.28,40,.001903519,"Food , beverages and tobacco",15t16,.35987267,EU27,266491.9301659123,0
EGY,Egypt,Africa,270255.28,40,.001903519,"Food , beverages and tobacco",15t16,.35987267,RoW,2479573.802542115,0
EGY,Egypt,Africa,270255.28,40,.001903519,Textiles and textile,17t18,.34086084,EU27,1115241.723757647,0
EGY,Egypt,Africa,270255.28,40,.001903519,Textiles and textile,17t18,.34086084,RoW,2499581.722852888,0
EGY,Egypt,Africa,270255.28,40,.001903519,"Leather, leather and footwear",19,.19375706,EU27,105865.3866447321,0
EGY,Egypt,Africa,270255.28,40,.001903519,"Leather, leather and footwear",19,.19375706,RoW,61493.71667091805,0
EGY,Egypt,Africa,270255.28,40,.001903519,Wood and of wood and cork,20,.46805823,EU27,3782.709958159365,0
EGY,Egypt,Africa,270255.28,40,.001903519,Wood and of wood and cork,20,.46805823,RoW,40849.1411590334,0
EGY,Egypt,Africa,270255.28,40,.001903519,"Pulp, paper, paper , printing and publishing",21t22,.45346645,EU27,23415.26579767652,0
EGY,Egypt,Africa,270255.28,40,.001903519,"Pulp, paper, paper , printing and publishing",21t22,.45346645,RoW,564011.8409394166,0
EGY,Egypt,Africa,270255.28,40,.001903519,"Coke, refined petroleum and nuclear fuel",23,2.87748,EU27,519025.9834455177,0
EGY,Egypt,Africa,270255.28,40,.001903519,"Coke, refined petroleum and nuclear fuel",23,2.87748,RoW,543228.4065311681,0
EGY,Egypt,Africa,270255.28,40,.001903519,Chemicals and chemical,24,1.4067867,EU27,940772.1696035268,435737.9218636453
EGY,Egypt,Africa,270255.28,40,.001903519,Chemicals and chemical,24,1.4067867,RoW,2870804.052553384,412188.123027524
EGY,Egypt,Africa,270255.28,40,.001903519,Rubber and plastics,25,.2790187,EU27,186375.3309190238,0
EGY,Egypt,Africa,270255.28,40,.001903519,Rubber and plastics,25,.2790187,RoW,534725.1976584686,0
EGY,Egypt,Africa,270255.28,40,.001903519,Other non-metallic mineral,26,4.8430367,EU27,204268.3790591415,40.7900003567338
EGY,Egypt,Africa,270255.28,40,.001903519,Other non-metallic mineral,26,4.8430367,RoW,928804.9906901183,69999.59365808219
EGY,Egypt,Africa,270255.28,40,.001903519,Basic metals and fabricated metal,27t28,1.9624588,EU27,627177.2117995125,578835.1955459849
EGY,Egypt,Africa,270255.28,40,.001903519,Basic metals and fabricated metal,27t28,1.9624588,RoW,4242496.242261639,874079.753482539
EGY,Egypt,Africa,270255.28,40,.001903519,"Machinery, nec",29,.19455881,EU27,131076.3804078195,187.1240011453629
EGY,Egypt,Africa,270255.28,40,.001903519,"Machinery, nec",29,.19455881,RoW,347975.3280813793,102725.057851156
EGY,Egypt,Africa,270255.28,40,.001903519,Electrical and optical equipment,30t33,.20186955,EU27,311310.7653438931,0
EGY,Egypt,Africa,270255.28,40,.001903519,Electrical and optical equipment,30t33,.20186955,RoW,1615069.902529387,0
EGY,Egypt,Africa,270255.28,40,.001903519,Transport equipment,34t35,.29114175,EU27,59167.77919485699,0
EGY,Egypt,Africa,270255.28,40,.001903519,Transport equipment,34t35,.29114175,RoW,171841.0269410289,0
EGY,Egypt,Africa,270255.28,40,.001903519,Manufacturing nec; recycling,36t37,.26614583,EU27,112001.7449768657,11224.5859375
EGY,Egypt,Africa,270255.28,40,.001903519,Manufacturing nec; recycling,36t37,.26614583,RoW,542153.3707453258,33311.31870365143
EGY,Egypt,Africa,270255.28,40,.001903519,"Agriculture, hunting, forestry and fishing",AtB,.37349537,EU27,566355.4486347581,0
EGY,Egypt,Africa,270255.28,40,.001903519,"Agriculture, hunting, forestry and fishing",AtB,.37349537,RoW,2148288.101839482,0
EGY,Egypt,Africa,270255.28,40,.001903519,Mining and quarrying,C,1.4879924,EU27,2225663.614409828,2536.960945274681
EGY,Egypt,Africa,270255.28,40,.001903519,Mining and quarrying,C,1.4879924,RoW,2425199.599744621,4166.202971935272
SLV,El Salvador,Americas,24191.428,76,.00037728221,"Food , beverages and tobacco",15t16,.35987267,EU27,93931.94816973526,0
SLV,El Salvador,Americas,24191.428,76,.00037728221,"Food , beverages and tobacco",15t16,.35987267,RoW,787392.7496387359,0
SLV,El Salvador,Americas,24191.428,76,.00037728221,Textiles and textile,17t18,.34086084,EU27,12887.05296617886,0
SLV,El Salvador,Americas,24191.428,76,.00037728221,Textiles and textile,17t18,.34086084,RoW,2601745.767077381,0
SLV,El Salvador,Americas,24191.428,76,.00037728221,"Leather, leather and footwear",19,.19375706,EU27,1800.786002613604,0
SLV,El Salvador,Americas,24191.428,76,.00037728221,"Leather, leather and footwear",19,.19375706,RoW,55962.79102946271,0
SLV,El Salvador,Americas,24191.428,76,.00037728221,Wood and of wood and cork,20,.46805823,EU27,322.4639981985092,0
SLV,El Salvador,Americas,24191.428,76,.00037728221,Wood and of wood and cork,20,.46805823,RoW,3505.029992061085,0
SLV,El Salvador,Americas,24191.428,76,.00037728221,"Pulp, paper, paper , printing and publishing",21t22,.45346645,EU27,139.5240010139532,0
SLV,El Salvador,Americas,24191.428,76,.00037728221,"Pulp, paper, paper , printing and publishing",21t22,.45346645,RoW,285972.4958418162,0
SLV,El Salvador,Americas,24191.428,76,.00037728221,"Coke, refined petroleum and nuclear fuel",23,2.87748,EU27,6205.988023435697,0
SLV,El Salvador,Americas,24191.428,76,.00037728221,"Coke, refined petroleum and nuclear fuel",23,2.87748,RoW,146926.8853436895,0
SLV,El Salvador,Americas,24191.428,76,.00037728221,Chemicals and chemical,24,1.4067867,EU27,696.8379869610071,.2599999979138374
SLV,El Salvador,Americas,24191.428,76,.00037728221,Chemicals and chemical,24,1.4067867,RoW,372265.8909070173,17174.92993807048
SLV,El Salvador,Americas,24191.428,76,.00037728221,Rubber and plastics,25,.2790187,EU27,508.7940075504594,0
SLV,El Salvador,Americas,24191.428,76,.00037728221,Rubber and plastics,25,.2790187,RoW,317538.000265468,0
SLV,El Salvador,Americas,24191.428,76,.00037728221,Other non-metallic mineral,26,4.8430367,EU27,35.30599956389051,3.00499989464879
SLV,El Salvador,Americas,24191.428,76,.00037728221,Other non-metallic mineral,26,4.8430367,RoW,57370.79097971832,10338.09585615527
SLV,El Salvador,Americas,24191.428,76,.00037728221,Basic metals and fabricated metal,27t28,1.9624588,EU27,1341.148981273174,536.3089977123309
SLV,El Salvador,Americas,24191.428,76,.00037728221,Basic metals and fabricated metal,27t28,1.9624588,RoW,234559.5780145858,212424.9090486747
SLV,El Salvador,Americas,24191.428,76,.00037728221,"Machinery, nec",29,.19455881,EU27,1567.459994307719,0
SLV,El Salvador,Americas,24191.428,76,.00037728221,"Machinery, nec",29,.19455881,RoW,43086.23701000889,1529.575966721401
SLV,El Salvador,Americas,24191.428,76,.00037728221,Electrical and optical equipment,30t33,.20186955,EU27,35945.95178015914,0
SLV,El Salvador,Americas,24191.428,76,.00037728221,Electrical and optical equipment,30t33,.20186955,RoW,429462.6671449015,0
SLV,El Salvador,Americas,24191.428,76,.00037728221,Transport equipment,34t35,.29114175,EU27,965.4439833572833,0
SLV,El Salvador,Americas,24191.428,76,.00037728221,Transport equipment,34t35,.29114175,RoW,27040.36305704224,0
SLV,El Salvador,Americas,24191.428,76,.00037728221,Manufacturing nec; recycling,36t37,.26614583,EU27,4118.507024329854,97.60199737548828
SLV,El Salvador,Americas,24191.428,76,.00037728221,Manufacturing nec; recycling,36t37,.26614583,RoW,142623.21044778,15359.80003452301
SLV,El Salvador,Americas,24191.428,76,.00037728221,"Agriculture, hunting, forestry and fishing",AtB,.37349537,EU27,32074.9285630025,0
SLV,El Salvador,Americas,24191.428,76,.00037728221,"Agriculture, hunting, forestry and fishing",AtB,.37349537,RoW,130818.3228473177,0
SLV,El Salvador,Americas,24191.428,76,.00037728221,Mining and quarrying,C,1.4879924,EU27,.0549999997019768,0
SLV,El Salvador,Americas,24191.428,76,.00037728221,Mining and quarrying,C,1.4879924,RoW,1132.415009637247,11.07300025224686
GNQ,Equatorial Guinea,Africa,11240.815,88,.00027254358,"Food , beverages and tobacco",15t16,.35987267,EU27,.9449999928474426,0
GNQ,Equatorial Guinea,Africa,11240.815,88,.00027254358,"Food , beverages and tobacco",15t16,.35987267,RoW,64.60800008755177,0
GNQ,Equatorial Guinea,Africa,11240.815,88,.00027254358,Textiles and textile,17t18,.34086084,EU27,21.81500037014484,0
GNQ,Equatorial Guinea,Africa,11240.815,88,.00027254358,Textiles and textile,17t18,.34086084,RoW,19.31099988333881,0
GNQ,Equatorial Guinea,Africa,11240.815,88,.00027254358,"Leather, leather and footwear",19,.19375706,EU27,.1770000010728836,0
GNQ,Equatorial Guinea,Africa,11240.815,88,.00027254358,"Leather, leather and footwear",19,.19375706,RoW,4.844999924302101,0
GNQ,Equatorial Guinea,Africa,11240.815,88,.00027254358,Wood and of wood and cork,20,.46805823,EU27,9405.32188808918,0
GNQ,Equatorial Guinea,Africa,11240.815,88,.00027254358,Wood and of wood and cork,20,.46805823,RoW,4672.630904786289,0
GNQ,Equatorial Guinea,Africa,11240.815,88,.00027254358,"Pulp, paper, paper , printing and publishing",21t22,.45346645,EU27,.8019999861717224,0
GNQ,Equatorial Guinea,Africa,11240.815,88,.00027254358,"Pulp, paper, paper , printing and publishing",21t22,.45346645,RoW,1.696000028401613,0
GNQ,Equatorial Guinea,Africa,11240.815,88,.00027254358,"Coke, refined petroleum and nuclear fuel",23,2.87748,EU27,13276.14621677995,0
GNQ,Equatorial Guinea,Africa,11240.815,88,.00027254358,"Coke, refined petroleum and nuclear fuel",23,2.87748,RoW,147654.0000501685,0
GNQ,Equatorial Guinea,Africa,11240.815,88,.00027254358,Chemicals and chemical,24,1.4067867,EU27,155591.7053748667,0
GNQ,Equatorial Guinea,Africa,11240.815,88,.00027254358,Chemicals and chemical,24,1.4067867,RoW,73457.8348325938,.8889999985694885
GNQ,Equatorial Guinea,Africa,11240.815,88,.00027254358,Rubber and plastics,25,.2790187,EU27,23.81799983978271,0
GNQ,Equatorial Guinea,Africa,11240.815,88,.00027254358,Rubber and plastics,25,.2790187,RoW,19.50899996608496,0
GNQ,Equatorial Guinea,Africa,11240.815,88,.00027254358,Other non-metallic mineral,26,4.8430367,EU27,.5820000171661377,0
GNQ,Equatorial Guinea,Africa,11240.815,88,.00027254358,Other non-metallic mineral,26,4.8430367,RoW,6.872999977320433,0
GNQ,Equatorial Guinea,Africa,11240.815,88,.00027254358,Basic metals and fabricated metal,27t28,1.9624588,EU27,70.19300039019436,53.73900036420673
GNQ,Equatorial Guinea,Africa,11240.815,88,.00027254358,Basic metals and fabricated metal,27t28,1.9624588,RoW,3016.809004969895,130.1569977942854
GNQ,Equatorial Guinea,Africa,11240.815,88,.00027254358,"Machinery, nec",29,.19455881,EU27,4374.778955772519,0
GNQ,Equatorial Guinea,Africa,11240.815,88,.00027254358,"Machinery, nec",29,.19455881,RoW,1387.887012459338,.4830000102519989
GNQ,Equatorial Guinea,Africa,11240.815,88,.00027254358,Electrical and optical equipment,30t33,.20186955,EU27,514.6599968019873,0
GNQ,Equatorial Guinea,Africa,11240.815,88,.00027254358,Electrical and optical equipment,30t33,.20186955,RoW,551.7749845897779,0
GNQ,Equatorial Guinea,Africa,11240.815,88,.00027254358,Transport equipment,34t35,.29114175,EU27,1640.057012379169,0
GNQ,Equatorial Guinea,Africa,11240.815,88,.00027254358,Transport equipment,34t35,.29114175,RoW,5501.961805013474,0
GNQ,Equatorial Guinea,Africa,11240.815,88,.00027254358,Manufacturing nec; recycling,36t37,.26614583,EU27,1460.359028220177,145.6179962158203
GNQ,Equatorial Guinea,Africa,11240.815,88,.00027254358,Manufacturing nec; recycling,36t37,.26614583,RoW,4375.627073464799,87.27999958395958
GNQ,Equatorial Guinea,Africa,11240.815,88,.00027254358,"Agriculture, hunting, forestry and fishing",AtB,.37349537,EU27,3210.078957404941,0
GNQ,Equatorial Guinea,Africa,11240.815,88,.00027254358,"Agriculture, hunting, forestry and fishing",AtB,.37349537,RoW,240708.480158614,0
GNQ,Equatorial Guinea,Africa,11240.815,88,.00027254358,Mining and quarrying,C,1.4879924,EU27,937031.92578125,0
GNQ,Equatorial Guinea,Africa,11240.815,88,.00027254358,Mining and quarrying,C,1.4879924,RoW,2603406.654852348,0
ETH,Ethiopia,Africa,72157.648,96,.00018543673,"Food , beverages and tobacco",15t16,.35987267,EU27,11091.51408815524,0
ETH,Ethiopia,Africa,72157.648,96,.00018543673,"Food , beverages and tobacco",15t16,.35987267,RoW,146806.639839,0
ETH,Ethiopia,Africa,72157.648,96,.00018543673,Textiles and textile,17t18,.34086084,EU27,72882.75647246069,0
ETH,Ethiopia,Africa,72157.648,96,.00018543673,Textiles and textile,17t18,.34086084,RoW,77283.12896527967,0
ETH,Ethiopia,Africa,72157.648,96,.00018543673,"Leather, leather and footwear",19,.19375706,EU27,11831.57900353894,0
ETH,Ethiopia,Africa,72157.648,96,.00018543673,"Leather, leather and footwear",19,.19375706,RoW,147212.1842127212,0
ETH,Ethiopia,Africa,72157.648,96,.00018543673,Wood and of wood and cork,20,.46805823,EU27,42.50199953373522,0
ETH,Ethiopia,Africa,72157.648,96,.00018543673,Wood and of wood and cork,20,.46805823,RoW,412.2799979958218,0
ETH,Ethiopia,Africa,72157.648,96,.00018543673,"Pulp, paper, paper , printing and publishing",21t22,.45346645,EU27,287.6049972315086,0
ETH,Ethiopia,Africa,72157.648,96,.00018543673,"Pulp, paper, paper , printing and publishing",21t22,.45346645,RoW,571.8479975088267,0
ETH,Ethiopia,Africa,72157.648,96,.00018543673,"Coke, refined petroleum and nuclear fuel",23,2.87748,EU27,10.91499992273748,0
ETH,Ethiopia,Africa,72157.648,96,.00018543673,"Coke, refined petroleum and nuclear fuel",23,2.87748,RoW,22.66099970950745,0
ETH,Ethiopia,Africa,72157.648,96,.00018543673,Chemicals and chemical,24,1.4067867,EU27,1085.071973513346,0
ETH,Ethiopia,Africa,72157.648,96,.00018543673,Chemicals and chemical,24,1.4067867,RoW,9833.083005335997,52.06600189208984
ETH,Ethiopia,Africa,72157.648,96,.00018543673,Rubber and plastics,25,.2790187,EU27,792.9229901093058,0
ETH,Ethiopia,Africa,72157.648,96,.00018543673,Rubber and plastics,25,.2790187,RoW,7106.560187819414,0
ETH,Ethiopia,Africa,72157.648,96,.00018543673,Other non-metallic mineral,26,4.8430367,EU27,599.821986365132,0
ETH,Ethiopia,Africa,72157.648,96,.00018543673,Other non-metallic mineral,26,4.8430367,RoW,7031.523014562204,4582.681986737996
ETH,Ethiopia,Africa,72157.648,96,.00018543673,Basic metals and fabricated metal,27t28,1.9624588,EU27,1525.984019319527,1084.779020625283
ETH,Ethiopia,Africa,72157.648,96,.00018543673,Basic metals and fabricated metal,27t28,1.9624588,RoW,383613.9157326536,3171.0210264005
ETH,Ethiopia,Africa,72157.648,96,.00018543673,"Machinery, nec",29,.19455881,EU27,4202.771018536063,2.244999948889017
ETH,Ethiopia,Africa,72157.648,96,.00018543673,"Machinery, nec",29,.19455881,RoW,21837.56708262174,41.73500041291118
ETH,Ethiopia,Africa,72157.648,96,.00018543673,Electrical and optical equipment,30t33,.20186955,EU27,6363.90208286664,0
ETH,Ethiopia,Africa,72157.648,96,.00018543673,Electrical and optical equipment,30t33,.20186955,RoW,69704.14674290922,0
ETH,Ethiopia,Africa,72157.648,96,.00018543673,Transport equipment,34t35,.29114175,EU27,164542.4618685482,0
ETH,Ethiopia,Africa,72157.648,96,.00018543673,Transport equipment,34t35,.29114175,RoW,39821.0441034697,0
ETH,Ethiopia,Africa,72157.648,96,.00018543673,Manufacturing nec; recycling,36t37,.26614583,EU27,3440.854015544988,0
ETH,Ethiopia,Africa,72157.648,96,.00018543673,Manufacturing nec; recycling,36t37,.26614583,RoW,17017.85095693753,0
ETH,Ethiopia,Africa,72157.648,96,.00018543673,"Agriculture, hunting, forestry and fishing",AtB,.37349537,EU27,355276.6635229838,0
ETH,Ethiopia,Africa,72157.648,96,.00018543673,"Agriculture, hunting, forestry and fishing",AtB,.37349537,RoW,1288861.023088173,0
ETH,Ethiopia,Africa,72157.648,96,.00018543673,Mining and quarrying,C,1.4879924,EU27,276.6009971313179,0
ETH,Ethiopia,Africa,72157.648,96,.00018543673,Mining and quarrying,C,1.4879924,RoW,14067.7631050254,1.406999949365854
GAB,Gabon,Africa,14023.829,86,.00027924732,"Food , beverages and tobacco",15t16,.35987267,EU27,1801.121998574585,0
GAB,Gabon,Africa,14023.829,86,.00027924732,"Food , beverages and tobacco",15t16,.35987267,RoW,3183.91899685096,0
GAB,Gabon,Africa,14023.829,86,.00027924732,Textiles and textile,17t18,.34086084,EU27,141.0649997731671,0
GAB,Gabon,Africa,14023.829,86,.00027924732,Textiles and textile,17t18,.34086084,RoW,323.4469968928024,0
GAB,Gabon,Africa,14023.829,86,.00027924732,"Leather, leather and footwear",19,.19375706,EU27,20.67900036089122,0
GAB,Gabon,Africa,14023.829,86,.00027924732,"Leather, leather and footwear",19,.19375706,RoW,49.53800039924681,0
GAB,Gabon,Africa,14023.829,86,.00027924732,Wood and of wood and cork,20,.46805823,EU27,180195.8325309977,0
GAB,Gabon,Africa,14023.829,86,.00027924732,Wood and of wood and cork,20,.46805823,RoW,254518.8141338117,0
GAB,Gabon,Africa,14023.829,86,.00027924732,"Pulp, paper, paper , printing and publishing",21t22,.45346645,EU27,162.8680003238842,0
GAB,Gabon,Africa,14023.829,86,.00027924732,"Pulp, paper, paper , printing and publishing",21t22,.45346645,RoW,1843.670951846987,0
GAB,Gabon,Africa,14023.829,86,.00027924732,"Coke, refined petroleum and nuclear fuel",23,2.87748,EU27,50433.48959973454,0
GAB,Gabon,Africa,14023.829,86,.00027924732,"Coke, refined petroleum and nuclear fuel",23,2.87748,RoW,26098.4330821475,0
GAB,Gabon,Africa,14023.829,86,.00027924732,Chemicals and chemical,24,1.4067867,EU27,604.1780051868409,19.20999908447266
GAB,Gabon,Africa,14023.829,86,.00027924732,Chemicals and chemical,24,1.4067867,RoW,972.1800034341868,13.41600036621094
GAB,Gabon,Africa,14023.829,86,.00027924732,Rubber and plastics,25,.2790187,EU27,375.9910002355464,0
GAB,Gabon,Africa,14023.829,86,.00027924732,Rubber and plastics,25,.2790187,RoW,386.0319992571604,0
GAB,Gabon,Africa,14023.829,86,.00027924732,Other non-metallic mineral,26,4.8430367,EU27,193.7779943943024,2.849999904632568
GAB,Gabon,Africa,14023.829,86,.00027924732,Other non-metallic mineral,26,4.8430367,RoW,215.5100008593872,1.108999967575073
GAB,Gabon,Africa,14023.829,86,.00027924732,Basic metals and fabricated metal,27t28,1.9624588,EU27,28048.01464558009,14945.25603641651
GAB,Gabon,Africa,14023.829,86,.00027924732,Basic metals and fabricated metal,27t28,1.9624588,RoW,78867.74986110814,23378.62013906077
GAB,Gabon,Africa,14023.829,86,.00027924732,"Machinery, nec",29,.19455881,EU27,8401.404986748006,.553000021725893
GAB,Gabon,Africa,14023.829,86,.00027924732,"Machinery, nec",29,.19455881,RoW,4860.23202875501,3.153000054880977
GAB,Gabon,Africa,14023.829,86,.00027924732,Electrical and optical equipment,30t33,.20186955,EU27,1748.316004153341,0
GAB,Gabon,Africa,14023.829,86,.00027924732,Electrical and optical equipment,30t33,.20186955,RoW,2574.165015549166,0
GAB,Gabon,Africa,14023.829,86,.00027924732,Transport equipment,34t35,.29114175,EU27,3863.480034515262,0
GAB,Gabon,Africa,14023.829,86,.00027924732,Transport equipment,34t35,.29114175,RoW,7847.387041475624,0
GAB,Gabon,Africa,14023.829,86,.00027924732,Manufacturing nec; recycling,36t37,.26614583,EU27,950.0629952596501,0
GAB,Gabon,Africa,14023.829,86,.00027924732,Manufacturing nec; recycling,36t37,.26614583,RoW,7372.114034542115,174.1790027618408
GAB,Gabon,Africa,14023.829,86,.00027924732,"Agriculture, hunting, forestry and fishing",AtB,.37349537,EU27,14041.45597332716,0
GAB,Gabon,Africa,14023.829,86,.00027924732,"Agriculture, hunting, forestry and fishing",AtB,.37349537,RoW,10635.86195728555,0
GAB,Gabon,Africa,14023.829,86,.00027924732,Mining and quarrying,C,1.4879924,EU27,681877.095142819,0
GAB,Gabon,Africa,14023.829,86,.00027924732,Mining and quarrying,C,1.4879924,RoW,2942455.44528867,0
GHA,Ghana,Africa,56164.93,50,.001023974,"Food , beverages and tobacco",15t16,.35987267,EU27,514123.7879085783,0
GHA,Ghana,Africa,56164.93,50,.001023974,"Food , beverages and tobacco",15t16,.35987267,RoW,682291.2924402201,0
GHA,Ghana,Africa,56164.93,50,.001023974,Textiles and textile,17t18,.34086084,EU27,291.4820016277954,0
GHA,Ghana,Africa,56164.93,50,.001023974,Textiles and textile,17t18,.34086084,RoW,26745.85811108572,0
GHA,Ghana,Africa,56164.93,50,.001023974,"Leather, leather and footwear",19,.19375706,EU27,49.15400004759431,0
GHA,Ghana,Africa,56164.93,50,.001023974,"Leather, leather and footwear",19,.19375706,RoW,3251.042004309595,0
GHA,Ghana,Africa,56164.93,50,.001023974,Wood and of wood and cork,20,.46805823,EU27,35365.9462869385,0
GHA,Ghana,Africa,56164.93,50,.001023974,Wood and of wood and cork,20,.46805823,RoW,246074.3222690318,0
GHA,Ghana,Africa,56164.93,50,.001023974,"Pulp, paper, paper , printing and publishing",21t22,.45346645,EU27,341.2700049753767,0
GHA,Ghana,Africa,56164.93,50,.001023974,"Pulp, paper, paper , printing and publishing",21t22,.45346645,RoW,11639.48099395738,0
GHA,Ghana,Africa,56164.93,50,.001023974,"Coke, refined petroleum and nuclear fuel",23,2.87748,EU27,13037.19532224536,0
GHA,Ghana,Africa,56164.93,50,.001023974,"Coke, refined petroleum and nuclear fuel",23,2.87748,RoW,263440.0641586257,0
GHA,Ghana,Africa,56164.93,50,.001023974,Chemicals and chemical,24,1.4067867,EU27,7219.402000279981,353.680995374918
GHA,Ghana,Africa,56164.93,50,.001023974,Chemicals and chemical,24,1.4067867,RoW,204358.0868742802,5009.031031064689
GHA,Ghana,Africa,56164.93,50,.001023974,Rubber and plastics,25,.2790187,EU27,278.3839974282309,0
GHA,Ghana,Africa,56164.93,50,.001023974,Rubber and plastics,25,.2790187,RoW,152210.283275927,0
GHA,Ghana,Africa,56164.93,50,.001023974,Other non-metallic mineral,26,4.8430367,EU27,135.9580000001006,1.012999981641769
GHA,Ghana,Africa,56164.93,50,.001023974,Other non-metallic mineral,26,4.8430367,RoW,31856.90586838417,8463.458878053352
GHA,Ghana,Africa,56164.93,50,.001023974,Basic metals and fabricated metal,27t28,1.9624588,EU27,103726.4548071335,91540.84263188776
GHA,Ghana,Africa,56164.93,50,.001023974,Basic metals and fabricated metal,27t28,1.9624588,RoW,9019781.216631088,79009.45222763089
GHA,Ghana,Africa,56164.93,50,.001023974,"Machinery, nec",29,.19455881,EU27,9622.299113715068,3.514000073075294
GHA,Ghana,Africa,56164.93,50,.001023974,"Machinery, nec",29,.19455881,RoW,86049.51052198804,60.34700010530651
GHA,Ghana,Africa,56164.93,50,.001023974,Electrical and optical equipment,30t33,.20186955,EU27,7679.593917584512,0
GHA,Ghana,Africa,56164.93,50,.001023974,Electrical and optical equipment,30t33,.20186955,RoW,31241.67362144636,0
GHA,Ghana,Africa,56164.93,50,.001023974,Transport equipment,34t35,.29114175,EU27,2913.644035943784,0
GHA,Ghana,Africa,56164.93,50,.001023974,Transport equipment,34t35,.29114175,RoW,26599.41707287636,0
GHA,Ghana,Africa,56164.93,50,.001023974,Manufacturing nec; recycling,36t37,.26614583,EU27,31335.21922962414,893.7690124511719
GHA,Ghana,Africa,56164.93,50,.001023974,Manufacturing nec; recycling,36t37,.26614583,RoW,117781.6928872815,29313.80895805359
GHA,Ghana,Africa,56164.93,50,.001023974,"Agriculture, hunting, forestry and fishing",AtB,.37349537,EU27,1148171.413464758,0
GHA,Ghana,Africa,56164.93,50,.001023974,"Agriculture, hunting, forestry and fishing",AtB,.37349537,RoW,1667558.318423295,0
GHA,Ghana,Africa,56164.93,50,.001023974,Mining and quarrying,C,1.4879924,EU27,264402.7613379319,.0329999995883554
GHA,Ghana,Africa,56164.93,50,.001023974,Mining and quarrying,C,1.4879924,RoW,1113363.856300205,.3320000087842345
GTM,Guatemala,Americas,66053.398,56,.00075176021,"Food , beverages and tobacco",15t16,.35987267,EU27,417808.4534753618,0
GTM,Guatemala,Americas,66053.398,56,.00075176021,"Food , beverages and tobacco",15t16,.35987267,RoW,2511744.345459884,0
GTM,Guatemala,Americas,66053.398,56,.00075176021,Textiles and textile,17t18,.34086084,EU27,24048.50027800945,0
GTM,Guatemala,Americas,66053.398,56,.00075176021,Textiles and textile,17t18,.34086084,RoW,1477259.537722189,0
GTM,Guatemala,Americas,66053.398,56,.00075176021,"Leather, leather and footwear",19,.19375706,EU27,932.0579961612821,0
GTM,Guatemala,Americas,66053.398,56,.00075176021,"Leather, leather and footwear",19,.19375706,RoW,54143.61939368455,0
GTM,Guatemala,Americas,66053.398,56,.00075176021,Wood and of wood and cork,20,.46805823,EU27,3136.249922510702,0
GTM,Guatemala,Americas,66053.398,56,.00075176021,Wood and of wood and cork,20,.46805823,RoW,114549.0785437082,0
GTM,Guatemala,Americas,66053.398,56,.00075176021,"Pulp, paper, paper , printing and publishing",21t22,.45346645,EU27,2809.077996962471,0
GTM,Guatemala,Americas,66053.398,56,.00075176021,"Pulp, paper, paper , printing and publishing",21t22,.45346645,RoW,267424.3751619266,0
GTM,Guatemala,Americas,66053.398,56,.00075176021,"Coke, refined petroleum and nuclear fuel",23,2.87748,EU27,.5130000077188015,0
GTM,Guatemala,Americas,66053.398,56,.00075176021,"Coke, refined petroleum and nuclear fuel",23,2.87748,RoW,200875.084276272,0
GTM,Guatemala,Americas,66053.398,56,.00075176021,Chemicals and chemical,24,1.4067867,EU27,9883.213093162514,1.712999999523163
GTM,Guatemala,Americas,66053.398,56,.00075176021,Chemicals and chemical,24,1.4067867,RoW,1081408.450186789,36272.9169766726
GTM,Guatemala,Americas,66053.398,56,.00075176021,Rubber and plastics,25,.2790187,EU27,1602.586011046311,0
GTM,Guatemala,Americas,66053.398,56,.00075176021,Rubber and plastics,25,.2790187,RoW,311557.605017703,0
GTM,Guatemala,Americas,66053.398,56,.00075176021,Other non-metallic mineral,26,4.8430367,EU27,375.8730001802323,0
GTM,Guatemala,Americas,66053.398,56,.00075176021,Other non-metallic mineral,26,4.8430367,RoW,145893.7416478022,5369.578918137588
GTM,Guatemala,Americas,66053.398,56,.00075176021,Basic metals and fabricated metal,27t28,1.9624588,EU27,47929.87712532305,47218.90313615557
GTM,Guatemala,Americas,66053.398,56,.00075176021,Basic metals and fabricated metal,27t28,1.9624588,RoW,662151.9661898874,398830.7728017613
GTM,Guatemala,Americas,66053.398,56,.00075176021,"Machinery, nec",29,.19455881,EU27,5770.586026345496,.1519999969750643
GTM,Guatemala,Americas,66053.398,56,.00075176021,"Machinery, nec",29,.19455881,RoW,117959.2368002292,698.4309892946621
GTM,Guatemala,Americas,66053.398,56,.00075176021,Electrical and optical equipment,30t33,.20186955,EU27,1574.959011216881,0
GTM,Guatemala,Americas,66053.398,56,.00075176021,Electrical and optical equipment,30t33,.20186955,RoW,98841.61067857395,0
GTM,Guatemala,Americas,66053.398,56,.00075176021,Transport equipment,34t35,.29114175,EU27,835.262002068921,0
GTM,Guatemala,Americas,66053.398,56,.00075176021,Transport equipment,34t35,.29114175,RoW,68971.5717018632,0
GTM,Guatemala,Americas,66053.398,56,.00075176021,Manufacturing nec; recycling,36t37,.26614583,EU27,4392.781009154394,7.791999816894531
GTM,Guatemala,Americas,66053.398,56,.00075176021,Manufacturing nec; recycling,36t37,.26614583,RoW,265626.2564692257,84367.97896951437
GTM,Guatemala,Americas,66053.398,56,.00075176021,"Agriculture, hunting, forestry and fishing",AtB,.37349537,EU27,309288.3021647241,0
GTM,Guatemala,Americas,66053.398,56,.00075176021,"Agriculture, hunting, forestry and fishing",AtB,.37349537,RoW,2575570.832342578,0
GTM,Guatemala,Americas,66053.398,56,.00075176021,Mining and quarrying,C,1.4879924,EU27,121912.3496491704,0
GTM,Guatemala,Americas,66053.398,56,.00075176021,Mining and quarrying,C,1.4879924,RoW,710281.1473226814,999.1520370356739
GIN,Guinea,Africa,8595.9551,89,.00026011202,"Food , beverages and tobacco",15t16,.35987267,EU27,3338.472986083594,0
GIN,Guinea,Africa,8595.9551,89,.00026011202,"Food , beverages and tobacco",15t16,.35987267,RoW,82634.16162466165,0
GIN,Guinea,Africa,8595.9551,89,.00026011202,Textiles and textile,17t18,.34086084,EU27,48.41800059564412,0
GIN,Guinea,Africa,8595.9551,89,.00026011202,Textiles and textile,17t18,.34086084,RoW,848.7430063686334,0
GIN,Guinea,Africa,8595.9551,89,.00026011202,"Leather, leather and footwear",19,.19375706,EU27,1.649999994784594,0
GIN,Guinea,Africa,8595.9551,89,.00026011202,"Leather, leather and footwear",19,.19375706,RoW,59.64200010709465,0
GIN,Guinea,Africa,8595.9551,89,.00026011202,Wood and of wood and cork,20,.46805823,EU27,1206.613011820242,0
GIN,Guinea,Africa,8595.9551,89,.00026011202,Wood and of wood and cork,20,.46805823,RoW,11642.01715979911,0
GIN,Guinea,Africa,8595.9551,89,.00026011202,"Pulp, paper, paper , printing and publishing",21t22,.45346645,EU27,69.28499830886722,0
GIN,Guinea,Africa,8595.9551,89,.00026011202,"Pulp, paper, paper , printing and publishing",21t22,.45346645,RoW,582.4610006660223,0
GIN,Guinea,Africa,8595.9551,89,.00026011202,"Coke, refined petroleum and nuclear fuel",23,2.87748,EU27,3949.875900745392,0
GIN,Guinea,Africa,8595.9551,89,.00026011202,"Coke, refined petroleum and nuclear fuel",23,2.87748,RoW,5020.812957763672,0
GIN,Guinea,Africa,8595.9551,89,.00026011202,Chemicals and chemical,24,1.4067867,EU27,62.39600063755643,0
GIN,Guinea,Africa,8595.9551,89,.00026011202,Chemicals and chemical,24,1.4067867,RoW,936.507995877997,51.9970006942749
GIN,Guinea,Africa,8595.9551,89,.00026011202,Rubber and plastics,25,.2790187,EU27,191.4189939312637,0
GIN,Guinea,Africa,8595.9551,89,.00026011202,Rubber and plastics,25,.2790187,RoW,15688.3008852835,0
GIN,Guinea,Africa,8595.9551,89,.00026011202,Other non-metallic mineral,26,4.8430367,EU27,224.0360000971705,.9480000138282776
GIN,Guinea,Africa,8595.9551,89,.00026011202,Other non-metallic mineral,26,4.8430367,RoW,354.6419934695587,134.3309936523438
GIN,Guinea,Africa,8595.9551,89,.00026011202,Basic metals and fabricated metal,27t28,1.9624588,EU27,153497.1654577513,222.9610001853434
GIN,Guinea,Africa,8595.9551,89,.00026011202,Basic metals and fabricated metal,27t28,1.9624588,RoW,1919182.728637591,991.8529961765744
GIN,Guinea,Africa,8595.9551,89,.00026011202,"Machinery, nec",29,.19455881,EU27,1361.016003511846,2.936000108718872
GIN,Guinea,Africa,8595.9551,89,.00026011202,"Machinery, nec",29,.19455881,RoW,8903.919969337992,6.065000057220459
GIN,Guinea,Africa,8595.9551,89,.00026011202,Electrical and optical equipment,30t33,.20186955,EU27,2443.777030461351,0
GIN,Guinea,Africa,8595.9551,89,.00026011202,Electrical and optical equipment,30t33,.20186955,RoW,5186.192095285398,0
GIN,Guinea,Africa,8595.9551,89,.00026011202,Transport equipment,34t35,.29114175,EU27,317.6720023013186,0
GIN,Guinea,Africa,8595.9551,89,.00026011202,Transport equipment,34t35,.29114175,RoW,48567.32361170906,0
GIN,Guinea,Africa,8595.9551,89,.00026011202,Manufacturing nec; recycling,36t37,.26614583,EU27,2190.42001031898,69.57700347900391
GIN,Guinea,Africa,8595.9551,89,.00026011202,Manufacturing nec; recycling,36t37,.26614583,RoW,20925.19719316158,3982.506889343262
GIN,Guinea,Africa,8595.9551,89,.00026011202,"Agriculture, hunting, forestry and fishing",AtB,.37349537,EU27,78458.76293538976,0
GIN,Guinea,Africa,8595.9551,89,.00026011202,"Agriculture, hunting, forestry and fishing",AtB,.37349537,RoW,272932.0838405602,0
GIN,Guinea,Africa,8595.9551,89,.00026011202,Mining and quarrying,C,1.4879924,EU27,363111.5113081195,.0550000006332994
GIN,Guinea,Africa,8595.9551,89,.00026011202,Mining and quarrying,C,1.4879924,RoW,1015438.648572195,17.16500091552734
HND,Honduras,Americas,21717.609,68,.00048793081,"Food , beverages and tobacco",15t16,.35987267,EU27,317692.4408506564,0
HND,Honduras,Americas,21717.609,68,.00048793081,"Food , beverages and tobacco",15t16,.35987267,RoW,861764.0456454628,0
HND,Honduras,Americas,21717.609,68,.00048793081,Textiles and textile,17t18,.34086084,EU27,48812.77716022427,0
HND,Honduras,Americas,21717.609,68,.00048793081,Textiles and textile,17t18,.34086084,RoW,2731617.642863644,0
HND,Honduras,Americas,21717.609,68,.00048793081,"Leather, leather and footwear",19,.19375706,EU27,19.20500021509361,0
HND,Honduras,Americas,21717.609,68,.00048793081,"Leather, leather and footwear",19,.19375706,RoW,7128.921985255554,0
HND,Honduras,Americas,21717.609,68,.00048793081,Wood and of wood and cork,20,.46805823,EU27,2138.714988559484,0
HND,Honduras,Americas,21717.609,68,.00048793081,Wood and of wood and cork,20,.46805823,RoW,64457.76218467823,0
HND,Honduras,Americas,21717.609,68,.00048793081,"Pulp, paper, paper , printing and publishing",21t22,.45346645,EU27,535.1219971342944,0
HND,Honduras,Americas,21717.609,68,.00048793081,"Pulp, paper, paper , printing and publishing",21t22,.45346645,RoW,213358.9890913323,0
HND,Honduras,Americas,21717.609,68,.00048793081,"Coke, refined petroleum and nuclear fuel",23,2.87748,EU27,41.03500072658062,0
HND,Honduras,Americas,21717.609,68,.00048793081,"Coke, refined petroleum and nuclear fuel",23,2.87748,RoW,73367.54185030609,0
HND,Honduras,Americas,21717.609,68,.00048793081,Chemicals and chemical,24,1.4067867,EU27,12252.64503766969,357.4730069637299
HND,Honduras,Americas,21717.609,68,.00048793081,Chemicals and chemical,24,1.4067867,RoW,250559.8762937392,11824.00204874016
HND,Honduras,Americas,21717.609,68,.00048793081,Rubber and plastics,25,.2790187,EU27,2912.381966074929,0
HND,Honduras,Americas,21717.609,68,.00048793081,Rubber and plastics,25,.2790187,RoW,83527.36409181263,0
HND,Honduras,Americas,21717.609,68,.00048793081,Other non-metallic mineral,26,4.8430367,EU27,74.61600043415092,.6380000114440918
HND,Honduras,Americas,21717.609,68,.00048793081,Other non-metallic mineral,26,4.8430367,RoW,32031.02897897747,6131.253013640642
HND,Honduras,Americas,21717.609,68,.00048793081,Basic metals and fabricated metal,27t28,1.9624588,EU27,663.6340017010225,512.700001663412
HND,Honduras,Americas,21717.609,68,.00048793081,Basic metals and fabricated metal,27t28,1.9624588,RoW,242385.3076756998,125885.3366764388
HND,Honduras,Americas,21717.609,68,.00048793081,"Machinery, nec",29,.19455881,EU27,3724.669016033295,.0309999994933605
HND,Honduras,Americas,21717.609,68,.00048793081,"Machinery, nec",29,.19455881,RoW,35497.2150330306,81.82699969690293
HND,Honduras,Americas,21717.609,68,.00048793081,Electrical and optical equipment,30t33,.20186955,EU27,10056.81992460694,0
HND,Honduras,Americas,21717.609,68,.00048793081,Electrical and optical equipment,30t33,.20186955,RoW,632180.0351672664,0
HND,Honduras,Americas,21717.609,68,.00048793081,Transport equipment,34t35,.29114175,EU27,329.199997631833,0
HND,Honduras,Americas,21717.609,68,.00048793081,Transport equipment,34t35,.29114175,RoW,44533.70806689188,0
HND,Honduras,Americas,21717.609,68,.00048793081,Manufacturing nec; recycling,36t37,.26614583,EU27,5820.441025530919,299.9740009307861
HND,Honduras,Americas,21717.609,68,.00048793081,Manufacturing nec; recycling,36t37,.26614583,RoW,178605.9752751366,11066.83581542969
HND,Honduras,Americas,21717.609,68,.00048793081,"Agriculture, hunting, forestry and fishing",AtB,.37349537,EU27,595668.1418913156,0
HND,Honduras,Americas,21717.609,68,.00048793081,"Agriculture, hunting, forestry and fishing",AtB,.37349537,RoW,1033260.900152269,0
HND,Honduras,Americas,21717.609,68,.00048793081,Mining and quarrying,C,1.4879924,EU27,10831.52197074692,0
HND,Honduras,Americas,21717.609,68,.00048793081,Mining and quarrying,C,1.4879924,RoW,43891.26401001168,415.7489929199219
HKG,Hong Kong,Asia,320860.31,21,.0075917291,"Food , beverages and tobacco",15t16,.35987267,EU27,44128.61402229685,0
HKG,Hong Kong,Asia,320860.31,21,.0075917291,"Food , beverages and tobacco",15t16,.35987267,RoW,5392036.02602222,0
HKG,Hong Kong,Asia,320860.31,21,.0075917291,Textiles and textile,17t18,.34086084,EU27,630744.7596402288,0
HKG,Hong Kong,Asia,320860.31,21,.0075917291,Textiles and textile,17t18,.34086084,RoW,5100946.109026261,0
HKG,Hong Kong,Asia,320860.31,21,.0075917291,"Leather, leather and footwear",19,.19375706,EU27,300029.4947957795,0
HKG,Hong Kong,Asia,320860.31,21,.0075917291,"Leather, leather and footwear",19,.19375706,RoW,1210829.213705831,0
HKG,Hong Kong,Asia,320860.31,21,.0075917291,Wood and of wood and cork,20,.46805823,EU27,17530.12803557958,0
HKG,Hong Kong,Asia,320860.31,21,.0075917291,Wood and of wood and cork,20,.46805823,RoW,114348.2111137714,0
HKG,Hong Kong,Asia,320860.31,21,.0075917291,"Pulp, paper, paper , printing and publishing",21t22,.45346645,EU27,189890.0120530229,0
HKG,Hong Kong,Asia,320860.31,21,.0075917291,"Pulp, paper, paper , printing and publishing",21t22,.45346645,RoW,1437597.313136188,0
HKG,Hong Kong,Asia,320860.31,21,.0075917291,"Coke, refined petroleum and nuclear fuel",23,2.87748,EU27,658.3230142630637,0
HKG,Hong Kong,Asia,320860.31,21,.0075917291,"Coke, refined petroleum and nuclear fuel",23,2.87748,RoW,210192.1786285425,0
HKG,Hong Kong,Asia,320860.31,21,.0075917291,Chemicals and chemical,24,1.4067867,EU27,223485.8492762123,1832.146972928196
HKG,Hong Kong,Asia,320860.31,21,.0075917291,Chemicals and chemical,24,1.4067867,RoW,3623995.250128445,87095.38391683775
HKG,Hong Kong,Asia,320860.31,21,.0075917291,Rubber and plastics,25,.2790187,EU27,209583.6601424131,0
HKG,Hong Kong,Asia,320860.31,21,.0075917291,Rubber and plastics,25,.2790187,RoW,1320703.500116364,0
HKG,Hong Kong,Asia,320860.31,21,.0075917291,Other non-metallic mineral,26,4.8430367,EU27,31345.21008269908,0
HKG,Hong Kong,Asia,320860.31,21,.0075917291,Other non-metallic mineral,26,4.8430367,RoW,1625858.589279067,11858.54408471566
HKG,Hong Kong,Asia,320860.31,21,.0075917291,Basic metals and fabricated metal,27t28,1.9624588,EU27,280844.4040720421,103227.9236270544
HKG,Hong Kong,Asia,320860.31,21,.0075917291,Basic metals and fabricated metal,27t28,1.9624588,RoW,32980864.22696171,1234024.512603822
HKG,Hong Kong,Asia,320860.31,21,.0075917291,"Machinery, nec",29,.19455881,EU27,424149.8650376837,10683.54905130155
HKG,Hong Kong,Asia,320860.31,21,.0075917291,"Machinery, nec",29,.19455881,RoW,3579362.42565029,12429.78992335207
HKG,Hong Kong,Asia,320860.31,21,.0075917291,Electrical and optical equipment,30t33,.20186955,EU27,6967258.28511695,0
HKG,Hong Kong,Asia,320860.31,21,.0075917291,Electrical and optical equipment,30t33,.20186955,RoW,23867492.57122859,0
HKG,Hong Kong,Asia,320860.31,21,.0075917291,Transport equipment,34t35,.29114175,EU27,359973.4664665144,0
HKG,Hong Kong,Asia,320860.31,21,.0075917291,Transport equipment,34t35,.29114175,RoW,2636392.142955459,0
HKG,Hong Kong,Asia,320860.31,21,.0075917291,Manufacturing nec; recycling,36t37,.26614583,EU27,1442539.458167162,172.6969936564565
HKG,Hong Kong,Asia,320860.31,21,.0075917291,Manufacturing nec; recycling,36t37,.26614583,RoW,18116320.29196292,550172.454318583
HKG,Hong Kong,Asia,320860.31,21,.0075917291,"Agriculture, hunting, forestry and fishing",AtB,.37349537,EU27,15520.21996385511,0
HKG,Hong Kong,Asia,320860.31,21,.0075917291,"Agriculture, hunting, forestry and fishing",AtB,.37349537,RoW,3024353.552997966,0
HKG,Hong Kong,Asia,320860.31,21,.0075917291,Mining and quarrying,C,1.4879924,EU27,131706.0318759638,0
HKG,Hong Kong,Asia,320860.31,21,.0075917291,Mining and quarrying,C,1.4879924,RoW,1800363.263851069,12588.84620120004
IND,India,Asia,2290586.8,10,.017612129,"Food , beverages and tobacco",15t16,.35987267,EU27,1888603.794828857,0
IND,India,Asia,2290586.8,10,.017612129,"Food , beverages and tobacco",15t16,.35987267,RoW,20405842.01925864,0
IND,India,Asia,2290586.8,10,.017612129,Textiles and textile,17t18,.34086084,EU27,8244416.445970871,0
IND,India,Asia,2290586.8,10,.017612129,Textiles and textile,17t18,.34086084,RoW,26213761.0296545,0
IND,India,Asia,2290586.8,10,.017612129,"Leather, leather and footwear",19,.19375706,EU27,2330985.209882895,0
IND,India,Asia,2290586.8,10,.017612129,"Leather, leather and footwear",19,.19375706,RoW,3543961.904036722,0
IND,India,Asia,2290586.8,10,.017612129,Wood and of wood and cork,20,.46805823,EU27,83295.75761551724,0
IND,India,Asia,2290586.8,10,.017612129,Wood and of wood and cork,20,.46805823,RoW,348757.725374626,0
IND,India,Asia,2290586.8,10,.017612129,"Pulp, paper, paper , printing and publishing",21t22,.45346645,EU27,90552.27136079536,0
IND,India,Asia,2290586.8,10,.017612129,"Pulp, paper, paper , printing and publishing",21t22,.45346645,RoW,1657585.851449051,0
IND,India,Asia,2290586.8,10,.017612129,"Coke, refined petroleum and nuclear fuel",23,2.87748,EU27,2381393.223187495,0
IND,India,Asia,2290586.8,10,.017612129,"Coke, refined petroleum and nuclear fuel",23,2.87748,RoW,23666375.17463681,0
IND,India,Asia,2290586.8,10,.017612129,Chemicals and chemical,24,1.4067867,EU27,6431638.124652686,1196.950002308469
IND,India,Asia,2290586.8,10,.017612129,Chemicals and chemical,24,1.4067867,RoW,34831944.95786332,97720.76971440914
IND,India,Asia,2290586.8,10,.017612129,Rubber and plastics,25,.2790187,EU27,1134723.837136276,0
IND,India,Asia,2290586.8,10,.017612129,Rubber and plastics,25,.2790187,RoW,4234757.293547071,0
IND,India,Asia,2290586.8,10,.017612129,Other non-metallic mineral,26,4.8430367,EU27,606760.0325339745,1465.169980181381
IND,India,Asia,2290586.8,10,.017612129,Other non-metallic mineral,26,4.8430367,RoW,3307460.832482622,375670.4377908434
IND,India,Asia,2290586.8,10,.017612129,Basic metals and fabricated metal,27t28,1.9624588,EU27,3889926.734602252,3403328.203248865
IND,India,Asia,2290586.8,10,.017612129,Basic metals and fabricated metal,27t28,1.9624588,RoW,23424483.85615131,12273303.16801244
IND,India,Asia,2290586.8,10,.017612129,"Machinery, nec",29,.19455881,EU27,2171198.54319032,11367.23604952486
IND,India,Asia,2290586.8,10,.017612129,"Machinery, nec",29,.19455881,RoW,11335991.79934286,43986.10580130666
IND,India,Asia,2290586.8,10,.017612129,Electrical and optical equipment,30t33,.20186955,EU27,2364025.844449598,0
IND,India,Asia,2290586.8,10,.017612129,Electrical and optical equipment,30t33,.20186955,RoW,10008862.16006758,0
IND,India,Asia,2290586.8,10,.017612129,Transport equipment,34t35,.29114175,EU27,3296508.75470697,0
IND,India,Asia,2290586.8,10,.017612129,Transport equipment,34t35,.29114175,RoW,19171315.04223433,0
IND,India,Asia,2290586.8,10,.017612129,Manufacturing nec; recycling,36t37,.26614583,EU27,2735326.504896974,94.61100030411035
IND,India,Asia,2290586.8,10,.017612129,Manufacturing nec; recycling,36t37,.26614583,RoW,36252878.72310144,70950.11991154961
IND,India,Asia,2290586.8,10,.017612129,"Agriculture, hunting, forestry and fishing",AtB,.37349537,EU27,1787774.423375731,0
IND,India,Asia,2290586.8,10,.017612129,"Agriculture, hunting, forestry and fishing",AtB,.37349537,RoW,9685151.48365875,0
IND,India,Asia,2290586.8,10,.017612129,Mining and quarrying,C,1.4879924,EU27,778714.0825847834,12731.73904985189
IND,India,Asia,2290586.8,10,.017612129,Mining and quarrying,C,1.4879924,RoW,3846095.444497312,470370.8745588241
IDN,Indonesia,Asia,931877.38,19,.010565085,"Food , beverages and tobacco",15t16,.35987267,EU27,3874202.126752682,0
IDN,Indonesia,Asia,931877.38,19,.010565085,"Food , beverages and tobacco",15t16,.35987267,RoW,24529870.46664734,0
IDN,Indonesia,Asia,931877.38,19,.010565085,Textiles and textile,17t18,.34086084,EU27,1880898.932394105,0
IDN,Indonesia,Asia,931877.38,19,.010565085,Textiles and textile,17t18,.34086084,RoW,11373464.88768401,0
IDN,Indonesia,Asia,931877.38,19,.010565085,"Leather, leather and footwear",19,.19375706,EU27,1678466.572606554,0
IDN,Indonesia,Asia,931877.38,19,.010565085,"Leather, leather and footwear",19,.19375706,RoW,4054063.680654254,0
IDN,Indonesia,Asia,931877.38,19,.010565085,Wood and of wood and cork,20,.46805823,EU27,390452.6812224075,0
IDN,Indonesia,Asia,931877.38,19,.010565085,Wood and of wood and cork,20,.46805823,RoW,3023416.926642896,0
IDN,Indonesia,Asia,931877.38,19,.010565085,"Pulp, paper, paper , printing and publishing",21t22,.45346645,EU27,216625.4875490161,0
IDN,Indonesia,Asia,931877.38,19,.010565085,"Pulp, paper, paper , printing and publishing",21t22,.45346645,RoW,5986878.230478593,0
IDN,Indonesia,Asia,931877.38,19,.010565085,"Coke, refined petroleum and nuclear fuel",23,2.87748,EU27,47607.25913567096,0
IDN,Indonesia,Asia,931877.38,19,.010565085,"Coke, refined petroleum and nuclear fuel",23,2.87748,RoW,1634631.412739102,0
IDN,Indonesia,Asia,931877.38,19,.010565085,Chemicals and chemical,24,1.4067867,EU27,1450462.351216649,24078.55564184487
IDN,Indonesia,Asia,931877.38,19,.010565085,Chemicals and chemical,24,1.4067867,RoW,11051736.59952388,702792.2966371457
IDN,Indonesia,Asia,931877.38,19,.010565085,Rubber and plastics,25,.2790187,EU27,383350.9794155711,0
IDN,Indonesia,Asia,931877.38,19,.010565085,Rubber and plastics,25,.2790187,RoW,3398243.059071402,0
IDN,Indonesia,Asia,931877.38,19,.010565085,Other non-metallic mineral,26,4.8430367,EU27,67599.61573011824,8.670999908819795
IDN,Indonesia,Asia,931877.38,19,.010565085,Other non-metallic mineral,26,4.8430367,RoW,1109103.753813338,96507.86637632642
IDN,Indonesia,Asia,931877.38,19,.010565085,Basic metals and fabricated metal,27t28,1.9624588,EU27,525797.8714546115,185867.8530811876
IDN,Indonesia,Asia,931877.38,19,.010565085,Basic metals and fabricated metal,27t28,1.9624588,RoW,9808093.391388336,3313004.215939612
IDN,Indonesia,Asia,931877.38,19,.010565085,"Machinery, nec",29,.19455881,EU27,526406.3231005891,1093.562033304945
IDN,Indonesia,Asia,931877.38,19,.010565085,"Machinery, nec",29,.19455881,RoW,4080557.751049714,33292.93299140758
IDN,Indonesia,Asia,931877.38,19,.010565085,Electrical and optical equipment,30t33,.20186955,EU27,1952482.446687193,0
IDN,Indonesia,Asia,931877.38,19,.010565085,Electrical and optical equipment,30t33,.20186955,RoW,10766545.86853574,0
IDN,Indonesia,Asia,931877.38,19,.010565085,Transport equipment,34t35,.29114175,EU27,241293.157422401,0
IDN,Indonesia,Asia,931877.38,19,.010565085,Transport equipment,34t35,.29114175,RoW,8607480.947787846,0
IDN,Indonesia,Asia,931877.38,19,.010565085,Manufacturing nec; recycling,36t37,.26614583,EU27,755321.7848298125,0
IDN,Indonesia,Asia,931877.38,19,.010565085,Manufacturing nec; recycling,36t37,.26614583,RoW,8838286.285111845,13407.80295753479
IDN,Indonesia,Asia,931877.38,19,.010565085,"Agriculture, hunting, forestry and fishing",AtB,.37349537,EU27,1270485.48128022,0
IDN,Indonesia,Asia,931877.38,19,.010565085,"Agriculture, hunting, forestry and fishing",AtB,.37349537,RoW,6842567.127142558,0
IDN,Indonesia,Asia,931877.38,19,.010565085,Mining and quarrying,C,1.4879924,EU27,380132.6713406894,.1000000014901161
IDN,Indonesia,Asia,931877.38,19,.010565085,Mining and quarrying,C,1.4879924,RoW,32510242.33188893,1752.84098803997
IRN,Iran,Asia,466083.13,24,.0049052974,"Food , beverages and tobacco",15t16,.35987267,EU27,59190.64452097926,0
IRN,Iran,Asia,466083.13,24,.0049052974,"Food , beverages and tobacco",15t16,.35987267,RoW,2550885.689282177,0
IRN,Iran,Asia,466083.13,24,.0049052974,Textiles and textile,17t18,.34086084,EU27,70457.53452131234,0
IRN,Iran,Asia,466083.13,24,.0049052974,Textiles and textile,17t18,.34086084,RoW,747677.6344709119,0
IRN,Iran,Asia,466083.13,24,.0049052974,"Leather, leather and footwear",19,.19375706,EU27,20388.81747308746,0
IRN,Iran,Asia,466083.13,24,.0049052974,"Leather, leather and footwear",19,.19375706,RoW,141030.7078467347,0
IRN,Iran,Asia,466083.13,24,.0049052974,Wood and of wood and cork,20,.46805823,EU27,2124.468970918097,0
IRN,Iran,Asia,466083.13,24,.0049052974,Wood and of wood and cork,20,.46805823,RoW,40525.43609226961,0
IRN,Iran,Asia,466083.13,24,.0049052974,"Pulp, paper, paper , printing and publishing",21t22,.45346645,EU27,1002.197001675609,0
IRN,Iran,Asia,466083.13,24,.0049052974,"Pulp, paper, paper , printing and publishing",21t22,.45346645,RoW,64226.89630637015,0
IRN,Iran,Asia,466083.13,24,.0049052974,"Coke, refined petroleum and nuclear fuel",23,2.87748,EU27,35277.13675129414,0
IRN,Iran,Asia,466083.13,24,.0049052974,"Coke, refined petroleum and nuclear fuel",23,2.87748,RoW,4749754.594930444,0
IRN,Iran,Asia,466083.13,24,.0049052974,Chemicals and chemical,24,1.4067867,EU27,240056.0891509714,12832.02869026363
IRN,Iran,Asia,466083.13,24,.0049052974,Chemicals and chemical,24,1.4067867,RoW,9576474.687968429,875669.1750696395
IRN,Iran,Asia,466083.13,24,.0049052974,Rubber and plastics,25,.2790187,EU27,5777.751047674334,0
IRN,Iran,Asia,466083.13,24,.0049052974,Rubber and plastics,25,.2790187,RoW,1080507.830340651,0
IRN,Iran,Asia,466083.13,24,.0049052974,Other non-metallic mineral,26,4.8430367,EU27,28958.08874671604,15368.03173424676
IRN,Iran,Asia,466083.13,24,.0049052974,Other non-metallic mineral,26,4.8430367,RoW,1434571.657360554,422531.5925212204
IRN,Iran,Asia,466083.13,24,.0049052974,Basic metals and fabricated metal,27t28,1.9624588,EU27,551647.2162813399,542701.2314489196
IRN,Iran,Asia,466083.13,24,.0049052974,Basic metals and fabricated metal,27t28,1.9624588,RoW,3931606.609214471,2720974.727968803
IRN,Iran,Asia,466083.13,24,.0049052974,"Machinery, nec",29,.19455881,EU27,45098.15160334343,407.0810062251985
IRN,Iran,Asia,466083.13,24,.0049052974,"Machinery, nec",29,.19455881,RoW,625221.0641032557,28379.62189374771
IRN,Iran,Asia,466083.13,24,.0049052974,Electrical and optical equipment,30t33,.20186955,EU27,16664.77893925644,0
IRN,Iran,Asia,466083.13,24,.0049052974,Electrical and optical equipment,30t33,.20186955,RoW,389601.2564026526,0
IRN,Iran,Asia,466083.13,24,.0049052974,Transport equipment,34t35,.29114175,EU27,10939.92395655718,0
IRN,Iran,Asia,466083.13,24,.0049052974,Transport equipment,34t35,.29114175,RoW,174534.1742580815,0
IRN,Iran,Asia,466083.13,24,.0049052974,Manufacturing nec; recycling,36t37,.26614583,EU27,58647.93032845168,0
IRN,Iran,Asia,466083.13,24,.0049052974,Manufacturing nec; recycling,36t37,.26614583,RoW,442850.1835089773,107846.4456930161
IRN,Iran,Asia,466083.13,24,.0049052974,"Agriculture, hunting, forestry and fishing",AtB,.37349537,EU27,380638.471785067,0
IRN,Iran,Asia,466083.13,24,.0049052974,"Agriculture, hunting, forestry and fishing",AtB,.37349537,RoW,3071551.631005235,0
IRN,Iran,Asia,466083.13,24,.0049052974,Mining and quarrying,C,1.4879924,EU27,4067738.706980293,1.273999992758036
IRN,Iran,Asia,466083.13,24,.0049052974,Mining and quarrying,C,1.4879924,RoW,41183381.98770076,9401.528984094039
IRQ,Iraq,Asia,166602.5,29,.0029674652,"Food , beverages and tobacco",15t16,.35987267,EU27,8641.565851468593,0
IRQ,Iraq,Asia,166602.5,29,.0029674652,"Food , beverages and tobacco",15t16,.35987267,RoW,20926.18485234864,0
IRQ,Iraq,Asia,166602.5,29,.0029674652,Textiles and textile,17t18,.34086084,EU27,127.5149994314415,0
IRQ,Iraq,Asia,166602.5,29,.0029674652,Textiles and textile,17t18,.34086084,RoW,5542.776975718327,0
IRQ,Iraq,Asia,166602.5,29,.0029674652,"Leather, leather and footwear",19,.19375706,EU27,8386.193850002368,0
IRQ,Iraq,Asia,166602.5,29,.0029674652,"Leather, leather and footwear",19,.19375706,RoW,9287.319200871279,0
IRQ,Iraq,Asia,166602.5,29,.0029674652,Wood and of wood and cork,20,.46805823,EU27,.0260000005364418,0
IRQ,Iraq,Asia,166602.5,29,.0029674652,Wood and of wood and cork,20,.46805823,RoW,134.5400012242608,0
IRQ,Iraq,Asia,166602.5,29,.0029674652,"Pulp, paper, paper , printing and publishing",21t22,.45346645,EU27,337.3650146535365,0
IRQ,Iraq,Asia,166602.5,29,.0029674652,"Pulp, paper, paper , printing and publishing",21t22,.45346645,RoW,905.3310002326034,0
IRQ,Iraq,Asia,166602.5,29,.0029674652,"Coke, refined petroleum and nuclear fuel",23,2.87748,EU27,2.085999973118305,0
IRQ,Iraq,Asia,166602.5,29,.0029674652,"Coke, refined petroleum and nuclear fuel",23,2.87748,RoW,415590.7742037773,0
IRQ,Iraq,Asia,166602.5,29,.0029674652,Chemicals and chemical,24,1.4067867,EU27,86.59600122342817,0
IRQ,Iraq,Asia,166602.5,29,.0029674652,Chemicals and chemical,24,1.4067867,RoW,12171.90024077508,9837.022226333618
IRQ,Iraq,Asia,166602.5,29,.0029674652,Rubber and plastics,25,.2790187,EU27,24.05200005928054,0
IRQ,Iraq,Asia,166602.5,29,.0029674652,Rubber and plastics,25,.2790187,RoW,1755.308014107402,0
IRQ,Iraq,Asia,166602.5,29,.0029674652,Other non-metallic mineral,26,4.8430367,EU27,20.58200027048588,.0930000022053719
IRQ,Iraq,Asia,166602.5,29,.0029674652,Other non-metallic mineral,26,4.8430367,RoW,1818.666943418793,12.61100006103516
IRQ,Iraq,Asia,166602.5,29,.0029674652,Basic metals and fabricated metal,27t28,1.9624588,EU27,2422.817960750544,596.4980076383799
IRQ,Iraq,Asia,166602.5,29,.0029674652,Basic metals and fabricated metal,27t28,1.9624588,RoW,2482430.435263338,43972.23527379846
IRQ,Iraq,Asia,166602.5,29,.0029674652,"Machinery, nec",29,.19455881,EU27,1109.99802407017,0
IRQ,Iraq,Asia,166602.5,29,.0029674652,"Machinery, nec",29,.19455881,RoW,9560.144984171726,54.8280013538897
IRQ,Iraq,Asia,166602.5,29,.0029674652,Electrical and optical equipment,30t33,.20186955,EU27,6565.617035888601,0
IRQ,Iraq,Asia,166602.5,29,.0029674652,Electrical and optical equipment,30t33,.20186955,RoW,16652.7519950401,0
IRQ,Iraq,Asia,166602.5,29,.0029674652,Transport equipment,34t35,.29114175,EU27,419.105998724699,0
IRQ,Iraq,Asia,166602.5,29,.0029674652,Transport equipment,34t35,.29114175,RoW,4627.041942935437,0
IRQ,Iraq,Asia,166602.5,29,.0029674652,Manufacturing nec; recycling,36t37,.26614583,EU27,1136.709995833691,0
IRQ,Iraq,Asia,166602.5,29,.0029674652,Manufacturing nec; recycling,36t37,.26614583,RoW,55226.12352512986,3438.150035858154
IRQ,Iraq,Asia,166602.5,29,.0029674652,"Agriculture, hunting, forestry and fishing",AtB,.37349537,EU27,1514.439026907086,0
IRQ,Iraq,Asia,166602.5,29,.0029674652,"Agriculture, hunting, forestry and fishing",AtB,.37349537,RoW,125179.7603499042,0
IRQ,Iraq,Asia,166602.5,29,.0029674652,Mining and quarrying,C,1.4879924,EU27,10668327.07596855,.9829999804496765
IRQ,Iraq,Asia,166602.5,29,.0029674652,Mining and quarrying,C,1.4879924,RoW,31993764.91666389,0
ISR,Israel,Asia,321942.16,25,.0040186085,"Food , beverages and tobacco",15t16,.35987267,EU27,282703.6541709667,0
ISR,Israel,Asia,321942.16,25,.0040186085,"Food , beverages and tobacco",15t16,.35987267,RoW,1227349.003493293,0
ISR,Israel,Asia,321942.16,25,.0040186085,Textiles and textile,17t18,.34086084,EU27,237654.8598569727,0
ISR,Israel,Asia,321942.16,25,.0040186085,Textiles and textile,17t18,.34086084,RoW,708743.9361223318,0
ISR,Israel,Asia,321942.16,25,.0040186085,"Leather, leather and footwear",19,.19375706,EU27,20551.84794958855,0
ISR,Israel,Asia,321942.16,25,.0040186085,"Leather, leather and footwear",19,.19375706,RoW,84609.09306575288,0
ISR,Israel,Asia,321942.16,25,.0040186085,Wood and of wood and cork,20,.46805823,EU27,3099.145992830629,0
ISR,Israel,Asia,321942.16,25,.0040186085,Wood and of wood and cork,20,.46805823,RoW,93509.91669112945,0
ISR,Israel,Asia,321942.16,25,.0040186085,"Pulp, paper, paper , printing and publishing",21t22,.45346645,EU27,115156.7011848962,0
ISR,Israel,Asia,321942.16,25,.0040186085,"Pulp, paper, paper , printing and publishing",21t22,.45346645,RoW,334973.8300829557,0
ISR,Israel,Asia,321942.16,25,.0040186085,"Coke, refined petroleum and nuclear fuel",23,2.87748,EU27,535129.2195988633,0
ISR,Israel,Asia,321942.16,25,.0040186085,"Coke, refined petroleum and nuclear fuel",23,2.87748,RoW,1151746.688962219,0
ISR,Israel,Asia,321942.16,25,.0040186085,Chemicals and chemical,24,1.4067867,EU27,3131578.754980528,202249.2258879486
ISR,Israel,Asia,321942.16,25,.0040186085,Chemicals and chemical,24,1.4067867,RoW,10712747.42772747,500070.3276941422
ISR,Israel,Asia,321942.16,25,.0040186085,Rubber and plastics,25,.2790187,EU27,707629.6134117921,0
ISR,Israel,Asia,321942.16,25,.0040186085,Rubber and plastics,25,.2790187,RoW,1390427.73628591,0
ISR,Israel,Asia,321942.16,25,.0040186085,Other non-metallic mineral,26,4.8430367,EU27,53698.18000531895,.6319999918341637
ISR,Israel,Asia,321942.16,25,.0040186085,Other non-metallic mineral,26,4.8430367,RoW,689257.1556962872,173059.4189335962
ISR,Israel,Asia,321942.16,25,.0040186085,Basic metals and fabricated metal,27t28,1.9624588,EU27,521277.6748771025,109260.0485645978
ISR,Israel,Asia,321942.16,25,.0040186085,Basic metals and fabricated metal,27t28,1.9624588,RoW,1719374.100185586,616926.350762539
ISR,Israel,Asia,321942.16,25,.0040186085,"Machinery, nec",29,.19455881,EU27,1195075.567020903,1127.164994969964
ISR,Israel,Asia,321942.16,25,.0040186085,"Machinery, nec",29,.19455881,RoW,2811975.239878993,5436.679957472719
ISR,Israel,Asia,321942.16,25,.0040186085,Electrical and optical equipment,30t33,.20186955,EU27,2162957.194194778,0
ISR,Israel,Asia,321942.16,25,.0040186085,Electrical and optical equipment,30t33,.20186955,RoW,12339043.31154882,0
ISR,Israel,Asia,321942.16,25,.0040186085,Transport equipment,34t35,.29114175,EU27,356934.0500369542,0
ISR,Israel,Asia,321942.16,25,.0040186085,Transport equipment,34t35,.29114175,RoW,1277850.286216109,0
ISR,Israel,Asia,321942.16,25,.0040186085,Manufacturing nec; recycling,36t37,.26614583,EU27,1105267.424521595,26348.71109008789
ISR,Israel,Asia,321942.16,25,.0040186085,Manufacturing nec; recycling,36t37,.26614583,RoW,12500378.60233771,609600.4672317505
ISR,Israel,Asia,321942.16,25,.0040186085,"Agriculture, hunting, forestry and fishing",AtB,.37349537,EU27,681450.2761653232,0
ISR,Israel,Asia,321942.16,25,.0040186085,"Agriculture, hunting, forestry and fishing",AtB,.37349537,RoW,1198315.584270093,0
ISR,Israel,Asia,321942.16,25,.0040186085,Mining and quarrying,C,1.4879924,EU27,792097.6940146866,19.03400030732155
ISR,Israel,Asia,321942.16,25,.0040186085,Mining and quarrying,C,1.4879924,RoW,1954898.365677762,70.43799969553947
JPN,Japan,Asia,5003677.5,3,.041383877,"Food , beverages and tobacco",15t16,.35987267,EU27,242422.8884962038,0
JPN,Japan,Asia,5003677.5,3,.041383877,"Food , beverages and tobacco",15t16,.35987267,RoW,4960722.840515569,0
JPN,Japan,Asia,5003677.5,3,.041383877,Textiles and textile,17t18,.34086084,EU27,447484.4661810634,0
JPN,Japan,Asia,5003677.5,3,.041383877,Textiles and textile,17t18,.34086084,RoW,5789841.678145701,0
JPN,Japan,Asia,5003677.5,3,.041383877,"Leather, leather and footwear",19,.19375706,EU27,21545.12603784166,0
JPN,Japan,Asia,5003677.5,3,.041383877,"Leather, leather and footwear",19,.19375706,RoW,264140.4177096639,0
JPN,Japan,Asia,5003677.5,3,.041383877,Wood and of wood and cork,20,.46805823,EU27,6151.69505498989,0
JPN,Japan,Asia,5003677.5,3,.041383877,Wood and of wood and cork,20,.46805823,RoW,156817.1220393762,0
JPN,Japan,Asia,5003677.5,3,.041383877,"Pulp, paper, paper , printing and publishing",21t22,.45346645,EU27,362323.3440015322,0
JPN,Japan,Asia,5003677.5,3,.041383877,"Pulp, paper, paper , printing and publishing",21t22,.45346645,RoW,5107750.204118551,0
JPN,Japan,Asia,5003677.5,3,.041383877,"Coke, refined petroleum and nuclear fuel",23,2.87748,EU27,137197.8102332195,0
JPN,Japan,Asia,5003677.5,3,.041383877,"Coke, refined petroleum and nuclear fuel",23,2.87748,RoW,7816281.492964187,0
JPN,Japan,Asia,5003677.5,3,.041383877,Chemicals and chemical,24,1.4067867,EU27,7468066.643591215,40686.81310149468
JPN,Japan,Asia,5003677.5,3,.041383877,Chemicals and chemical,24,1.4067867,RoW,60813083.22518799,593700.4851315728
JPN,Japan,Asia,5003677.5,3,.041383877,Rubber and plastics,25,.2790187,EU27,1757703.396318042,0
JPN,Japan,Asia,5003677.5,3,.041383877,Rubber and plastics,25,.2790187,RoW,19464088.78247184,0
JPN,Japan,Asia,5003677.5,3,.041383877,Other non-metallic mineral,26,4.8430367,EU27,803108.9176150033,6369.633178189397
JPN,Japan,Asia,5003677.5,3,.041383877,Other non-metallic mineral,26,4.8430367,RoW,6941698.452188944,423070.999200264
JPN,Japan,Asia,5003677.5,3,.041383877,Basic metals and fabricated metal,27t28,1.9624588,EU27,2367930.605197572,1285269.719165099
JPN,Japan,Asia,5003677.5,3,.041383877,Basic metals and fabricated metal,27t28,1.9624588,RoW,58423159.49575229,34402957.39781554
JPN,Japan,Asia,5003677.5,3,.041383877,"Machinery, nec",29,.19455881,EU27,13674452.41503971,107282.6274332437
JPN,Japan,Asia,5003677.5,3,.041383877,"Machinery, nec",29,.19455881,RoW,92213334.74896908,439405.094108162
JPN,Japan,Asia,5003677.5,3,.041383877,Electrical and optical equipment,30t33,.20186955,EU27,16719586.5439289,0
JPN,Japan,Asia,5003677.5,3,.041383877,Electrical and optical equipment,30t33,.20186955,RoW,136655517.8405063,0
JPN,Japan,Asia,5003677.5,3,.041383877,Transport equipment,34t35,.29114175,EU27,18356383.69172034,0
JPN,Japan,Asia,5003677.5,3,.041383877,Transport equipment,34t35,.29114175,RoW,161097217.1185032,0
JPN,Japan,Asia,5003677.5,3,.041383877,Manufacturing nec; recycling,36t37,.26614583,EU27,1095587.812962732,1123.564005792141
JPN,Japan,Asia,5003677.5,3,.041383877,Manufacturing nec; recycling,36t37,.26614583,RoW,14649497.67597052,184304.7134301662
JPN,Japan,Asia,5003677.5,3,.041383877,"Agriculture, hunting, forestry and fishing",AtB,.37349537,EU27,72614.84326459188,0
JPN,Japan,Asia,5003677.5,3,.041383877,"Agriculture, hunting, forestry and fishing",AtB,.37349537,RoW,1148268.011416936,0
JPN,Japan,Asia,5003677.5,3,.041383877,Mining and quarrying,C,1.4879924,EU27,35029.08977515297,83.55100155761465
JPN,Japan,Asia,5003677.5,3,.041383877,Mining and quarrying,C,1.4879924,RoW,414497.8746074414,7563.962063549086
JOR,Jordan,Asia,39892.254,62,.00058697758,"Food , beverages and tobacco",15t16,.35987267,EU27,20329.73883297993,0
JOR,Jordan,Asia,39892.254,62,.00058697758,"Food , beverages and tobacco",15t16,.35987267,RoW,506468.6659657612,0
JOR,Jordan,Asia,39892.254,62,.00058697758,Textiles and textile,17t18,.34086084,EU27,70151.18105188652,0
JOR,Jordan,Asia,39892.254,62,.00058697758,Textiles and textile,17t18,.34086084,RoW,1846130.305923775,0
JOR,Jordan,Asia,39892.254,62,.00058697758,"Leather, leather and footwear",19,.19375706,EU27,3540.253058017697,0
JOR,Jordan,Asia,39892.254,62,.00058697758,"Leather, leather and footwear",19,.19375706,RoW,11137.75491494033,0
JOR,Jordan,Asia,39892.254,62,.00058697758,Wood and of wood and cork,20,.46805823,EU27,31.46399955451488,0
JOR,Jordan,Asia,39892.254,62,.00058697758,Wood and of wood and cork,20,.46805823,RoW,9219.574900970561,0
JOR,Jordan,Asia,39892.254,62,.00058697758,"Pulp, paper, paper , printing and publishing",21t22,.45346645,EU27,429.4700015232665,0
JOR,Jordan,Asia,39892.254,62,.00058697758,"Pulp, paper, paper , printing and publishing",21t22,.45346645,RoW,182741.1144518115,0
JOR,Jordan,Asia,39892.254,62,.00058697758,"Coke, refined petroleum and nuclear fuel",23,2.87748,EU27,67.47099961340427,0
JOR,Jordan,Asia,39892.254,62,.00058697758,"Coke, refined petroleum and nuclear fuel",23,2.87748,RoW,1934.327989464626,0
JOR,Jordan,Asia,39892.254,62,.00058697758,Chemicals and chemical,24,1.4067867,EU27,151136.6876435683,63222.23635470867
JOR,Jordan,Asia,39892.254,62,.00058697758,Chemicals and chemical,24,1.4067867,RoW,2968732.473932037,388042.8060803758
JOR,Jordan,Asia,39892.254,62,.00058697758,Rubber and plastics,25,.2790187,EU27,11704.61473381403,0
JOR,Jordan,Asia,39892.254,62,.00058697758,Rubber and plastics,25,.2790187,RoW,168824.2963497041,0
JOR,Jordan,Asia,39892.254,62,.00058697758,Other non-metallic mineral,26,4.8430367,EU27,345.6780030522496,.4810000061988831
JOR,Jordan,Asia,39892.254,62,.00058697758,Other non-metallic mineral,26,4.8430367,RoW,122953.8426988544,24306.80676489696
JOR,Jordan,Asia,39892.254,62,.00058697758,Basic metals and fabricated metal,27t28,1.9624588,EU27,32630.93612493167,10048.5657336904
JOR,Jordan,Asia,39892.254,62,.00058697758,Basic metals and fabricated metal,27t28,1.9624588,RoW,334629.2026912584,213613.7829299017
JOR,Jordan,Asia,39892.254,62,.00058697758,"Machinery, nec",29,.19455881,EU27,6882.822081637103,52.78300036489964
JOR,Jordan,Asia,39892.254,62,.00058697758,"Machinery, nec",29,.19455881,RoW,196421.3624576592,1350.36498313304
JOR,Jordan,Asia,39892.254,62,.00058697758,Electrical and optical equipment,30t33,.20186955,EU27,8798.342953272862,0
JOR,Jordan,Asia,39892.254,62,.00058697758,Electrical and optical equipment,30t33,.20186955,RoW,267457.4015835493,0
JOR,Jordan,Asia,39892.254,62,.00058697758,Transport equipment,34t35,.29114175,EU27,235437.7295283731,0
JOR,Jordan,Asia,39892.254,62,.00058697758,Transport equipment,34t35,.29114175,RoW,246524.2036813535,0
JOR,Jordan,Asia,39892.254,62,.00058697758,Manufacturing nec; recycling,36t37,.26614583,EU27,41238.23173985991,2522.447957992554
JOR,Jordan,Asia,39892.254,62,.00058697758,Manufacturing nec; recycling,36t37,.26614583,RoW,267977.3812030879,26962.83988571167
JOR,Jordan,Asia,39892.254,62,.00058697758,"Agriculture, hunting, forestry and fishing",AtB,.37349537,EU27,9945.916081184521,0
JOR,Jordan,Asia,39892.254,62,.00058697758,"Agriculture, hunting, forestry and fishing",AtB,.37349537,RoW,719980.5643771943,0
JOR,Jordan,Asia,39892.254,62,.00058697758,Mining and quarrying,C,1.4879924,EU27,18326.04812023416,0
JOR,Jordan,Asia,39892.254,62,.00058697758,Mining and quarrying,C,1.4879924,RoW,608129.9986538177,1340.957997053862
KAZ,Kazakhstan,Asia,137278.33,32,.0025197284,"Food , beverages and tobacco",15t16,.35987267,EU27,48407.04066775867,0
KAZ,Kazakhstan,Asia,137278.33,32,.0025197284,"Food , beverages and tobacco",15t16,.35987267,RoW,1008096.008680535,0
KAZ,Kazakhstan,Asia,137278.33,32,.0025197284,Textiles and textile,17t18,.34086084,EU27,10762.14492345031,0
KAZ,Kazakhstan,Asia,137278.33,32,.0025197284,Textiles and textile,17t18,.34086084,RoW,75642.64076380886,0
KAZ,Kazakhstan,Asia,137278.33,32,.0025197284,"Leather, leather and footwear",19,.19375706,EU27,7430.322207224672,0
KAZ,Kazakhstan,Asia,137278.33,32,.0025197284,"Leather, leather and footwear",19,.19375706,RoW,121708.3611893842,0
KAZ,Kazakhstan,Asia,137278.33,32,.0025197284,Wood and of wood and cork,20,.46805823,EU27,180.3350016637705,0
KAZ,Kazakhstan,Asia,137278.33,32,.0025197284,Wood and of wood and cork,20,.46805823,RoW,14566.36879377707,0
KAZ,Kazakhstan,Asia,137278.33,32,.0025197284,"Pulp, paper, paper , printing and publishing",21t22,.45346645,EU27,533.6650078963721,0
KAZ,Kazakhstan,Asia,137278.33,32,.0025197284,"Pulp, paper, paper , printing and publishing",21t22,.45346645,RoW,244317.7723987731,0
KAZ,Kazakhstan,Asia,137278.33,32,.0025197284,"Coke, refined petroleum and nuclear fuel",23,2.87748,EU27,1108307.933528798,0
KAZ,Kazakhstan,Asia,137278.33,32,.0025197284,"Coke, refined petroleum and nuclear fuel",23,2.87748,RoW,2161109.616442116,0
KAZ,Kazakhstan,Asia,137278.33,32,.0025197284,Chemicals and chemical,24,1.4067867,EU27,288244.7735738168,139837.8893121481
KAZ,Kazakhstan,Asia,137278.33,32,.0025197284,Chemicals and chemical,24,1.4067867,RoW,416923.8784287639,84689.33032076433
KAZ,Kazakhstan,Asia,137278.33,32,.0025197284,Rubber and plastics,25,.2790187,EU27,3968.134013656643,0
KAZ,Kazakhstan,Asia,137278.33,32,.0025197284,Rubber and plastics,25,.2790187,RoW,63485.50503554649,0
KAZ,Kazakhstan,Asia,137278.33,32,.0025197284,Other non-metallic mineral,26,4.8430367,EU27,4407.753021688666,.6549999767448753
KAZ,Kazakhstan,Asia,137278.33,32,.0025197284,Other non-metallic mineral,26,4.8430367,RoW,56110.00214474066,15902.59710456233
KAZ,Kazakhstan,Asia,137278.33,32,.0025197284,Basic metals and fabricated metal,27t28,1.9624588,EU27,1260986.878507439,476576.0837014706
KAZ,Kazakhstan,Asia,137278.33,32,.0025197284,Basic metals and fabricated metal,27t28,1.9624588,RoW,6740722.364900962,3079116.696834427
KAZ,Kazakhstan,Asia,137278.33,32,.0025197284,"Machinery, nec",29,.19455881,EU27,51082.95892854547,6.982999954372644
KAZ,Kazakhstan,Asia,137278.33,32,.0025197284,"Machinery, nec",29,.19455881,RoW,266241.7864422945,4029.775109151844
KAZ,Kazakhstan,Asia,137278.33,32,.0025197284,Electrical and optical equipment,30t33,.20186955,EU27,33195.81195479841,0
KAZ,Kazakhstan,Asia,137278.33,32,.0025197284,Electrical and optical equipment,30t33,.20186955,RoW,202195.8976475494,0
KAZ,Kazakhstan,Asia,137278.33,32,.0025197284,Transport equipment,34t35,.29114175,EU27,53008.35929599404,0
KAZ,Kazakhstan,Asia,137278.33,32,.0025197284,Transport equipment,34t35,.29114175,RoW,235334.3811106653,0
KAZ,Kazakhstan,Asia,137278.33,32,.0025197284,Manufacturing nec; recycling,36t37,.26614583,EU27,11512.85093632783,881.0189973264933
KAZ,Kazakhstan,Asia,137278.33,32,.0025197284,Manufacturing nec; recycling,36t37,.26614583,RoW,270062.1990745901,49681.06031131744
KAZ,Kazakhstan,Asia,137278.33,32,.0025197284,"Agriculture, hunting, forestry and fishing",AtB,.37349537,EU27,195267.2690091672,0
KAZ,Kazakhstan,Asia,137278.33,32,.0025197284,"Agriculture, hunting, forestry and fishing",AtB,.37349537,RoW,1063892.222341683,0
KAZ,Kazakhstan,Asia,137278.33,32,.0025197284,Mining and quarrying,C,1.4879924,EU27,15505662.98895904,0
KAZ,Kazakhstan,Asia,137278.33,32,.0025197284,Mining and quarrying,C,1.4879924,RoW,7412682.184267848,135929.5726250559
KEN,Kenya,Africa,74815.141,74,.0003919717,"Food , beverages and tobacco",15t16,.35987267,EU27,121217.9199513335,0
KEN,Kenya,Africa,74815.141,74,.0003919717,"Food , beverages and tobacco",15t16,.35987267,RoW,619468.804812593,0
KEN,Kenya,Africa,74815.141,74,.0003919717,Textiles and textile,17t18,.34086084,EU27,13922.8948258874,0
KEN,Kenya,Africa,74815.141,74,.0003919717,Textiles and textile,17t18,.34086084,RoW,424640.8621762142,0
KEN,Kenya,Africa,74815.141,74,.0003919717,"Leather, leather and footwear",19,.19375706,EU27,32481.21796332113,0
KEN,Kenya,Africa,74815.141,74,.0003919717,"Leather, leather and footwear",19,.19375706,RoW,73797.08882199158,0
KEN,Kenya,Africa,74815.141,74,.0003919717,Wood and of wood and cork,20,.46805823,EU27,471.0250021051615,0
KEN,Kenya,Africa,74815.141,74,.0003919717,Wood and of wood and cork,20,.46805823,RoW,7118.030979568139,0
KEN,Kenya,Africa,74815.141,74,.0003919717,"Pulp, paper, paper , printing and publishing",21t22,.45346645,EU27,264.1709987657377,0
KEN,Kenya,Africa,74815.141,74,.0003919717,"Pulp, paper, paper , printing and publishing",21t22,.45346645,RoW,121751.4728055488,0
KEN,Kenya,Africa,74815.141,74,.0003919717,"Coke, refined petroleum and nuclear fuel",23,2.87748,EU27,49449.86033233255,0
KEN,Kenya,Africa,74815.141,74,.0003919717,"Coke, refined petroleum and nuclear fuel",23,2.87748,RoW,353161.4740297198,0
KEN,Kenya,Africa,74815.141,74,.0003919717,Chemicals and chemical,24,1.4067867,EU27,7318.299982602708,.0099999997764826
KEN,Kenya,Africa,74815.141,74,.0003919717,Chemicals and chemical,24,1.4067867,RoW,422101.8195036483,27404.25418826658
KEN,Kenya,Africa,74815.141,74,.0003919717,Rubber and plastics,25,.2790187,EU27,693.7489979999373,0
KEN,Kenya,Africa,74815.141,74,.0003919717,Rubber and plastics,25,.2790187,RoW,136589.520074056,0
KEN,Kenya,Africa,74815.141,74,.0003919717,Other non-metallic mineral,26,4.8430367,EU27,875.8430036109639,2.44300003349781
KEN,Kenya,Africa,74815.141,74,.0003919717,Other non-metallic mineral,26,4.8430367,RoW,64565.22872730577,45713.16888881009
KEN,Kenya,Africa,74815.141,74,.0003919717,Basic metals and fabricated metal,27t28,1.9624588,EU27,1758.223987766891,856.1500012413599
KEN,Kenya,Africa,74815.141,74,.0003919717,Basic metals and fabricated metal,27t28,1.9624588,RoW,255111.9628852323,194513.7918015401
KEN,Kenya,Africa,74815.141,74,.0003919717,"Machinery, nec",29,.19455881,EU27,1880.08099009376,6.143000230193138
KEN,Kenya,Africa,74815.141,74,.0003919717,"Machinery, nec",29,.19455881,RoW,174019.5532770918,1630.233003126923
KEN,Kenya,Africa,74815.141,74,.0003919717,Electrical and optical equipment,30t33,.20186955,EU27,5283.465004153317,0
KEN,Kenya,Africa,74815.141,74,.0003919717,Electrical and optical equipment,30t33,.20186955,RoW,168870.4444607513,0
KEN,Kenya,Africa,74815.141,74,.0003919717,Transport equipment,34t35,.29114175,EU27,2226.432024011388,0
KEN,Kenya,Africa,74815.141,74,.0003919717,Transport equipment,34t35,.29114175,RoW,70239.2520778958,0
KEN,Kenya,Africa,74815.141,74,.0003919717,Manufacturing nec; recycling,36t37,.26614583,EU27,10010.60809394717,49.6870002746582
KEN,Kenya,Africa,74815.141,74,.0003919717,Manufacturing nec; recycling,36t37,.26614583,RoW,109611.4208814201,9533.142118453979
KEN,Kenya,Africa,74815.141,74,.0003919717,"Agriculture, hunting, forestry and fishing",AtB,.37349537,EU27,660393.5719108908,0
KEN,Kenya,Africa,74815.141,74,.0003919717,"Agriculture, hunting, forestry and fishing",AtB,.37349537,RoW,1941094.260156312,0
KEN,Kenya,Africa,74815.141,74,.0003919717,Mining and quarrying,C,1.4879924,EU27,8772.140081425197,0
KEN,Kenya,Africa,74815.141,74,.0003919717,Mining and quarrying,C,1.4879924,RoW,197773.6524915808,273.8489961624146
KWT,Kuwait,Asia,109406.16,30,.002690631,"Food , beverages and tobacco",15t16,.35987267,EU27,928.6049943612888,0
KWT,Kuwait,Asia,109406.16,30,.002690631,"Food , beverages and tobacco",15t16,.35987267,RoW,450524.8015825225,0
KWT,Kuwait,Asia,109406.16,30,.002690631,Textiles and textile,17t18,.34086084,EU27,2582.160008581355,0
KWT,Kuwait,Asia,109406.16,30,.002690631,Textiles and textile,17t18,.34086084,RoW,72524.78137617768,0
KWT,Kuwait,Asia,109406.16,30,.002690631,"Leather, leather and footwear",19,.19375706,EU27,2194.14900735952,0
KWT,Kuwait,Asia,109406.16,30,.002690631,"Leather, leather and footwear",19,.19375706,RoW,11027.18003657949,0
KWT,Kuwait,Asia,109406.16,30,.002690631,Wood and of wood and cork,20,.46805823,EU27,112.8179992847145,0
KWT,Kuwait,Asia,109406.16,30,.002690631,Wood and of wood and cork,20,.46805823,RoW,4416.112001481466,0
KWT,Kuwait,Asia,109406.16,30,.002690631,"Pulp, paper, paper , printing and publishing",21t22,.45346645,EU27,269.3059958597878,0
KWT,Kuwait,Asia,109406.16,30,.002690631,"Pulp, paper, paper , printing and publishing",21t22,.45346645,RoW,101747.1118339241,0
KWT,Kuwait,Asia,109406.16,30,.002690631,"Coke, refined petroleum and nuclear fuel",23,2.87748,EU27,429264.6846306249,0
KWT,Kuwait,Asia,109406.16,30,.002690631,"Coke, refined petroleum and nuclear fuel",23,2.87748,RoW,8152461.802177191,0
KWT,Kuwait,Asia,109406.16,30,.002690631,Chemicals and chemical,24,1.4067867,EU27,179650.2614381423,7378.14208984375
KWT,Kuwait,Asia,109406.16,30,.002690631,Chemicals and chemical,24,1.4067867,RoW,3274597.566520534,253115.7165934797
KWT,Kuwait,Asia,109406.16,30,.002690631,Rubber and plastics,25,.2790187,EU27,975.2639978750376,0
KWT,Kuwait,Asia,109406.16,30,.002690631,Rubber and plastics,25,.2790187,RoW,70790.60967905412,0
KWT,Kuwait,Asia,109406.16,30,.002690631,Other non-metallic mineral,26,4.8430367,EU27,137.8870020620525,0
KWT,Kuwait,Asia,109406.16,30,.002690631,Other non-metallic mineral,26,4.8430367,RoW,92597.28973792773,319.6839887276292
KWT,Kuwait,Asia,109406.16,30,.002690631,Basic metals and fabricated metal,27t28,1.9624588,EU27,7972.711920791306,5639.17393477913
KWT,Kuwait,Asia,109406.16,30,.002690631,Basic metals and fabricated metal,27t28,1.9624588,RoW,258169.4235762951,192723.1843065156
KWT,Kuwait,Asia,109406.16,30,.002690631,"Machinery, nec",29,.19455881,EU27,30811.37148850039,27.03500062227249
KWT,Kuwait,Asia,109406.16,30,.002690631,"Machinery, nec",29,.19455881,RoW,141994.605881471,456.1219981107861
KWT,Kuwait,Asia,109406.16,30,.002690631,Electrical and optical equipment,30t33,.20186955,EU27,20433.51904343418,0
KWT,Kuwait,Asia,109406.16,30,.002690631,Electrical and optical equipment,30t33,.20186955,RoW,179363.4590975659,0
KWT,Kuwait,Asia,109406.16,30,.002690631,Transport equipment,34t35,.29114175,EU27,21787.39272835478,0
KWT,Kuwait,Asia,109406.16,30,.002690631,Transport equipment,34t35,.29114175,RoW,751401.7792386813,0
KWT,Kuwait,Asia,109406.16,30,.002690631,Manufacturing nec; recycling,36t37,.26614583,EU27,10997.7748114001,1325.007977485657
KWT,Kuwait,Asia,109406.16,30,.002690631,Manufacturing nec; recycling,36t37,.26614583,RoW,428492.9191636927,43692.27988409996
KWT,Kuwait,Asia,109406.16,30,.002690631,"Agriculture, hunting, forestry and fishing",AtB,.37349537,EU27,300.0860014593927,0
KWT,Kuwait,Asia,109406.16,30,.002690631,"Agriculture, hunting, forestry and fishing",AtB,.37349537,RoW,78569.97017721739,0
KWT,Kuwait,Asia,109406.16,30,.002690631,Mining and quarrying,C,1.4879924,EU27,1777861.851179656,0
KWT,Kuwait,Asia,109406.16,30,.002690631,Mining and quarrying,C,1.4879924,RoW,25021959.78331725,34.91899967193604
LAO,Laos,Asia,15912.517,82,.0003286167,"Food , beverages and tobacco",15t16,.35987267,EU27,32635.09645057609,0
LAO,Laos,Asia,15912.517,82,.0003286167,"Food , beverages and tobacco",15t16,.35987267,RoW,479221.9594326606,0
LAO,Laos,Asia,15912.517,82,.0003286167,Textiles and textile,17t18,.34086084,EU27,168057.1570160612,0
LAO,Laos,Asia,15912.517,82,.0003286167,Textiles and textile,17t18,.34086084,RoW,111675.7266674436,0
LAO,Laos,Asia,15912.517,82,.0003286167,"Leather, leather and footwear",19,.19375706,EU27,5346.669988114387,0
LAO,Laos,Asia,15912.517,82,.0003286167,"Leather, leather and footwear",19,.19375706,RoW,36719.93217475154,0
LAO,Laos,Asia,15912.517,82,.0003286167,Wood and of wood and cork,20,.46805823,EU27,203.0280032623559,0
LAO,Laos,Asia,15912.517,82,.0003286167,Wood and of wood and cork,20,.46805823,RoW,68643.7711135922,0
LAO,Laos,Asia,15912.517,82,.0003286167,"Pulp, paper, paper , printing and publishing",21t22,.45346645,EU27,2928.507886952721,0
LAO,Laos,Asia,15912.517,82,.0003286167,"Pulp, paper, paper , printing and publishing",21t22,.45346645,RoW,3270.947974339011,0
LAO,Laos,Asia,15912.517,82,.0003286167,"Coke, refined petroleum and nuclear fuel",23,2.87748,EU27,.2290000021457672,0
LAO,Laos,Asia,15912.517,82,.0003286167,"Coke, refined petroleum and nuclear fuel",23,2.87748,RoW,8285.020886182785,0
LAO,Laos,Asia,15912.517,82,.0003286167,Chemicals and chemical,24,1.4067867,EU27,564.4699926336762,3.25
LAO,Laos,Asia,15912.517,82,.0003286167,Chemicals and chemical,24,1.4067867,RoW,283510.0871814322,23322.45913124084
LAO,Laos,Asia,15912.517,82,.0003286167,Rubber and plastics,25,.2790187,EU27,78.32200101669878,0
LAO,Laos,Asia,15912.517,82,.0003286167,Rubber and plastics,25,.2790187,RoW,19230.69708774867,0
LAO,Laos,Asia,15912.517,82,.0003286167,Other non-metallic mineral,26,4.8430367,EU27,30.49100033007562,0
LAO,Laos,Asia,15912.517,82,.0003286167,Other non-metallic mineral,26,4.8430367,RoW,2868.667022589594,177.026999399066
LAO,Laos,Asia,15912.517,82,.0003286167,Basic metals and fabricated metal,27t28,1.9624588,EU27,3264.369882565923,2.160000021569431
LAO,Laos,Asia,15912.517,82,.0003286167,Basic metals and fabricated metal,27t28,1.9624588,RoW,626072.3347468904,12795.01989814802
LAO,Laos,Asia,15912.517,82,.0003286167,"Machinery, nec",29,.19455881,EU27,1867.892010744661,0
LAO,Laos,Asia,15912.517,82,.0003286167,"Machinery, nec",29,.19455881,RoW,16778.81530285685,.0989999994635582
LAO,Laos,Asia,15912.517,82,.0003286167,Electrical and optical equipment,30t33,.20186955,EU27,1021.368982101325,0
LAO,Laos,Asia,15912.517,82,.0003286167,Electrical and optical equipment,30t33,.20186955,RoW,419868.8037917768,0
LAO,Laos,Asia,15912.517,82,.0003286167,Transport equipment,34t35,.29114175,EU27,226.1549923345447,0
LAO,Laos,Asia,15912.517,82,.0003286167,Transport equipment,34t35,.29114175,RoW,68616.02375148225,0
LAO,Laos,Asia,15912.517,82,.0003286167,Manufacturing nec; recycling,36t37,.26614583,EU27,2440.25799722597,0
LAO,Laos,Asia,15912.517,82,.0003286167,Manufacturing nec; recycling,36t37,.26614583,RoW,1106377.006070805,1056508.887278557
LAO,Laos,Asia,15912.517,82,.0003286167,"Agriculture, hunting, forestry and fishing",AtB,.37349537,EU27,29033.87575707422,0
LAO,Laos,Asia,15912.517,82,.0003286167,"Agriculture, hunting, forestry and fishing",AtB,.37349537,RoW,814191.913278601,0
LAO,Laos,Asia,15912.517,82,.0003286167,Mining and quarrying,C,1.4879924,EU27,29.78600063920021,0
LAO,Laos,Asia,15912.517,82,.0003286167,Mining and quarrying,C,1.4879924,RoW,764883.5292909533,0
LBN,Lebanon,Asia,51150.492,92,.00023589362,"Food , beverages and tobacco",15t16,.35987267,EU27,61579.16811445495,0
LBN,Lebanon,Asia,51150.492,92,.00023589362,"Food , beverages and tobacco",15t16,.35987267,RoW,486376.9086194946,0
LBN,Lebanon,Asia,51150.492,92,.00023589362,Textiles and textile,17t18,.34086084,EU27,19044.73296852107,0
LBN,Lebanon,Asia,51150.492,92,.00023589362,Textiles and textile,17t18,.34086084,RoW,93794.13311801804,0
LBN,Lebanon,Asia,51150.492,92,.00023589362,"Leather, leather and footwear",19,.19375706,EU27,4680.3039056618,0
LBN,Lebanon,Asia,51150.492,92,.00023589362,"Leather, leather and footwear",19,.19375706,RoW,19554.13116231887,0
LBN,Lebanon,Asia,51150.492,92,.00023589362,Wood and of wood and cork,20,.46805823,EU27,281.3679979293374,0
LBN,Lebanon,Asia,51150.492,92,.00023589362,Wood and of wood and cork,20,.46805823,RoW,14214.78597275331,0
LBN,Lebanon,Asia,51150.492,92,.00023589362,"Pulp, paper, paper , printing and publishing",21t22,.45346645,EU27,10730.01104954095,0
LBN,Lebanon,Asia,51150.492,92,.00023589362,"Pulp, paper, paper , printing and publishing",21t22,.45346645,RoW,175798.1733552534,0
LBN,Lebanon,Asia,51150.492,92,.00023589362,"Coke, refined petroleum and nuclear fuel",23,2.87748,EU27,34.72300106473267,0
LBN,Lebanon,Asia,51150.492,92,.00023589362,"Coke, refined petroleum and nuclear fuel",23,2.87748,RoW,2837.884052773938,0
LBN,Lebanon,Asia,51150.492,92,.00023589362,Chemicals and chemical,24,1.4067867,EU27,54993.37655261473,496.7350034639239
LBN,Lebanon,Asia,51150.492,92,.00023589362,Chemicals and chemical,24,1.4067867,RoW,324813.8008132346,9013.445934545249
LBN,Lebanon,Asia,51150.492,92,.00023589362,Rubber and plastics,25,.2790187,EU27,58223.22053697088,0
LBN,Lebanon,Asia,51150.492,92,.00023589362,Rubber and plastics,25,.2790187,RoW,87728.5492355905,0
LBN,Lebanon,Asia,51150.492,92,.00023589362,Other non-metallic mineral,26,4.8430367,EU27,3422.164002298727,663.9610000252724
LBN,Lebanon,Asia,51150.492,92,.00023589362,Other non-metallic mineral,26,4.8430367,RoW,29921.46002373076,2935.421048283577
LBN,Lebanon,Asia,51150.492,92,.00023589362,Basic metals and fabricated metal,27t28,1.9624588,EU27,40454.76562688081,6426.356980468845
LBN,Lebanon,Asia,51150.492,92,.00023589362,Basic metals and fabricated metal,27t28,1.9624588,RoW,889891.2890125131,84023.0480446897
LBN,Lebanon,Asia,51150.492,92,.00023589362,"Machinery, nec",29,.19455881,EU27,13256.74598575977,124.5169991782168
LBN,Lebanon,Asia,51150.492,92,.00023589362,"Machinery, nec",29,.19455881,RoW,168347.8262093457,1794.055003291927
LBN,Lebanon,Asia,51150.492,92,.00023589362,Electrical and optical equipment,30t33,.20186955,EU27,27201.20676484751,0
LBN,Lebanon,Asia,51150.492,92,.00023589362,Electrical and optical equipment,30t33,.20186955,RoW,244614.9791010852,0
LBN,Lebanon,Asia,51150.492,92,.00023589362,Transport equipment,34t35,.29114175,EU27,27999.49361627549,0
LBN,Lebanon,Asia,51150.492,92,.00023589362,Transport equipment,34t35,.29114175,RoW,21619.07193025528,0
LBN,Lebanon,Asia,51150.492,92,.00023589362,Manufacturing nec; recycling,36t37,.26614583,EU27,78477.2766503453,3918.317956924438
LBN,Lebanon,Asia,51150.492,92,.00023589362,Manufacturing nec; recycling,36t37,.26614583,RoW,378437.6536948809,15816.02225732803
LBN,Lebanon,Asia,51150.492,92,.00023589362,"Agriculture, hunting, forestry and fishing",AtB,.37349537,EU27,31258.72113680653,0
LBN,Lebanon,Asia,51150.492,92,.00023589362,"Agriculture, hunting, forestry and fishing",AtB,.37349537,RoW,272235.2450420066,0
LBN,Lebanon,Asia,51150.492,92,.00023589362,Mining and quarrying,C,1.4879924,EU27,1053.274987402838,0
LBN,Lebanon,Asia,51150.492,92,.00023589362,Mining and quarrying,C,1.4879924,RoW,2264.834989608731,5.888999938964844
MDG,Madagascar,Africa,11848.614,100,.00017196516,"Food , beverages and tobacco",15t16,.35987267,EU27,159450.786209556,0
MDG,Madagascar,Africa,11848.614,100,.00017196516,"Food , beverages and tobacco",15t16,.35987267,RoW,44924.24583573872,0
MDG,Madagascar,Africa,11848.614,100,.00017196516,Textiles and textile,17t18,.34086084,EU27,351851.0775517868,0
MDG,Madagascar,Africa,11848.614,100,.00017196516,Textiles and textile,17t18,.34086084,RoW,263275.0605510303,0
MDG,Madagascar,Africa,11848.614,100,.00017196516,"Leather, leather and footwear",19,.19375706,EU27,12158.53686412238,0
MDG,Madagascar,Africa,11848.614,100,.00017196516,"Leather, leather and footwear",19,.19375706,RoW,4775.691118049552,0
MDG,Madagascar,Africa,11848.614,100,.00017196516,Wood and of wood and cork,20,.46805823,EU27,7432.499168623122,0
MDG,Madagascar,Africa,11848.614,100,.00017196516,Wood and of wood and cork,20,.46805823,RoW,5268.633019946399,0
MDG,Madagascar,Africa,11848.614,100,.00017196516,"Pulp, paper, paper , printing and publishing",21t22,.45346645,EU27,6657.91691190761,0
MDG,Madagascar,Africa,11848.614,100,.00017196516,"Pulp, paper, paper , printing and publishing",21t22,.45346645,RoW,6683.360874015954,0
MDG,Madagascar,Africa,11848.614,100,.00017196516,"Coke, refined petroleum and nuclear fuel",23,2.87748,EU27,24329.901621297,0
MDG,Madagascar,Africa,11848.614,100,.00017196516,"Coke, refined petroleum and nuclear fuel",23,2.87748,RoW,23624.28467147052,0
MDG,Madagascar,Africa,11848.614,100,.00017196516,Chemicals and chemical,24,1.4067867,EU27,20156.07836719113,30.29499939829111
MDG,Madagascar,Africa,11848.614,100,.00017196516,Chemicals and chemical,24,1.4067867,RoW,49891.00541230373,16855.8292949982
MDG,Madagascar,Africa,11848.614,100,.00017196516,Rubber and plastics,25,.2790187,EU27,549.9579999966081,0
MDG,Madagascar,Africa,11848.614,100,.00017196516,Rubber and plastics,25,.2790187,RoW,1932.341008262592,0
MDG,Madagascar,Africa,11848.614,100,.00017196516,Other non-metallic mineral,26,4.8430367,EU27,524.2589884661138,2.260999917984009
MDG,Madagascar,Africa,11848.614,100,.00017196516,Other non-metallic mineral,26,4.8430367,RoW,382.4490002321545,0
MDG,Madagascar,Africa,11848.614,100,.00017196516,Basic metals and fabricated metal,27t28,1.9624588,EU27,130523.033157717,1460.997016689507
MDG,Madagascar,Africa,11848.614,100,.00017196516,Basic metals and fabricated metal,27t28,1.9624588,RoW,552450.9867342034,2333.324001694215
MDG,Madagascar,Africa,11848.614,100,.00017196516,"Machinery, nec",29,.19455881,EU27,6959.403039291501,5.442999890074134
MDG,Madagascar,Africa,11848.614,100,.00017196516,"Machinery, nec",29,.19455881,RoW,6986.321984802489,2.213999968953431
MDG,Madagascar,Africa,11848.614,100,.00017196516,Electrical and optical equipment,30t33,.20186955,EU27,11637.59902552108,0
MDG,Madagascar,Africa,11848.614,100,.00017196516,Electrical and optical equipment,30t33,.20186955,RoW,5949.286960168858,0
MDG,Madagascar,Africa,11848.614,100,.00017196516,Transport equipment,34t35,.29114175,EU27,5348.031933244318,0
MDG,Madagascar,Africa,11848.614,100,.00017196516,Transport equipment,34t35,.29114175,RoW,8241.928977944888,0
MDG,Madagascar,Africa,11848.614,100,.00017196516,Manufacturing nec; recycling,36t37,.26614583,EU27,14510.95216298499,0
MDG,Madagascar,Africa,11848.614,100,.00017196516,Manufacturing nec; recycling,36t37,.26614583,RoW,21203.17500461766,.7590000033378601
MDG,Madagascar,Africa,11848.614,100,.00017196516,"Agriculture, hunting, forestry and fishing",AtB,.37349537,EU27,337936.8059049818,0
MDG,Madagascar,Africa,11848.614,100,.00017196516,"Agriculture, hunting, forestry and fishing",AtB,.37349537,RoW,466665.7149840252,0
MDG,Madagascar,Africa,11848.614,100,.00017196516,Mining and quarrying,C,1.4879924,EU27,11176.5148561052,.3009999990463257
MDG,Madagascar,Africa,11848.614,100,.00017196516,Mining and quarrying,C,1.4879924,RoW,93830.48103202099,.0700000002980232
MYS,Malaysia,Asia,301255.38,13,.013852241,"Food , beverages and tobacco",15t16,.35987267,EU27,2041739.167453161,0
MYS,Malaysia,Asia,301255.38,13,.013852241,"Food , beverages and tobacco",15t16,.35987267,RoW,17869733.75207648,0
MYS,Malaysia,Asia,301255.38,13,.013852241,Textiles and textile,17t18,.34086084,EU27,316992.0590499633,0
MYS,Malaysia,Asia,301255.38,13,.013852241,Textiles and textile,17t18,.34086084,RoW,2373991.326760738,0
MYS,Malaysia,Asia,301255.38,13,.013852241,"Leather, leather and footwear",19,.19375706,EU27,23162.9271184575,0
MYS,Malaysia,Asia,301255.38,13,.013852241,"Leather, leather and footwear",19,.19375706,RoW,250713.8636966813,0
MYS,Malaysia,Asia,301255.38,13,.013852241,Wood and of wood and cork,20,.46805823,EU27,238032.5790084749,0
MYS,Malaysia,Asia,301255.38,13,.013852241,Wood and of wood and cork,20,.46805823,RoW,3137572.171753977,0
MYS,Malaysia,Asia,301255.38,13,.013852241,"Pulp, paper, paper , printing and publishing",21t22,.45346645,EU27,67777.55018268037,0
MYS,Malaysia,Asia,301255.38,13,.013852241,"Pulp, paper, paper , printing and publishing",21t22,.45346645,RoW,1380863.943088644,0
MYS,Malaysia,Asia,301255.38,13,.013852241,"Coke, refined petroleum and nuclear fuel",23,2.87748,EU27,221073.4231133944,0
MYS,Malaysia,Asia,301255.38,13,.013852241,"Coke, refined petroleum and nuclear fuel",23,2.87748,RoW,12878473.80747897,0
MYS,Malaysia,Asia,301255.38,13,.013852241,Chemicals and chemical,24,1.4067867,EU27,1402771.362547419,1204.07299554348
MYS,Malaysia,Asia,301255.38,13,.013852241,Chemicals and chemical,24,1.4067867,RoW,17825833.58703072,663600.9411107568
MYS,Malaysia,Asia,301255.38,13,.013852241,Rubber and plastics,25,.2790187,EU27,1154775.356362056,0
MYS,Malaysia,Asia,301255.38,13,.013852241,Rubber and plastics,25,.2790187,RoW,6848798.400786583,0
MYS,Malaysia,Asia,301255.38,13,.013852241,Other non-metallic mineral,26,4.8430367,EU27,183152.4172049742,7242.078125
MYS,Malaysia,Asia,301255.38,13,.013852241,Other non-metallic mineral,26,4.8430367,RoW,2309594.048926057,79775.81407389045
MYS,Malaysia,Asia,301255.38,13,.013852241,Basic metals and fabricated metal,27t28,1.9624588,EU27,566020.3434344982,368736.9022733733
MYS,Malaysia,Asia,301255.38,13,.013852241,Basic metals and fabricated metal,27t28,1.9624588,RoW,10097751.46499843,5924232.436048994
MYS,Malaysia,Asia,301255.38,13,.013852241,"Machinery, nec",29,.19455881,EU27,1787691.485449807,1507.714012843091
MYS,Malaysia,Asia,301255.38,13,.013852241,"Machinery, nec",29,.19455881,RoW,12122983.05416012,47429.99988694664
MYS,Malaysia,Asia,301255.38,13,.013852241,Electrical and optical equipment,30t33,.20186955,EU27,11757444.71357938,0
MYS,Malaysia,Asia,301255.38,13,.013852241,Electrical and optical equipment,30t33,.20186955,RoW,77660639.16774209,0
MYS,Malaysia,Asia,301255.38,13,.013852241,Transport equipment,34t35,.29114175,EU27,400833.540451338,0
MYS,Malaysia,Asia,301255.38,13,.013852241,Transport equipment,34t35,.29114175,RoW,3132625.815287033,0
MYS,Malaysia,Asia,301255.38,13,.013852241,Manufacturing nec; recycling,36t37,.26614583,EU27,335425.9268427072,0
MYS,Malaysia,Asia,301255.38,13,.013852241,Manufacturing nec; recycling,36t37,.26614583,RoW,6262828.044022496,346335.7126045227
MYS,Malaysia,Asia,301255.38,13,.013852241,"Agriculture, hunting, forestry and fishing",AtB,.37349537,EU27,323414.065107381,0
MYS,Malaysia,Asia,301255.38,13,.013852241,"Agriculture, hunting, forestry and fishing",AtB,.37349537,RoW,2879803.634723101,0
MYS,Malaysia,Asia,301255.38,13,.013852241,Mining and quarrying,C,1.4879924,EU27,11838.38177121058,.1169999986886978
MYS,Malaysia,Asia,301255.38,13,.013852241,Mining and quarrying,C,1.4879924,RoW,16187119.86125758,10640.80705881119
MLI,Mali,Africa,14026.047,90,.00024965103,"Food , beverages and tobacco",15t16,.35987267,EU27,9976.451065337285,0
MLI,Mali,Africa,14026.047,90,.00024965103,"Food , beverages and tobacco",15t16,.35987267,RoW,17610.15600682516,0
MLI,Mali,Africa,14026.047,90,.00024965103,Textiles and textile,17t18,.34086084,EU27,5766.590962744318,0
MLI,Mali,Africa,14026.047,90,.00024965103,Textiles and textile,17t18,.34086084,RoW,264734.9880907233,0
MLI,Mali,Africa,14026.047,90,.00024965103,"Leather, leather and footwear",19,.19375706,EU27,5690.126952435588,0
MLI,Mali,Africa,14026.047,90,.00024965103,"Leather, leather and footwear",19,.19375706,RoW,3648.971954729408,0
MLI,Mali,Africa,14026.047,90,.00024965103,Wood and of wood and cork,20,.46805823,EU27,62.75700099021196,0
MLI,Mali,Africa,14026.047,90,.00024965103,Wood and of wood and cork,20,.46805823,RoW,6881.586024025455,0
MLI,Mali,Africa,14026.047,90,.00024965103,"Pulp, paper, paper , printing and publishing",21t22,.45346645,EU27,203.8110037427396,0
MLI,Mali,Africa,14026.047,90,.00024965103,"Pulp, paper, paper , printing and publishing",21t22,.45346645,RoW,1312.350020808517,0
MLI,Mali,Africa,14026.047,90,.00024965103,"Coke, refined petroleum and nuclear fuel",23,2.87748,EU27,884.0810136795044,0
MLI,Mali,Africa,14026.047,90,.00024965103,"Coke, refined petroleum and nuclear fuel",23,2.87748,RoW,4101.632863704115,0
MLI,Mali,Africa,14026.047,90,.00024965103,Chemicals and chemical,24,1.4067867,EU27,7752.37004109472,5301.317073822021
MLI,Mali,Africa,14026.047,90,.00024965103,Chemicals and chemical,24,1.4067867,RoW,109345.5606348671,84320.82363242656
MLI,Mali,Africa,14026.047,90,.00024965103,Rubber and plastics,25,.2790187,EU27,1407.079986992525,0
MLI,Mali,Africa,14026.047,90,.00024965103,Rubber and plastics,25,.2790187,RoW,5804.4800350921,0
MLI,Mali,Africa,14026.047,90,.00024965103,Other non-metallic mineral,26,4.8430367,EU27,14.67499986838084,.0910000036237761
MLI,Mali,Africa,14026.047,90,.00024965103,Other non-metallic mineral,26,4.8430367,RoW,364.5959950148826,7.348999919369817
MLI,Mali,Africa,14026.047,90,.00024965103,Basic metals and fabricated metal,27t28,1.9624588,EU27,2308.454020894831,1412.99602147541
MLI,Mali,Africa,14026.047,90,.00024965103,Basic metals and fabricated metal,27t28,1.9624588,RoW,2816910.476057269,5970.753006738611
MLI,Mali,Africa,14026.047,90,.00024965103,"Machinery, nec",29,.19455881,EU27,11805.00293496798,0
MLI,Mali,Africa,14026.047,90,.00024965103,"Machinery, nec",29,.19455881,RoW,30384.219042968,.872999994084239
MLI,Mali,Africa,14026.047,90,.00024965103,Electrical and optical equipment,30t33,.20186955,EU27,2469.626990986988,0
MLI,Mali,Africa,14026.047,90,.00024965103,Electrical and optical equipment,30t33,.20186955,RoW,12030.60908010334,0
MLI,Mali,Africa,14026.047,90,.00024965103,Transport equipment,34t35,.29114175,EU27,13750.66126951203,0
MLI,Mali,Africa,14026.047,90,.00024965103,Transport equipment,34t35,.29114175,RoW,40333.46802832652,0
MLI,Mali,Africa,14026.047,90,.00024965103,Manufacturing nec; recycling,36t37,.26614583,EU27,1928.263966650586,0
MLI,Mali,Africa,14026.047,90,.00024965103,Manufacturing nec; recycling,36t37,.26614583,RoW,14295.89689347974,32.78499984741211
MLI,Mali,Africa,14026.047,90,.00024965103,"Agriculture, hunting, forestry and fishing",AtB,.37349537,EU27,23914.57593247667,0
MLI,Mali,Africa,14026.047,90,.00024965103,"Agriculture, hunting, forestry and fishing",AtB,.37349537,RoW,441702.5861999663,0
MLI,Mali,Africa,14026.047,90,.00024965103,Mining and quarrying,C,1.4879924,EU27,82.44599770661443,2.210000038146973
MLI,Mali,Africa,14026.047,90,.00024965103,Mining and quarrying,C,1.4879924,RoW,248.8519969461486,.2870000004768372
MRT,Mauritania,Africa,6398.7476,93,.00019789475,"Food , beverages and tobacco",15t16,.35987267,EU27,287811.8960007429,0
MRT,Mauritania,Africa,6398.7476,93,.00019789475,"Food , beverages and tobacco",15t16,.35987267,RoW,780287.166952583,0
MRT,Mauritania,Africa,6398.7476,93,.00019789475,Textiles and textile,17t18,.34086084,EU27,795.2690055845305,0
MRT,Mauritania,Africa,6398.7476,93,.00019789475,Textiles and textile,17t18,.34086084,RoW,1854.929015453556,0
MRT,Mauritania,Africa,6398.7476,93,.00019789475,"Leather, leather and footwear",19,.19375706,EU27,159.121996730566,0
MRT,Mauritania,Africa,6398.7476,93,.00019789475,"Leather, leather and footwear",19,.19375706,RoW,841.1590136401355,0
MRT,Mauritania,Africa,6398.7476,93,.00019789475,Wood and of wood and cork,20,.46805823,EU27,7.500999800860882,0
MRT,Mauritania,Africa,6398.7476,93,.00019789475,Wood and of wood and cork,20,.46805823,RoW,3.292999982833862,0
MRT,Mauritania,Africa,6398.7476,93,.00019789475,"Pulp, paper, paper , printing and publishing",21t22,.45346645,EU27,62.99199949577451,0
MRT,Mauritania,Africa,6398.7476,93,.00019789475,"Pulp, paper, paper , printing and publishing",21t22,.45346645,RoW,469.349000881426,0
MRT,Mauritania,Africa,6398.7476,93,.00019789475,"Coke, refined petroleum and nuclear fuel",23,2.87748,EU27,30.58499930426478,0
MRT,Mauritania,Africa,6398.7476,93,.00019789475,"Coke, refined petroleum and nuclear fuel",23,2.87748,RoW,3689.165924072266,0
MRT,Mauritania,Africa,6398.7476,93,.00019789475,Chemicals and chemical,24,1.4067867,EU27,62.76599815953523,.0060000000521541
MRT,Mauritania,Africa,6398.7476,93,.00019789475,Chemicals and chemical,24,1.4067867,RoW,5409.102125101723,528.5910100517794
MRT,Mauritania,Africa,6398.7476,93,.00019789475,Rubber and plastics,25,.2790187,EU27,38.14499934017658,0
MRT,Mauritania,Africa,6398.7476,93,.00019789475,Rubber and plastics,25,.2790187,RoW,1240.576008047909,0
MRT,Mauritania,Africa,6398.7476,93,.00019789475,Other non-metallic mineral,26,4.8430367,EU27,6.775999875739217,0
MRT,Mauritania,Africa,6398.7476,93,.00019789475,Other non-metallic mineral,26,4.8430367,RoW,402.7040033088997,57.10900115966797
MRT,Mauritania,Africa,6398.7476,93,.00019789475,Basic metals and fabricated metal,27t28,1.9624588,EU27,131.717998589389,90.33000047784299
MRT,Mauritania,Africa,6398.7476,93,.00019789475,Basic metals and fabricated metal,27t28,1.9624588,RoW,472381.5639477139,1802.019974744879
MRT,Mauritania,Africa,6398.7476,93,.00019789475,"Machinery, nec",29,.19455881,EU27,1715.489036174258,.4699999988079071
MRT,Mauritania,Africa,6398.7476,93,.00019789475,"Machinery, nec",29,.19455881,RoW,3480.704004028812,0
MRT,Mauritania,Africa,6398.7476,93,.00019789475,Electrical and optical equipment,30t33,.20186955,EU27,325.5759989535436,0
MRT,Mauritania,Africa,6398.7476,93,.00019789475,Electrical and optical equipment,30t33,.20186955,RoW,5486.243971438846,0
MRT,Mauritania,Africa,6398.7476,93,.00019789475,Transport equipment,34t35,.29114175,EU27,675.1619952172041,0
MRT,Mauritania,Africa,6398.7476,93,.00019789475,Transport equipment,34t35,.29114175,RoW,5858.170056581497,0
MRT,Mauritania,Africa,6398.7476,93,.00019789475,Manufacturing nec; recycling,36t37,.26614583,EU27,151.7440006658435,0
MRT,Mauritania,Africa,6398.7476,93,.00019789475,Manufacturing nec; recycling,36t37,.26614583,RoW,8403.790055732126,1939.456956148148
MRT,Mauritania,Africa,6398.7476,93,.00019789475,"Agriculture, hunting, forestry and fishing",AtB,.37349537,EU27,99858.89451602846,0
MRT,Mauritania,Africa,6398.7476,93,.00019789475,"Agriculture, hunting, forestry and fishing",AtB,.37349537,RoW,32080.20373942144,0
MRT,Mauritania,Africa,6398.7476,93,.00019789475,Mining and quarrying,C,1.4879924,EU27,255256.4925576746,98383.81640625
MRT,Mauritania,Africa,6398.7476,93,.00019789475,Mining and quarrying,C,1.4879924,RoW,1088986.433739146,383082.8759765625
MUS,Mauritius,Africa,12594.155,95,.00018673188,"Food , beverages and tobacco",15t16,.35987267,EU27,427382.939602206,0
MUS,Mauritius,Africa,12594.155,95,.00018673188,"Food , beverages and tobacco",15t16,.35987267,RoW,384489.8085510813,0
MUS,Mauritius,Africa,12594.155,95,.00018673188,Textiles and textile,17t18,.34086084,EU27,188355.2615769953,0
MUS,Mauritius,Africa,12594.155,95,.00018673188,Textiles and textile,17t18,.34086084,RoW,624559.9200254376,0
MUS,Mauritius,Africa,12594.155,95,.00018673188,"Leather, leather and footwear",19,.19375706,EU27,18636.96297884174,0
MUS,Mauritius,Africa,12594.155,95,.00018673188,"Leather, leather and footwear",19,.19375706,RoW,16091.7110009524,0
MUS,Mauritius,Africa,12594.155,95,.00018673188,Wood and of wood and cork,20,.46805823,EU27,453.3820046894252,0
MUS,Mauritius,Africa,12594.155,95,.00018673188,Wood and of wood and cork,20,.46805823,RoW,2230.57598511118,0
MUS,Mauritius,Africa,12594.155,95,.00018673188,"Pulp, paper, paper , printing and publishing",21t22,.45346645,EU27,10639.25796215609,0
MUS,Mauritius,Africa,12594.155,95,.00018673188,"Pulp, paper, paper , printing and publishing",21t22,.45346645,RoW,31739.32028916327,0
MUS,Mauritius,Africa,12594.155,95,.00018673188,"Coke, refined petroleum and nuclear fuel",23,2.87748,EU27,3919.907917141914,0
MUS,Mauritius,Africa,12594.155,95,.00018673188,"Coke, refined petroleum and nuclear fuel",23,2.87748,RoW,289488.0111000575,0
MUS,Mauritius,Africa,12594.155,95,.00018673188,Chemicals and chemical,24,1.4067867,EU27,35526.68796204403,2857.795997977257
MUS,Mauritius,Africa,12594.155,95,.00018673188,Chemicals and chemical,24,1.4067867,RoW,96550.20436602668,22702.64614791609
MUS,Mauritius,Africa,12594.155,95,.00018673188,Rubber and plastics,25,.2790187,EU27,6990.831076003378,0
MUS,Mauritius,Africa,12594.155,95,.00018673188,Rubber and plastics,25,.2790187,RoW,25739.53002574737,0
MUS,Mauritius,Africa,12594.155,95,.00018673188,Other non-metallic mineral,26,4.8430367,EU27,1674.053981495788,.593999981880188
MUS,Mauritius,Africa,12594.155,95,.00018673188,Other non-metallic mineral,26,4.8430367,RoW,3663.962992004585,263.2510027959943
MUS,Mauritius,Africa,12594.155,95,.00018673188,Basic metals and fabricated metal,27t28,1.9624588,EU27,6465.955004664138,4830.577023811173
MUS,Mauritius,Africa,12594.155,95,.00018673188,Basic metals and fabricated metal,27t28,1.9624588,RoW,23615.85398956737,18650.14298912871
MUS,Mauritius,Africa,12594.155,95,.00018673188,"Machinery, nec",29,.19455881,EU27,3476.975988392252,3.732999935746193
MUS,Mauritius,Africa,12594.155,95,.00018673188,"Machinery, nec",29,.19455881,RoW,56022.44793710147,105.2879996756092
MUS,Mauritius,Africa,12594.155,95,.00018673188,Electrical and optical equipment,30t33,.20186955,EU27,39761.83990937565,0
MUS,Mauritius,Africa,12594.155,95,.00018673188,Electrical and optical equipment,30t33,.20186955,RoW,190532.4198098262,0
MUS,Mauritius,Africa,12594.155,95,.00018673188,Transport equipment,34t35,.29114175,EU27,15967.603862755,0
MUS,Mauritius,Africa,12594.155,95,.00018673188,Transport equipment,34t35,.29114175,RoW,38933.82688801363,0
MUS,Mauritius,Africa,12594.155,95,.00018673188,Manufacturing nec; recycling,36t37,.26614583,EU27,62774.85978603642,0
MUS,Mauritius,Africa,12594.155,95,.00018673188,Manufacturing nec; recycling,36t37,.26614583,RoW,153044.3143653271,1733.636031150818
MUS,Mauritius,Africa,12594.155,95,.00018673188,"Agriculture, hunting, forestry and fishing",AtB,.37349537,EU27,31273.75640589744,0
MUS,Mauritius,Africa,12594.155,95,.00018673188,"Agriculture, hunting, forestry and fishing",AtB,.37349537,RoW,89952.79066243721,0
MUS,Mauritius,Africa,12594.155,95,.00018673188,Mining and quarrying,C,1.4879924,EU27,551.5700095579959,0
MUS,Mauritius,Africa,12594.155,95,.00018673188,Mining and quarrying,C,1.4879924,RoW,4963.931938087451,11.34700012207031
MEX,Mexico,Americas,1112233.4,6,.024390878,"Food , beverages and tobacco",15t16,.35987267,EU27,603096.7006612332,0
MEX,Mexico,Americas,1112233.4,6,.024390878,"Food , beverages and tobacco",15t16,.35987267,RoW,14706822.59202936,0
MEX,Mexico,Americas,1112233.4,6,.024390878,Textiles and textile,17t18,.34086084,EU27,126092.0660842103,0
MEX,Mexico,Americas,1112233.4,6,.024390878,Textiles and textile,17t18,.34086084,RoW,6511396.277838325,0
MEX,Mexico,Americas,1112233.4,6,.024390878,"Leather, leather and footwear",19,.19375706,EU27,59404.57991407998,0
MEX,Mexico,Americas,1112233.4,6,.024390878,"Leather, leather and footwear",19,.19375706,RoW,991088.0887022373,0
MEX,Mexico,Americas,1112233.4,6,.024390878,Wood and of wood and cork,20,.46805823,EU27,2013.731985239661,0
MEX,Mexico,Americas,1112233.4,6,.024390878,Wood and of wood and cork,20,.46805823,RoW,367213.9008855356,0
MEX,Mexico,Americas,1112233.4,6,.024390878,"Pulp, paper, paper , printing and publishing",21t22,.45346645,EU27,38741.40775502834,0
MEX,Mexico,Americas,1112233.4,6,.024390878,"Pulp, paper, paper , printing and publishing",21t22,.45346645,RoW,2727000.905729135,0
MEX,Mexico,Americas,1112233.4,6,.024390878,"Coke, refined petroleum and nuclear fuel",23,2.87748,EU27,16727.8284892271,0
MEX,Mexico,Americas,1112233.4,6,.024390878,"Coke, refined petroleum and nuclear fuel",23,2.87748,RoW,2275867.239077471,0
MEX,Mexico,Americas,1112233.4,6,.024390878,Chemicals and chemical,24,1.4067867,EU27,1251850.191833788,14110.09614281682
MEX,Mexico,Americas,1112233.4,6,.024390878,Chemicals and chemical,24,1.4067867,RoW,11651839.19582947,217688.1421159477
MEX,Mexico,Americas,1112233.4,6,.024390878,Rubber and plastics,25,.2790187,EU27,233217.3700687063,0
MEX,Mexico,Americas,1112233.4,6,.024390878,Rubber and plastics,25,.2790187,RoW,7604924.478160895,0
MEX,Mexico,Americas,1112233.4,6,.024390878,Other non-metallic mineral,26,4.8430367,EU27,172283.30610913,3.624000116251409
MEX,Mexico,Americas,1112233.4,6,.024390878,Other non-metallic mineral,26,4.8430367,RoW,3646899.984697735,94338.60376332141
MEX,Mexico,Americas,1112233.4,6,.024390878,Basic metals and fabricated metal,27t28,1.9624588,EU27,453635.418831195,136050.788608946
MEX,Mexico,Americas,1112233.4,6,.024390878,Basic metals and fabricated metal,27t28,1.9624588,RoW,18026362.01011741,7354992.461548982
MEX,Mexico,Americas,1112233.4,6,.024390878,"Machinery, nec",29,.19455881,EU27,823049.5543104007,2569.945021452382
MEX,Mexico,Americas,1112233.4,6,.024390878,"Machinery, nec",29,.19455881,RoW,31445083.57827572,880718.3754402583
MEX,Mexico,Americas,1112233.4,6,.024390878,Electrical and optical equipment,30t33,.20186955,EU27,5292567.605977249,0
MEX,Mexico,Americas,1112233.4,6,.024390878,Electrical and optical equipment,30t33,.20186955,RoW,116574373.769475,0
MEX,Mexico,Americas,1112233.4,6,.024390878,Transport equipment,34t35,.29114175,EU27,3943394.86631228,0
MEX,Mexico,Americas,1112233.4,6,.024390878,Transport equipment,34t35,.29114175,RoW,100036720.774121,0
MEX,Mexico,Americas,1112233.4,6,.024390878,Manufacturing nec; recycling,36t37,.26614583,EU27,268930.5570569166,563.4359970092773
MEX,Mexico,Americas,1112233.4,6,.024390878,Manufacturing nec; recycling,36t37,.26614583,RoW,12433978.25588858,371559.7151903808
MEX,Mexico,Americas,1112233.4,6,.024390878,"Agriculture, hunting, forestry and fishing",AtB,.37349537,EU27,630002.2330907912,0
MEX,Mexico,Americas,1112233.4,6,.024390878,"Agriculture, hunting, forestry and fishing",AtB,.37349537,RoW,13776920.6719064,0
MEX,Mexico,Americas,1112233.4,6,.024390878,Mining and quarrying,C,1.4879924,EU27,4007959.953356376,2240.773017585278
MEX,Mexico,Americas,1112233.4,6,.024390878,Mining and quarrying,C,1.4879924,RoW,16200100.45085466,1223.50397092104
MNG,Mongolia,Asia,11181.331,77,.00037468824,"Food , beverages and tobacco",15t16,.35987267,EU27,317.3440025728196,0
MNG,Mongolia,Asia,11181.331,77,.00037468824,"Food , beverages and tobacco",15t16,.35987267,RoW,36531.19157771871,0
MNG,Mongolia,Asia,11181.331,77,.00037468824,Textiles and textile,17t18,.34086084,EU27,32354.33456049534,0
MNG,Mongolia,Asia,11181.331,77,.00037468824,Textiles and textile,17t18,.34086084,RoW,59557.89623343782,0
MNG,Mongolia,Asia,11181.331,77,.00037468824,"Leather, leather and footwear",19,.19375706,EU27,4504.593026475632,0
MNG,Mongolia,Asia,11181.331,77,.00037468824,"Leather, leather and footwear",19,.19375706,RoW,14547.12902073702,0
MNG,Mongolia,Asia,11181.331,77,.00037468824,Wood and of wood and cork,20,.46805823,EU27,51.41799960564822,0
MNG,Mongolia,Asia,11181.331,77,.00037468824,Wood and of wood and cork,20,.46805823,RoW,428.1589900547406,0
MNG,Mongolia,Asia,11181.331,77,.00037468824,"Pulp, paper, paper , printing and publishing",21t22,.45346645,EU27,11.8730001860531,0
MNG,Mongolia,Asia,11181.331,77,.00037468824,"Pulp, paper, paper , printing and publishing",21t22,.45346645,RoW,3693.134933721391,0
MNG,Mongolia,Asia,11181.331,77,.00037468824,"Coke, refined petroleum and nuclear fuel",23,2.87748,RoW,5989.833856097423,0
MNG,Mongolia,Asia,11181.331,77,.00037468824,Chemicals and chemical,24,1.4067867,EU27,1247.66801737342,0
MNG,Mongolia,Asia,11181.331,77,.00037468824,Chemicals and chemical,24,1.4067867,RoW,6641.717068705126,2.043999910354614
MNG,Mongolia,Asia,11181.331,77,.00037468824,Rubber and plastics,25,.2790187,EU27,8.295000020065345,0
MNG,Mongolia,Asia,11181.331,77,.00037468824,Rubber and plastics,25,.2790187,RoW,6061.669199147844,0
MNG,Mongolia,Asia,11181.331,77,.00037468824,Other non-metallic mineral,26,4.8430367,EU27,3.864999957382679,0
MNG,Mongolia,Asia,11181.331,77,.00037468824,Other non-metallic mineral,26,4.8430367,RoW,353.0560001039412,0
MNG,Mongolia,Asia,11181.331,77,.00037468824,Basic metals and fabricated metal,27t28,1.9624588,EU27,3394.103006127523,41.14900132943876
MNG,Mongolia,Asia,11181.331,77,.00037468824,Basic metals and fabricated metal,27t28,1.9624588,RoW,1620317.4644363,6091.134060994489
MNG,Mongolia,Asia,11181.331,77,.00037468824,"Machinery, nec",29,.19455881,EU27,5920.651033449802,5.339999996125698
MNG,Mongolia,Asia,11181.331,77,.00037468824,"Machinery, nec",29,.19455881,RoW,48026.80513826699,1301.757026348729
MNG,Mongolia,Asia,11181.331,77,.00037468824,Electrical and optical equipment,30t33,.20186955,EU27,759.7710018889047,0
MNG,Mongolia,Asia,11181.331,77,.00037468824,Electrical and optical equipment,30t33,.20186955,RoW,9096.559844350209,0
MNG,Mongolia,Asia,11181.331,77,.00037468824,Transport equipment,34t35,.29114175,EU27,32708.6649971325,0
MNG,Mongolia,Asia,11181.331,77,.00037468824,Transport equipment,34t35,.29114175,RoW,55612.84029601235,0
MNG,Mongolia,Asia,11181.331,77,.00037468824,Manufacturing nec; recycling,36t37,.26614583,EU27,5520.224932871643,0
MNG,Mongolia,Asia,11181.331,77,.00037468824,Manufacturing nec; recycling,36t37,.26614583,RoW,16943.10605003021,1576.594957351685
MNG,Mongolia,Asia,11181.331,77,.00037468824,"Agriculture, hunting, forestry and fishing",AtB,.37349537,EU27,10529.56832654588,0
MNG,Mongolia,Asia,11181.331,77,.00037468824,"Agriculture, hunting, forestry and fishing",AtB,.37349537,RoW,316259.1602488998,0
MNG,Mongolia,Asia,11181.331,77,.00037468824,Mining and quarrying,C,1.4879924,EU27,8077.009076829534,0
MNG,Mongolia,Asia,11181.331,77,.00037468824,Mining and quarrying,C,1.4879924,RoW,3484393.547020603,5.379999797791243
MAR,Morocco,Africa,111572.94,42,.0017706737,"Food , beverages and tobacco",15t16,.35987267,EU27,1554188.947441514,0
MAR,Morocco,Africa,111572.94,42,.0017706737,"Food , beverages and tobacco",15t16,.35987267,RoW,1582257.668248831,0
MAR,Morocco,Africa,111572.94,42,.0017706737,Textiles and textile,17t18,.34086084,EU27,3302254.742628238,0
MAR,Morocco,Africa,111572.94,42,.0017706737,Textiles and textile,17t18,.34086084,RoW,1095783.428137526,0
MAR,Morocco,Africa,111572.94,42,.0017706737,"Leather, leather and footwear",19,.19375706,EU27,428803.095896041,0
MAR,Morocco,Africa,111572.94,42,.0017706737,"Leather, leather and footwear",19,.19375706,RoW,91780.73073057027,0
MAR,Morocco,Africa,111572.94,42,.0017706737,Wood and of wood and cork,20,.46805823,EU27,43865.40877816919,0
MAR,Morocco,Africa,111572.94,42,.0017706737,Wood and of wood and cork,20,.46805823,RoW,8556.386979416478,0
MAR,Morocco,Africa,111572.94,42,.0017706737,"Pulp, paper, paper , printing and publishing",21t22,.45346645,EU27,26668.90919118479,0
MAR,Morocco,Africa,111572.94,42,.0017706737,"Pulp, paper, paper , printing and publishing",21t22,.45346645,RoW,97519.92083248484,0
MAR,Morocco,Africa,111572.94,42,.0017706737,"Coke, refined petroleum and nuclear fuel",23,2.87748,EU27,33889.13219172414,0
MAR,Morocco,Africa,111572.94,42,.0017706737,"Coke, refined petroleum and nuclear fuel",23,2.87748,RoW,65633.42342805769,0
MAR,Morocco,Africa,111572.94,42,.0017706737,Chemicals and chemical,24,1.4067867,EU27,788896.239195972,327280.4200713634
MAR,Morocco,Africa,111572.94,42,.0017706737,Chemicals and chemical,24,1.4067867,RoW,3255197.490915067,1855199.64645478
MAR,Morocco,Africa,111572.94,42,.0017706737,Rubber and plastics,25,.2790187,EU27,238582.7451883494,0
MAR,Morocco,Africa,111572.94,42,.0017706737,Rubber and plastics,25,.2790187,RoW,83214.02596759785,0
MAR,Morocco,Africa,111572.94,42,.0017706737,Other non-metallic mineral,26,4.8430367,EU27,70023.28918848629,328.4179943902418
MAR,Morocco,Africa,111572.94,42,.0017706737,Other non-metallic mineral,26,4.8430367,RoW,133321.8562052038,77463.16647980176
MAR,Morocco,Africa,111572.94,42,.0017706737,Basic metals and fabricated metal,27t28,1.9624588,EU27,205710.4361620441,130048.3807032832
MAR,Morocco,Africa,111572.94,42,.0017706737,Basic metals and fabricated metal,27t28,1.9624588,RoW,463509.0619001186,167762.2131541936
MAR,Morocco,Africa,111572.94,42,.0017706737,"Machinery, nec",29,.19455881,EU27,96988.50965956587,47.72499894094653
MAR,Morocco,Africa,111572.94,42,.0017706737,"Machinery, nec",29,.19455881,RoW,91409.58025534463,758.4960052352399
MAR,Morocco,Africa,111572.94,42,.0017706737,Electrical and optical equipment,30t33,.20186955,EU27,3165272.959682357,0
MAR,Morocco,Africa,111572.94,42,.0017706737,Electrical and optical equipment,30t33,.20186955,RoW,1048111.104432455,0
MAR,Morocco,Africa,111572.94,42,.0017706737,Transport equipment,34t35,.29114175,EU27,3625791.34986084,0
MAR,Morocco,Africa,111572.94,42,.0017706737,Transport equipment,34t35,.29114175,RoW,1404406.115211609,0
MAR,Morocco,Africa,111572.94,42,.0017706737,Manufacturing nec; recycling,36t37,.26614583,EU27,242799.0282535431,17852.03412628174
MAR,Morocco,Africa,111572.94,42,.0017706737,Manufacturing nec; recycling,36t37,.26614583,RoW,146148.3141668779,19186.63120079041
MAR,Morocco,Africa,111572.94,42,.0017706737,"Agriculture, hunting, forestry and fishing",AtB,.37349537,EU27,1777388.016737617,0
MAR,Morocco,Africa,111572.94,42,.0017706737,"Agriculture, hunting, forestry and fishing",AtB,.37349537,RoW,640203.3116421513,0
MAR,Morocco,Africa,111572.94,42,.0017706737,Mining and quarrying,C,1.4879924,EU27,424191.418721817,225.4990046322346
MAR,Morocco,Africa,111572.94,42,.0017706737,Mining and quarrying,C,1.4879924,RoW,1128930.965619934,4303.1160364151
MOZ,Mozambique,Africa,12069.05,81,.0003416398,"Food , beverages and tobacco",15t16,.35987267,EU27,124775.8637227769,0
MOZ,Mozambique,Africa,12069.05,81,.0003416398,"Food , beverages and tobacco",15t16,.35987267,RoW,145447.77808867,0
MOZ,Mozambique,Africa,12069.05,81,.0003416398,Textiles and textile,17t18,.34086084,EU27,9894.973876778036,0
MOZ,Mozambique,Africa,12069.05,81,.0003416398,Textiles and textile,17t18,.34086084,RoW,13366.0449957347,0
MOZ,Mozambique,Africa,12069.05,81,.0003416398,"Leather, leather and footwear",19,.19375706,EU27,26.29700080677867,0
MOZ,Mozambique,Africa,12069.05,81,.0003416398,"Leather, leather and footwear",19,.19375706,RoW,543.0280036972836,0
MOZ,Mozambique,Africa,12069.05,81,.0003416398,Wood and of wood and cork,20,.46805823,EU27,3141.329914018512,0
MOZ,Mozambique,Africa,12069.05,81,.0003416398,Wood and of wood and cork,20,.46805823,RoW,24318.47358307929,0
MOZ,Mozambique,Africa,12069.05,81,.0003416398,"Pulp, paper, paper , printing and publishing",21t22,.45346645,EU27,41.93599969474599,0
MOZ,Mozambique,Africa,12069.05,81,.0003416398,"Pulp, paper, paper , printing and publishing",21t22,.45346645,RoW,14616.03631219431,0
MOZ,Mozambique,Africa,12069.05,81,.0003416398,"Coke, refined petroleum and nuclear fuel",23,2.87748,EU27,6913.428866676986,0
MOZ,Mozambique,Africa,12069.05,81,.0003416398,"Coke, refined petroleum and nuclear fuel",23,2.87748,RoW,540116.9708235253,0
MOZ,Mozambique,Africa,12069.05,81,.0003416398,Chemicals and chemical,24,1.4067867,EU27,11540.19945510838,0
MOZ,Mozambique,Africa,12069.05,81,.0003416398,Chemicals and chemical,24,1.4067867,RoW,507922.3132370887,52174.35259162588
MOZ,Mozambique,Africa,12069.05,81,.0003416398,Rubber and plastics,25,.2790187,EU27,202.238998107845,0
MOZ,Mozambique,Africa,12069.05,81,.0003416398,Rubber and plastics,25,.2790187,RoW,819.0560033316724,0
MOZ,Mozambique,Africa,12069.05,81,.0003416398,Other non-metallic mineral,26,4.8430367,EU27,752.8679870188935,0
MOZ,Mozambique,Africa,12069.05,81,.0003416398,Other non-metallic mineral,26,4.8430367,RoW,2599.410969719873,561.3209970233729
MOZ,Mozambique,Africa,12069.05,81,.0003416398,Basic metals and fabricated metal,27t28,1.9624588,EU27,1102902.609387011,1102441.407402212
MOZ,Mozambique,Africa,12069.05,81,.0003416398,Basic metals and fabricated metal,27t28,1.9624588,RoW,361632.5805264242,238536.3950201578
MOZ,Mozambique,Africa,12069.05,81,.0003416398,"Machinery, nec",29,.19455881,EU27,4619.608999327756,0
MOZ,Mozambique,Africa,12069.05,81,.0003416398,"Machinery, nec",29,.19455881,RoW,26321.41896978824,52.95400021597743
MOZ,Mozambique,Africa,12069.05,81,.0003416398,Electrical and optical equipment,30t33,.20186955,EU27,2094.96999287419,0
MOZ,Mozambique,Africa,12069.05,81,.0003416398,Electrical and optical equipment,30t33,.20186955,RoW,24999.35207056219,0
MOZ,Mozambique,Africa,12069.05,81,.0003416398,Transport equipment,34t35,.29114175,EU27,1426.86801374855,0
MOZ,Mozambique,Africa,12069.05,81,.0003416398,Transport equipment,34t35,.29114175,RoW,104620.2633980361,0
MOZ,Mozambique,Africa,12069.05,81,.0003416398,Manufacturing nec; recycling,36t37,.26614583,EU27,47782.84328851802,0
MOZ,Mozambique,Africa,12069.05,81,.0003416398,Manufacturing nec; recycling,36t37,.26614583,RoW,592035.5897699781,395023.5549488068
MOZ,Mozambique,Africa,12069.05,81,.0003416398,"Agriculture, hunting, forestry and fishing",AtB,.37349537,EU27,119689.9113236293,0
MOZ,Mozambique,Africa,12069.05,81,.0003416398,"Agriculture, hunting, forestry and fishing",AtB,.37349537,RoW,436377.7884345587,0
MOZ,Mozambique,Africa,12069.05,81,.0003416398,Mining and quarrying,C,1.4879924,EU27,195161.9226330854,0
MOZ,Mozambique,Africa,12069.05,81,.0003416398,Mining and quarrying,C,1.4879924,RoW,852478.2201907248,.0049999998882413
MMR,Myanmar,Asia,63535.359,49,.0010372666,"Food , beverages and tobacco",15t16,.35987267,EU27,100386.8853979912,0
MMR,Myanmar,Asia,63535.359,49,.0010372666,"Food , beverages and tobacco",15t16,.35987267,RoW,1634835.141716249,0
MMR,Myanmar,Asia,63535.359,49,.0010372666,Textiles and textile,17t18,.34086084,EU27,867351.7778408726,0
MMR,Myanmar,Asia,63535.359,49,.0010372666,Textiles and textile,17t18,.34086084,RoW,1681627.088092535,0
MMR,Myanmar,Asia,63535.359,49,.0010372666,"Leather, leather and footwear",19,.19375706,EU27,105124.5689279111,0
MMR,Myanmar,Asia,63535.359,49,.0010372666,"Leather, leather and footwear",19,.19375706,RoW,324799.3203083319,0
MMR,Myanmar,Asia,63535.359,49,.0010372666,Wood and of wood and cork,20,.46805823,EU27,28976.79124445654,0
MMR,Myanmar,Asia,63535.359,49,.0010372666,Wood and of wood and cork,20,.46805823,RoW,292749.8898874538,0
MMR,Myanmar,Asia,63535.359,49,.0010372666,"Pulp, paper, paper , printing and publishing",21t22,.45346645,EU27,181.5219989768229,0
MMR,Myanmar,Asia,63535.359,49,.0010372666,"Pulp, paper, paper , printing and publishing",21t22,.45346645,RoW,8938.330974073149,0
MMR,Myanmar,Asia,63535.359,49,.0010372666,"Coke, refined petroleum and nuclear fuel",23,2.87748,EU27,.5450000166893005,0
MMR,Myanmar,Asia,63535.359,49,.0010372666,"Coke, refined petroleum and nuclear fuel",23,2.87748,RoW,65581.27965521812,0
MMR,Myanmar,Asia,63535.359,49,.0010372666,Chemicals and chemical,24,1.4067867,EU27,139.9800031315535,0
MMR,Myanmar,Asia,63535.359,49,.0010372666,Chemicals and chemical,24,1.4067867,RoW,51884.0107913696,169.9460061579011
MMR,Myanmar,Asia,63535.359,49,.0010372666,Rubber and plastics,25,.2790187,EU27,12642.28498433111,0
MMR,Myanmar,Asia,63535.359,49,.0010372666,Rubber and plastics,25,.2790187,RoW,30980.17500686285,0
MMR,Myanmar,Asia,63535.359,49,.0010372666,Other non-metallic mineral,26,4.8430367,EU27,127.0329997520894,0
MMR,Myanmar,Asia,63535.359,49,.0010372666,Other non-metallic mineral,26,4.8430367,RoW,6966.953959889477,.3320000132080168
MMR,Myanmar,Asia,63535.359,49,.0010372666,Basic metals and fabricated metal,27t28,1.9624588,EU27,2288.347979363054,118.6619997285306
MMR,Myanmar,Asia,63535.359,49,.0010372666,Basic metals and fabricated metal,27t28,1.9624588,RoW,524155.5889763236,155488.0765018041
MMR,Myanmar,Asia,63535.359,49,.0010372666,"Machinery, nec",29,.19455881,EU27,2771.374035514891,0
MMR,Myanmar,Asia,63535.359,49,.0010372666,"Machinery, nec",29,.19455881,RoW,393509.128166441,3.559999972581863
MMR,Myanmar,Asia,63535.359,49,.0010372666,Electrical and optical equipment,30t33,.20186955,EU27,26555.414537417,0
MMR,Myanmar,Asia,63535.359,49,.0010372666,Electrical and optical equipment,30t33,.20186955,RoW,406876.2440635295,0
MMR,Myanmar,Asia,63535.359,49,.0010372666,Transport equipment,34t35,.29114175,EU27,840.8740018308163,0
MMR,Myanmar,Asia,63535.359,49,.0010372666,Transport equipment,34t35,.29114175,RoW,101397.5390853042,0
MMR,Myanmar,Asia,63535.359,49,.0010372666,Manufacturing nec; recycling,36t37,.26614583,EU27,69421.19443707378,0
MMR,Myanmar,Asia,63535.359,49,.0010372666,Manufacturing nec; recycling,36t37,.26614583,RoW,240309.1748419295,48151.57423251867
MMR,Myanmar,Asia,63535.359,49,.0010372666,"Agriculture, hunting, forestry and fishing",AtB,.37349537,EU27,28851.71900659043,0
MMR,Myanmar,Asia,63535.359,49,.0010372666,"Agriculture, hunting, forestry and fishing",AtB,.37349537,RoW,2519519.494552664,0
MMR,Myanmar,Asia,63535.359,49,.0010372666,Mining and quarrying,C,1.4879924,EU27,630.9610001370311,0
MMR,Myanmar,Asia,63535.359,49,.0010372666,Mining and quarrying,C,1.4879924,RoW,6497918.935680736,33.43199920654297
NAM,Namibia,Africa,10722.018,80,.00034874032,"Food , beverages and tobacco",15t16,.35987267,EU27,331478.4706269583,0
NAM,Namibia,Africa,10722.018,80,.00034874032,"Food , beverages and tobacco",15t16,.35987267,RoW,554902.2926118993,0
NAM,Namibia,Africa,10722.018,80,.00034874032,Textiles and textile,17t18,.34086084,EU27,1386.012999518309,0
NAM,Namibia,Africa,10722.018,80,.00034874032,Textiles and textile,17t18,.34086084,RoW,6621.942013119347,0
NAM,Namibia,Africa,10722.018,80,.00034874032,"Leather, leather and footwear",19,.19375706,EU27,7892.294244296965,0
NAM,Namibia,Africa,10722.018,80,.00034874032,"Leather, leather and footwear",19,.19375706,RoW,12509.41566645855,0
NAM,Namibia,Africa,10722.018,80,.00034874032,Wood and of wood and cork,20,.46805823,EU27,1094.661993558519,0
NAM,Namibia,Africa,10722.018,80,.00034874032,Wood and of wood and cork,20,.46805823,RoW,2077.286007056711,0
NAM,Namibia,Africa,10722.018,80,.00034874032,"Pulp, paper, paper , printing and publishing",21t22,.45346645,EU27,104.1259995116852,0
NAM,Namibia,Africa,10722.018,80,.00034874032,"Pulp, paper, paper , printing and publishing",21t22,.45346645,RoW,14982.86228343216,0
NAM,Namibia,Africa,10722.018,80,.00034874032,"Coke, refined petroleum and nuclear fuel",23,2.87748,EU27,116263.7297238464,0
NAM,Namibia,Africa,10722.018,80,.00034874032,"Coke, refined petroleum and nuclear fuel",23,2.87748,RoW,172207.6593188475,0
NAM,Namibia,Africa,10722.018,80,.00034874032,Chemicals and chemical,24,1.4067867,EU27,15727.79990039871,46.1870002746582
NAM,Namibia,Africa,10722.018,80,.00034874032,Chemicals and chemical,24,1.4067867,RoW,58641.78826916125,826.0109903586563
NAM,Namibia,Africa,10722.018,80,.00034874032,Rubber and plastics,25,.2790187,EU27,558.4650165687781,0
NAM,Namibia,Africa,10722.018,80,.00034874032,Rubber and plastics,25,.2790187,RoW,5784.211034536245,0
NAM,Namibia,Africa,10722.018,80,.00034874032,Other non-metallic mineral,26,4.8430367,EU27,756.6450009190012,.0169999998761341
NAM,Namibia,Africa,10722.018,80,.00034874032,Other non-metallic mineral,26,4.8430367,RoW,6154.058961177594,2408.181978127803
NAM,Namibia,Africa,10722.018,80,.00034874032,Basic metals and fabricated metal,27t28,1.9624588,EU27,548041.9939644596,1541.154997208854
NAM,Namibia,Africa,10722.018,80,.00034874032,Basic metals and fabricated metal,27t28,1.9624588,RoW,921523.657623608,159170.4245956626
NAM,Namibia,Africa,10722.018,80,.00034874032,"Machinery, nec",29,.19455881,EU27,5556.347006438416,1.486999988555908
NAM,Namibia,Africa,10722.018,80,.00034874032,"Machinery, nec",29,.19455881,RoW,41065.22788367211,234.0199983342318
NAM,Namibia,Africa,10722.018,80,.00034874032,Electrical and optical equipment,30t33,.20186955,EU27,3461.099983916036,0
NAM,Namibia,Africa,10722.018,80,.00034874032,Electrical and optical equipment,30t33,.20186955,RoW,63196.19667701423,0
NAM,Namibia,Africa,10722.018,80,.00034874032,Transport equipment,34t35,.29114175,EU27,8668.912214983255,0
NAM,Namibia,Africa,10722.018,80,.00034874032,Transport equipment,34t35,.29114175,RoW,341243.5837808736,0
NAM,Namibia,Africa,10722.018,80,.00034874032,Manufacturing nec; recycling,36t37,.26614583,EU27,13926.35712637845,.4090000092983246
NAM,Namibia,Africa,10722.018,80,.00034874032,Manufacturing nec; recycling,36t37,.26614583,RoW,77664.35603944643,5884.799944907427
NAM,Namibia,Africa,10722.018,80,.00034874032,"Agriculture, hunting, forestry and fishing",AtB,.37349537,EU27,56502.81074558175,0
NAM,Namibia,Africa,10722.018,80,.00034874032,"Agriculture, hunting, forestry and fishing",AtB,.37349537,RoW,120586.1911142193,0
NAM,Namibia,Africa,10722.018,80,.00034874032,Mining and quarrying,C,1.4879924,EU27,242741.3868434123,0
NAM,Namibia,Africa,10722.018,80,.00034874032,Mining and quarrying,C,1.4879924,RoW,1635580.765294276,.0020000000949949
NZL,New Zealand,Oceania,188897.5,36,.0022334666,"Food , beverages and tobacco",15t16,.35987267,EU27,1234123.711425104,0
NZL,New Zealand,Oceania,188897.5,36,.0022334666,"Food , beverages and tobacco",15t16,.35987267,RoW,16693226.16424739,0
NZL,New Zealand,Oceania,188897.5,36,.0022334666,Textiles and textile,17t18,.34086084,EU27,93919.04458754696,0
NZL,New Zealand,Oceania,188897.5,36,.0022334666,Textiles and textile,17t18,.34086084,RoW,644539.7388633955,0
NZL,New Zealand,Oceania,188897.5,36,.0022334666,"Leather, leather and footwear",19,.19375706,EU27,99012.61283692997,0
NZL,New Zealand,Oceania,188897.5,36,.0022334666,"Leather, leather and footwear",19,.19375706,RoW,99298.09036856308,0
NZL,New Zealand,Oceania,188897.5,36,.0022334666,Wood and of wood and cork,20,.46805823,EU27,39489.51732529781,0
NZL,New Zealand,Oceania,188897.5,36,.0022334666,Wood and of wood and cork,20,.46805823,RoW,1186304.866260647,0
NZL,New Zealand,Oceania,188897.5,36,.0022334666,"Pulp, paper, paper , printing and publishing",21t22,.45346645,EU27,4880.112125046086,0
NZL,New Zealand,Oceania,188897.5,36,.0022334666,"Pulp, paper, paper , printing and publishing",21t22,.45346645,RoW,945912.4046055806,0
NZL,New Zealand,Oceania,188897.5,36,.0022334666,"Coke, refined petroleum and nuclear fuel",23,2.87748,EU27,44.07400023657829,0
NZL,New Zealand,Oceania,188897.5,36,.0022334666,"Coke, refined petroleum and nuclear fuel",23,2.87748,RoW,58573.78658127692,0
NZL,New Zealand,Oceania,188897.5,36,.0022334666,Chemicals and chemical,24,1.4067867,EU27,172944.0091880097,105.0809990167618
NZL,New Zealand,Oceania,188897.5,36,.0022334666,Chemicals and chemical,24,1.4067867,RoW,1287257.550594624,5209.472018280998
NZL,New Zealand,Oceania,188897.5,36,.0022334666,Rubber and plastics,25,.2790187,EU27,31721.30312050681,0
NZL,New Zealand,Oceania,188897.5,36,.0022334666,Rubber and plastics,25,.2790187,RoW,329692.2566504769,0
NZL,New Zealand,Oceania,188897.5,36,.0022334666,Other non-metallic mineral,26,4.8430367,EU27,17479.32290179923,0
NZL,New Zealand,Oceania,188897.5,36,.0022334666,Other non-metallic mineral,26,4.8430367,RoW,96419.44959669292,11831.21492195129
NZL,New Zealand,Oceania,188897.5,36,.0022334666,Basic metals and fabricated metal,27t28,1.9624588,EU27,69545.66030052979,60652.50128209079
NZL,New Zealand,Oceania,188897.5,36,.0022334666,Basic metals and fabricated metal,27t28,1.9624588,RoW,1411825.304973935,866871.7800281065
NZL,New Zealand,Oceania,188897.5,36,.0022334666,"Machinery, nec",29,.19455881,EU27,81438.82302993163,174.556998787215
NZL,New Zealand,Oceania,188897.5,36,.0022334666,"Machinery, nec",29,.19455881,RoW,1057994.899566317,13469.69283626322
NZL,New Zealand,Oceania,188897.5,36,.0022334666,Electrical and optical equipment,30t33,.20186955,EU27,200471.5957140153,0
NZL,New Zealand,Oceania,188897.5,36,.0022334666,Electrical and optical equipment,30t33,.20186955,RoW,1217933.273261959,0
NZL,New Zealand,Oceania,188897.5,36,.0022334666,Transport equipment,34t35,.29114175,EU27,74529.867148716,0
NZL,New Zealand,Oceania,188897.5,36,.0022334666,Transport equipment,34t35,.29114175,RoW,612041.2997074201,0
NZL,New Zealand,Oceania,188897.5,36,.0022334666,Manufacturing nec; recycling,36t37,.26614583,EU27,39696.33925502514,561.9200019836426
NZL,New Zealand,Oceania,188897.5,36,.0022334666,Manufacturing nec; recycling,36t37,.26614583,RoW,776364.0380314166,47810.02860188484
NZL,New Zealand,Oceania,188897.5,36,.0022334666,"Agriculture, hunting, forestry and fishing",AtB,.37349537,EU27,611106.9313573053,0
NZL,New Zealand,Oceania,188897.5,36,.0022334666,"Agriculture, hunting, forestry and fishing",AtB,.37349537,RoW,4620189.493800947,0
NZL,New Zealand,Oceania,188897.5,36,.0022334666,Mining and quarrying,C,1.4879924,EU27,2279.997974931146,485.4419841766357
NZL,New Zealand,Oceania,188897.5,36,.0022334666,Mining and quarrying,C,1.4879924,RoW,702340.2026699745,6202.52694257698
NIC,Nicaragua,Americas,13286.093,83,.0003185698,"Food , beverages and tobacco",15t16,.35987267,EU27,134146.866187185,0
NIC,Nicaragua,Americas,13286.093,83,.0003185698,"Food , beverages and tobacco",15t16,.35987267,RoW,1234126.783561295,0
NIC,Nicaragua,Americas,13286.093,83,.0003185698,Textiles and textile,17t18,.34086084,EU27,11123.95997320744,0
NIC,Nicaragua,Americas,13286.093,83,.0003185698,Textiles and textile,17t18,.34086084,RoW,1403889.185537971,0
NIC,Nicaragua,Americas,13286.093,83,.0003185698,"Leather, leather and footwear",19,.19375706,EU27,7448.369896462653,0
NIC,Nicaragua,Americas,13286.093,83,.0003185698,"Leather, leather and footwear",19,.19375706,RoW,38254.93121982703,0
NIC,Nicaragua,Americas,13286.093,83,.0003185698,Wood and of wood and cork,20,.46805823,EU27,414.5379936964018,0
NIC,Nicaragua,Americas,13286.093,83,.0003185698,Wood and of wood and cork,20,.46805823,RoW,6991.539967855089,0
NIC,Nicaragua,Americas,13286.093,83,.0003185698,"Pulp, paper, paper , printing and publishing",21t22,.45346645,EU27,194.707995322533,0
NIC,Nicaragua,Americas,13286.093,83,.0003185698,"Pulp, paper, paper , printing and publishing",21t22,.45346645,RoW,5396.378930816427,0
NIC,Nicaragua,Americas,13286.093,83,.0003185698,"Coke, refined petroleum and nuclear fuel",23,2.87748,EU27,.0669999998062849,0
NIC,Nicaragua,Americas,13286.093,83,.0003185698,"Coke, refined petroleum and nuclear fuel",23,2.87748,RoW,7459.736978863832,0
NIC,Nicaragua,Americas,13286.093,83,.0003185698,Chemicals and chemical,24,1.4067867,EU27,877.7699946685461,0
NIC,Nicaragua,Americas,13286.093,83,.0003185698,Chemicals and chemical,24,1.4067867,RoW,40656.16603107005,886.1519972134847
NIC,Nicaragua,Americas,13286.093,83,.0003185698,Rubber and plastics,25,.2790187,EU27,358.3460012041032,0
NIC,Nicaragua,Americas,13286.093,83,.0003185698,Rubber and plastics,25,.2790187,RoW,6922.100964879966,0
NIC,Nicaragua,Americas,13286.093,83,.0003185698,Other non-metallic mineral,26,4.8430367,EU27,103.4350001011044,0
NIC,Nicaragua,Americas,13286.093,83,.0003185698,Other non-metallic mineral,26,4.8430367,RoW,14472.01500983024,1887.87202597782
NIC,Nicaragua,Americas,13286.093,83,.0003185698,Basic metals and fabricated metal,27t28,1.9624588,EU27,364.5589932737639,80.83499993011355
NIC,Nicaragua,Americas,13286.093,83,.0003185698,Basic metals and fabricated metal,27t28,1.9624588,RoW,429893.2240437723,5063.010991643067
NIC,Nicaragua,Americas,13286.093,83,.0003185698,"Machinery, nec",29,.19455881,EU27,579.7850111725274,.2910000085830688
NIC,Nicaragua,Americas,13286.093,83,.0003185698,"Machinery, nec",29,.19455881,RoW,15044.37987380358,26.94100061804056
NIC,Nicaragua,Americas,13286.093,83,.0003185698,Electrical and optical equipment,30t33,.20186955,EU27,612.0160043075448,0
NIC,Nicaragua,Americas,13286.093,83,.0003185698,Electrical and optical equipment,30t33,.20186955,RoW,695575.9133994322,0
NIC,Nicaragua,Americas,13286.093,83,.0003185698,Transport equipment,34t35,.29114175,EU27,377.7899975562468,0
NIC,Nicaragua,Americas,13286.093,83,.0003185698,Transport equipment,34t35,.29114175,RoW,7594.205085933674,0
NIC,Nicaragua,Americas,13286.093,83,.0003185698,Manufacturing nec; recycling,36t37,.26614583,EU27,1353.136980298907,0
NIC,Nicaragua,Americas,13286.093,83,.0003185698,Manufacturing nec; recycling,36t37,.26614583,RoW,69486.06504989718,4084.880981445313
NIC,Nicaragua,Americas,13286.093,83,.0003185698,"Agriculture, hunting, forestry and fishing",AtB,.37349537,EU27,117941.9775907821,0
NIC,Nicaragua,Americas,13286.093,83,.0003185698,"Agriculture, hunting, forestry and fishing",AtB,.37349537,RoW,627392.4573534463,0
NIC,Nicaragua,Americas,13286.093,83,.0003185698,Mining and quarrying,C,1.4879924,EU27,40855.09172034264,0
NIC,Nicaragua,Americas,13286.093,83,.0003185698,Mining and quarrying,C,1.4879924,RoW,2785.806974210311,.0020000000949949
NGA,Nigeria,Africa,404647.88,33,.0024686803,"Food , beverages and tobacco",15t16,.35987267,EU27,165505.2259149024,0
NGA,Nigeria,Africa,404647.88,33,.0024686803,"Food , beverages and tobacco",15t16,.35987267,RoW,212658.8398995029,0
NGA,Nigeria,Africa,404647.88,33,.0024686803,Textiles and textile,17t18,.34086084,EU27,4430.501009330037,0
NGA,Nigeria,Africa,404647.88,33,.0024686803,Textiles and textile,17t18,.34086084,RoW,29761.4576961078,0
NGA,Nigeria,Africa,404647.88,33,.0024686803,"Leather, leather and footwear",19,.19375706,EU27,143241.0285412217,0
NGA,Nigeria,Africa,404647.88,33,.0024686803,"Leather, leather and footwear",19,.19375706,RoW,56647.50145758002,0
NGA,Nigeria,Africa,404647.88,33,.0024686803,Wood and of wood and cork,20,.46805823,EU27,186.1929985792376,0
NGA,Nigeria,Africa,404647.88,33,.0024686803,Wood and of wood and cork,20,.46805823,RoW,23726.12483820831,0
NGA,Nigeria,Africa,404647.88,33,.0024686803,"Pulp, paper, paper , printing and publishing",21t22,.45346645,EU27,145.0829970923951,0
NGA,Nigeria,Africa,404647.88,33,.0024686803,"Pulp, paper, paper , printing and publishing",21t22,.45346645,RoW,11025.56097574322,0
NGA,Nigeria,Africa,404647.88,33,.0024686803,"Coke, refined petroleum and nuclear fuel",23,2.87748,EU27,143014.9018576145,0
NGA,Nigeria,Africa,404647.88,33,.0024686803,"Coke, refined petroleum and nuclear fuel",23,2.87748,RoW,1299170.813966109,0
NGA,Nigeria,Africa,404647.88,33,.0024686803,Chemicals and chemical,24,1.4067867,EU27,90969.66283794073,2952.847042918205
NGA,Nigeria,Africa,404647.88,33,.0024686803,Chemicals and chemical,24,1.4067867,RoW,146686.5529018338,40971.4976076053
NGA,Nigeria,Africa,404647.88,33,.0024686803,Rubber and plastics,25,.2790187,EU27,196.9069979605265,0
NGA,Nigeria,Africa,404647.88,33,.0024686803,Rubber and plastics,25,.2790187,RoW,15201.13394423341,0
NGA,Nigeria,Africa,404647.88,33,.0024686803,Other non-metallic mineral,26,4.8430367,EU27,40.05900006706361,0
NGA,Nigeria,Africa,404647.88,33,.0024686803,Other non-metallic mineral,26,4.8430367,RoW,26903.51193364849,19390.7438423594
NGA,Nigeria,Africa,404647.88,33,.0024686803,Basic metals and fabricated metal,27t28,1.9624588,EU27,10251.42911663,623.7180009959266
NGA,Nigeria,Africa,404647.88,33,.0024686803,Basic metals and fabricated metal,27t28,1.9624588,RoW,940509.8183668384,167323.1603774407
NGA,Nigeria,Africa,404647.88,33,.0024686803,"Machinery, nec",29,.19455881,EU27,6789.069027100923,13.89599975571036
NGA,Nigeria,Africa,404647.88,33,.0024686803,"Machinery, nec",29,.19455881,RoW,49761.51968486211,33.99000008171424
NGA,Nigeria,Africa,404647.88,33,.0024686803,Electrical and optical equipment,30t33,.20186955,EU27,20084.10162850143,0
NGA,Nigeria,Africa,404647.88,33,.0024686803,Electrical and optical equipment,30t33,.20186955,RoW,52708.58400696074,0
NGA,Nigeria,Africa,404647.88,33,.0024686803,Transport equipment,34t35,.29114175,EU27,6057.583005752414,0
NGA,Nigeria,Africa,404647.88,33,.0024686803,Transport equipment,34t35,.29114175,RoW,35408.25284905813,0
NGA,Nigeria,Africa,404647.88,33,.0024686803,Manufacturing nec; recycling,36t37,.26614583,EU27,91870.57591361098,116.0719985961914
NGA,Nigeria,Africa,404647.88,33,.0024686803,Manufacturing nec; recycling,36t37,.26614583,RoW,304041.2665794953,146396.7359194756
NGA,Nigeria,Africa,404647.88,33,.0024686803,"Agriculture, hunting, forestry and fishing",AtB,.37349537,EU27,679403.6568095115,0
NGA,Nigeria,Africa,404647.88,33,.0024686803,"Agriculture, hunting, forestry and fishing",AtB,.37349537,RoW,927883.11456936,0
NGA,Nigeria,Africa,404647.88,33,.0024686803,Mining and quarrying,C,1.4879924,EU27,9309647.124797501,4.762999936938286
NGA,Nigeria,Africa,404647.88,33,.0024686803,Mining and quarrying,C,1.4879924,RoW,23343305.97326002,52.46300007402897
MKD,Northern Macedonia,Europe,10672.464,79,.00034990523,"Food , beverages and tobacco",15t16,.35987267,EU27,140934.1976241625,0
MKD,Northern Macedonia,Europe,10672.464,79,.00034990523,"Food , beverages and tobacco",15t16,.35987267,RoW,223427.2285261624,0
MKD,Northern Macedonia,Europe,10672.464,79,.00034990523,Textiles and textile,17t18,.34086084,EU27,582410.1634065032,0
MKD,Northern Macedonia,Europe,10672.464,79,.00034990523,Textiles and textile,17t18,.34086084,RoW,126131.4498480585,0
MKD,Northern Macedonia,Europe,10672.464,79,.00034990523,"Leather, leather and footwear",19,.19375706,EU27,62921.62511583325,0
MKD,Northern Macedonia,Europe,10672.464,79,.00034990523,"Leather, leather and footwear",19,.19375706,RoW,9712.583985674661,0
MKD,Northern Macedonia,Europe,10672.464,79,.00034990523,Wood and of wood and cork,20,.46805823,EU27,4049.584010845516,0
MKD,Northern Macedonia,Europe,10672.464,79,.00034990523,Wood and of wood and cork,20,.46805823,RoW,3890.631992443232,0
MKD,Northern Macedonia,Europe,10672.464,79,.00034990523,"Pulp, paper, paper , printing and publishing",21t22,.45346645,EU27,6262.540024393355,0
MKD,Northern Macedonia,Europe,10672.464,79,.00034990523,"Pulp, paper, paper , printing and publishing",21t22,.45346645,RoW,11822.89798872208,0
MKD,Northern Macedonia,Europe,10672.464,79,.00034990523,"Coke, refined petroleum and nuclear fuel",23,2.87748,EU27,8487.054160543717,0
MKD,Northern Macedonia,Europe,10672.464,79,.00034990523,"Coke, refined petroleum and nuclear fuel",23,2.87748,RoW,38654.87205970287,0
MKD,Northern Macedonia,Europe,10672.464,79,.00034990523,Chemicals and chemical,24,1.4067867,EU27,1042363.22630791,1379.974015312153
MKD,Northern Macedonia,Europe,10672.464,79,.00034990523,Chemicals and chemical,24,1.4067867,RoW,105396.0223913069,1952.235993970186
MKD,Northern Macedonia,Europe,10672.464,79,.00034990523,Rubber and plastics,25,.2790187,EU27,36759.75285483676,0
MKD,Northern Macedonia,Europe,10672.464,79,.00034990523,Rubber and plastics,25,.2790187,RoW,44822.92743252555,0
MKD,Northern Macedonia,Europe,10672.464,79,.00034990523,Other non-metallic mineral,26,4.8430367,EU27,10082.81276948669,73.92299902811646
MKD,Northern Macedonia,Europe,10672.464,79,.00034990523,Other non-metallic mineral,26,4.8430367,RoW,39976.0009096018,12980.84844161943
MKD,Northern Macedonia,Europe,10672.464,79,.00034990523,Basic metals and fabricated metal,27t28,1.9624588,EU27,296647.2207405276,279341.3577261985
MKD,Northern Macedonia,Europe,10672.464,79,.00034990523,Basic metals and fabricated metal,27t28,1.9624588,RoW,236232.6187259411,233448.2036739299
MKD,Northern Macedonia,Europe,10672.464,79,.00034990523,"Machinery, nec",29,.19455881,EU27,600042.7770429035,18732.43581423163
MKD,Northern Macedonia,Europe,10672.464,79,.00034990523,"Machinery, nec",29,.19455881,RoW,39416.00931394496,5321.178036051337
MKD,Northern Macedonia,Europe,10672.464,79,.00034990523,Electrical and optical equipment,30t33,.20186955,EU27,530496.0528683662,0
MKD,Northern Macedonia,Europe,10672.464,79,.00034990523,Electrical and optical equipment,30t33,.20186955,RoW,68922.94146480062,0
MKD,Northern Macedonia,Europe,10672.464,79,.00034990523,Transport equipment,34t35,.29114175,EU27,460534.5321226171,0
MKD,Northern Macedonia,Europe,10672.464,79,.00034990523,Transport equipment,34t35,.29114175,RoW,27655.69701334322,0
MKD,Northern Macedonia,Europe,10672.464,79,.00034990523,Manufacturing nec; recycling,36t37,.26614583,EU27,176514.6780616207,12577.36094067991
MKD,Northern Macedonia,Europe,10672.464,79,.00034990523,Manufacturing nec; recycling,36t37,.26614583,RoW,53715.64344173227,6435.625905930996
MKD,Northern Macedonia,Europe,10672.464,79,.00034990523,"Agriculture, hunting, forestry and fishing",AtB,.37349537,EU27,153380.7910605276,0
MKD,Northern Macedonia,Europe,10672.464,79,.00034990523,"Agriculture, hunting, forestry and fishing",AtB,.37349537,RoW,123038.0071706082,0
MKD,Northern Macedonia,Europe,10672.464,79,.00034990523,Mining and quarrying,C,1.4879924,EU27,128451.2535272533,5.333999872207642
MKD,Northern Macedonia,Europe,10672.464,79,.00034990523,Mining and quarrying,C,1.4879924,RoW,13749.79292651324,5.8370001912117
OMN,Oman,Asia,75128.859,41,.0018600167,"Food , beverages and tobacco",15t16,.35987267,EU27,8043.050010719337,0
OMN,Oman,Asia,75128.859,41,.0018600167,"Food , beverages and tobacco",15t16,.35987267,RoW,1072387.183339619,0
OMN,Oman,Asia,75128.859,41,.0018600167,Textiles and textile,17t18,.34086084,EU27,114.8779992451891,0
OMN,Oman,Asia,75128.859,41,.0018600167,Textiles and textile,17t18,.34086084,RoW,38996.10773414478,0
OMN,Oman,Asia,75128.859,41,.0018600167,"Leather, leather and footwear",19,.19375706,EU27,85.95100131351501,0
OMN,Oman,Asia,75128.859,41,.0018600167,"Leather, leather and footwear",19,.19375706,RoW,7742.421069227043,0
OMN,Oman,Asia,75128.859,41,.0018600167,Wood and of wood and cork,20,.46805823,EU27,638.0800125026144,0
OMN,Oman,Asia,75128.859,41,.0018600167,Wood and of wood and cork,20,.46805823,RoW,19586.36380031239,0
OMN,Oman,Asia,75128.859,41,.0018600167,"Pulp, paper, paper , printing and publishing",21t22,.45346645,EU27,118.273000975023,0
OMN,Oman,Asia,75128.859,41,.0018600167,"Pulp, paper, paper , printing and publishing",21t22,.45346645,RoW,51685.41650610371,0
OMN,Oman,Asia,75128.859,41,.0018600167,"Coke, refined petroleum and nuclear fuel",23,2.87748,EU27,208671.9582747966,0
OMN,Oman,Asia,75128.859,41,.0018600167,"Coke, refined petroleum and nuclear fuel",23,2.87748,RoW,4339351.16886434,0
OMN,Oman,Asia,75128.859,41,.0018600167,Chemicals and chemical,24,1.4067867,EU27,103187.2649359955,12.74599981307983
OMN,Oman,Asia,75128.859,41,.0018600167,Chemicals and chemical,24,1.4067867,RoW,2383171.748857535,587122.4451010837
OMN,Oman,Asia,75128.859,41,.0018600167,Rubber and plastics,25,.2790187,EU27,19409.11996356235,0
OMN,Oman,Asia,75128.859,41,.0018600167,Rubber and plastics,25,.2790187,RoW,371447.679281594,0
OMN,Oman,Asia,75128.859,41,.0018600167,Other non-metallic mineral,26,4.8430367,EU27,2837.044051459059,0
OMN,Oman,Asia,75128.859,41,.0018600167,Other non-metallic mineral,26,4.8430367,RoW,430555.0598967521,71880.01051932573
OMN,Oman,Asia,75128.859,41,.0018600167,Basic metals and fabricated metal,27t28,1.9624588,EU27,77709.75647314242,76344.10948742076
OMN,Oman,Asia,75128.859,41,.0018600167,Basic metals and fabricated metal,27t28,1.9624588,RoW,1901418.336727128,1835558.191385433
OMN,Oman,Asia,75128.859,41,.0018600167,"Machinery, nec",29,.19455881,EU27,16610.46422050428,.4940000027418137
OMN,Oman,Asia,75128.859,41,.0018600167,"Machinery, nec",29,.19455881,RoW,147211.2567491422,558.5619946883526
OMN,Oman,Asia,75128.859,41,.0018600167,Electrical and optical equipment,30t33,.20186955,EU27,6139.764976965263,0
OMN,Oman,Asia,75128.859,41,.0018600167,Electrical and optical equipment,30t33,.20186955,RoW,369901.6698763558,0
OMN,Oman,Asia,75128.859,41,.0018600167,Transport equipment,34t35,.29114175,EU27,28806.41551471245,0
OMN,Oman,Asia,75128.859,41,.0018600167,Transport equipment,34t35,.29114175,RoW,545991.6503103632,0
OMN,Oman,Asia,75128.859,41,.0018600167,Manufacturing nec; recycling,36t37,.26614583,EU27,1901.912996007595,0
OMN,Oman,Asia,75128.859,41,.0018600167,Manufacturing nec; recycling,36t37,.26614583,RoW,215487.9530668309,8066.915855407715
OMN,Oman,Asia,75128.859,41,.0018600167,"Agriculture, hunting, forestry and fishing",AtB,.37349537,EU27,5511.135962739587,0
OMN,Oman,Asia,75128.859,41,.0018600167,"Agriculture, hunting, forestry and fishing",AtB,.37349537,RoW,302607.192497461,0
OMN,Oman,Asia,75128.859,41,.0018600167,Mining and quarrying,C,1.4879924,EU27,40175.32262648456,0
OMN,Oman,Asia,75128.859,41,.0018600167,Mining and quarrying,C,1.4879924,RoW,16024369.37761936,312822.541595459
PAK,Pakistan,Asia,312353.97,44,.0016563628,"Food , beverages and tobacco",15t16,.35987267,EU27,255810.0176649276,0
PAK,Pakistan,Asia,312353.97,44,.0016563628,"Food , beverages and tobacco",15t16,.35987267,RoW,3383052.95045262,0
PAK,Pakistan,Asia,312353.97,44,.0016563628,Textiles and textile,17t18,.34086084,EU27,5738961.94006705,0
PAK,Pakistan,Asia,312353.97,44,.0016563628,Textiles and textile,17t18,.34086084,RoW,9830474.955610979,0
PAK,Pakistan,Asia,312353.97,44,.0016563628,"Leather, leather and footwear",19,.19375706,EU27,241627.8568924022,0
PAK,Pakistan,Asia,312353.97,44,.0016563628,"Leather, leather and footwear",19,.19375706,RoW,407727.4864890298,0
PAK,Pakistan,Asia,312353.97,44,.0016563628,Wood and of wood and cork,20,.46805823,EU27,690.0940061823931,0
PAK,Pakistan,Asia,312353.97,44,.0016563628,Wood and of wood and cork,20,.46805823,RoW,43578.6702662966,0
PAK,Pakistan,Asia,312353.97,44,.0016563628,"Pulp, paper, paper , printing and publishing",21t22,.45346645,EU27,4526.087960536475,0
PAK,Pakistan,Asia,312353.97,44,.0016563628,"Pulp, paper, paper , printing and publishing",21t22,.45346645,RoW,151316.7374916895,0
PAK,Pakistan,Asia,312353.97,44,.0016563628,"Coke, refined petroleum and nuclear fuel",23,2.87748,EU27,7.403000004589558,0
PAK,Pakistan,Asia,312353.97,44,.0016563628,"Coke, refined petroleum and nuclear fuel",23,2.87748,RoW,354475.8016651403,0
PAK,Pakistan,Asia,312353.97,44,.0016563628,Chemicals and chemical,24,1.4067867,EU27,62554.74186163465,0
PAK,Pakistan,Asia,312353.97,44,.0016563628,Chemicals and chemical,24,1.4067867,RoW,594223.9077189874,218.602993555367
PAK,Pakistan,Asia,312353.97,44,.0016563628,Rubber and plastics,25,.2790187,EU27,25995.61518599954,0
PAK,Pakistan,Asia,312353.97,44,.0016563628,Rubber and plastics,25,.2790187,RoW,128638.8825742392,0
PAK,Pakistan,Asia,312353.97,44,.0016563628,Other non-metallic mineral,26,4.8430367,EU27,8040.056134752813,3468.712094467133
PAK,Pakistan,Asia,312353.97,44,.0016563628,Other non-metallic mineral,26,4.8430367,RoW,455334.5105914326,333075.6117820507
PAK,Pakistan,Asia,312353.97,44,.0016563628,Basic metals and fabricated metal,27t28,1.9624588,EU27,59770.21384782402,11462.5610323482
PAK,Pakistan,Asia,312353.97,44,.0016563628,Basic metals and fabricated metal,27t28,1.9624588,RoW,447737.4326509638,220720.8617449306
PAK,Pakistan,Asia,312353.97,44,.0016563628,"Machinery, nec",29,.19455881,EU27,18335.54123877757,36.89700074051507
PAK,Pakistan,Asia,312353.97,44,.0016563628,"Machinery, nec",29,.19455881,RoW,273474.3185227993,2129.541990559082
PAK,Pakistan,Asia,312353.97,44,.0016563628,Electrical and optical equipment,30t33,.20186955,EU27,108583.1633463423,0
PAK,Pakistan,Asia,312353.97,44,.0016563628,Electrical and optical equipment,30t33,.20186955,RoW,415893.2690387031,0
PAK,Pakistan,Asia,312353.97,44,.0016563628,Transport equipment,34t35,.29114175,EU27,31889.92315573897,0
PAK,Pakistan,Asia,312353.97,44,.0016563628,Transport equipment,34t35,.29114175,RoW,56757.11180122313,0
PAK,Pakistan,Asia,312353.97,44,.0016563628,Manufacturing nec; recycling,36t37,.26614583,EU27,261503.7564156423,6.287000179290771
PAK,Pakistan,Asia,312353.97,44,.0016563628,Manufacturing nec; recycling,36t37,.26614583,RoW,557873.3608633,386.7660042047501
PAK,Pakistan,Asia,312353.97,44,.0016563628,"Agriculture, hunting, forestry and fishing",AtB,.37349537,EU27,73940.55626686977,0
PAK,Pakistan,Asia,312353.97,44,.0016563628,"Agriculture, hunting, forestry and fishing",AtB,.37349537,RoW,1230906.063389433,0
PAK,Pakistan,Asia,312353.97,44,.0016563628,Mining and quarrying,C,1.4879924,EU27,40006.09626752592,0
PAK,Pakistan,Asia,312353.97,44,.0016563628,Mining and quarrying,C,1.4879924,RoW,331202.6642352142,14.8059996124357
PAN,Panama,Americas,59627.625,59,.00064079673,"Food , beverages and tobacco",15t16,.35987267,EU27,135251.7907268815,0
PAN,Panama,Americas,59627.625,59,.00064079673,"Food , beverages and tobacco",15t16,.35987267,RoW,608164.4177119415,0
PAN,Panama,Americas,59627.625,59,.00064079673,Textiles and textile,17t18,.34086084,EU27,2983.667994486168,0
PAN,Panama,Americas,59627.625,59,.00064079673,Textiles and textile,17t18,.34086084,RoW,870677.9402995441,0
PAN,Panama,Americas,59627.625,59,.00064079673,"Leather, leather and footwear",19,.19375706,EU27,7047.902148382738,0
PAN,Panama,Americas,59627.625,59,.00064079673,"Leather, leather and footwear",19,.19375706,RoW,370161.994474093,0
PAN,Panama,Americas,59627.625,59,.00064079673,Wood and of wood and cork,20,.46805823,EU27,363.5120042562485,0
PAN,Panama,Americas,59627.625,59,.00064079673,Wood and of wood and cork,20,.46805823,RoW,10573.60704376479,0
PAN,Panama,Americas,59627.625,59,.00064079673,"Pulp, paper, paper , printing and publishing",21t22,.45346645,EU27,862.2970038256608,0
PAN,Panama,Americas,59627.625,59,.00064079673,"Pulp, paper, paper , printing and publishing",21t22,.45346645,RoW,68678.5691731713,0
PAN,Panama,Americas,59627.625,59,.00064079673,"Coke, refined petroleum and nuclear fuel",23,2.87748,EU27,26.99799969047308,0
PAN,Panama,Americas,59627.625,59,.00064079673,"Coke, refined petroleum and nuclear fuel",23,2.87748,RoW,421078.2955363505,0
PAN,Panama,Americas,59627.625,59,.00064079673,Chemicals and chemical,24,1.4067867,EU27,10745.67996765114,64.18999900668859
PAN,Panama,Americas,59627.625,59,.00064079673,Chemicals and chemical,24,1.4067867,RoW,3008024.542397279,3946.99007986486
PAN,Panama,Americas,59627.625,59,.00064079673,Rubber and plastics,25,.2790187,EU27,91861.691156758,0
PAN,Panama,Americas,59627.625,59,.00064079673,Rubber and plastics,25,.2790187,RoW,156851.2946287425,0
PAN,Panama,Americas,59627.625,59,.00064079673,Other non-metallic mineral,26,4.8430367,EU27,882.4499810691923,5.642999947071075
PAN,Panama,Americas,59627.625,59,.00064079673,Other non-metallic mineral,26,4.8430367,RoW,47198.58300500619,549.3999942801893
PAN,Panama,Americas,59627.625,59,.00064079673,Basic metals and fabricated metal,27t28,1.9624588,EU27,13210.37694856501,8019.971003526822
PAN,Panama,Americas,59627.625,59,.00064079673,Basic metals and fabricated metal,27t28,1.9624588,RoW,213129.142736,64210.62596176378
PAN,Panama,Americas,59627.625,59,.00064079673,"Machinery, nec",29,.19455881,EU27,12300.3519830117,6.01200008392334
PAN,Panama,Americas,59627.625,59,.00064079673,"Machinery, nec",29,.19455881,RoW,343402.3557736366,7907.058038778603
PAN,Panama,Americas,59627.625,59,.00064079673,Electrical and optical equipment,30t33,.20186955,EU27,7466.860963335377,0
PAN,Panama,Americas,59627.625,59,.00064079673,Electrical and optical equipment,30t33,.20186955,RoW,737024.7779499074,0
PAN,Panama,Americas,59627.625,59,.00064079673,Transport equipment,34t35,.29114175,EU27,244736.5493637174,0
PAN,Panama,Americas,59627.625,59,.00064079673,Transport equipment,34t35,.29114175,RoW,1721986.728260688,0
PAN,Panama,Americas,59627.625,59,.00064079673,Manufacturing nec; recycling,36t37,.26614583,EU27,8145.402956652921,1207.522993505001
PAN,Panama,Americas,59627.625,59,.00064079673,Manufacturing nec; recycling,36t37,.26614583,RoW,333555.0507068672,23947.93046188354
PAN,Panama,Americas,59627.625,59,.00064079673,"Agriculture, hunting, forestry and fishing",AtB,.37349537,EU27,147023.5343585555,0
PAN,Panama,Americas,59627.625,59,.00064079673,"Agriculture, hunting, forestry and fishing",AtB,.37349537,RoW,232540.3466723668,0
PAN,Panama,Americas,59627.625,59,.00064079673,Mining and quarrying,C,1.4879924,EU27,7.7849997933954,0
PAN,Panama,Americas,59627.625,59,.00064079673,Mining and quarrying,C,1.4879924,RoW,75933.28785167169,0
PRY,Paraguay,Americas,36089.551,63,.00057216472,"Food , beverages and tobacco",15t16,.35987267,EU27,463682.5784079731,0
PRY,Paraguay,Americas,36089.551,63,.00057216472,"Food , beverages and tobacco",15t16,.35987267,RoW,2521590.351518037,0
PRY,Paraguay,Americas,36089.551,63,.00057216472,Textiles and textile,17t18,.34086084,EU27,750.8280007811263,0
PRY,Paraguay,Americas,36089.551,63,.00057216472,Textiles and textile,17t18,.34086084,RoW,123559.6889675498,0
PRY,Paraguay,Americas,36089.551,63,.00057216472,"Leather, leather and footwear",19,.19375706,EU27,67065.51960325055,0
PRY,Paraguay,Americas,36089.551,63,.00057216472,"Leather, leather and footwear",19,.19375706,RoW,92458.99482248165,0
PRY,Paraguay,Americas,36089.551,63,.00057216472,Wood and of wood and cork,20,.46805823,EU27,1247.131017211825,0
PRY,Paraguay,Americas,36089.551,63,.00057216472,Wood and of wood and cork,20,.46805823,RoW,39342.57498750836,0
PRY,Paraguay,Americas,36089.551,63,.00057216472,"Pulp, paper, paper , printing and publishing",21t22,.45346645,EU27,27.72400009864941,0
PRY,Paraguay,Americas,36089.551,63,.00057216472,"Pulp, paper, paper , printing and publishing",21t22,.45346645,RoW,22673.61205546907,0
PRY,Paraguay,Americas,36089.551,63,.00057216472,"Coke, refined petroleum and nuclear fuel",23,2.87748,RoW,28819.7464075014,0
PRY,Paraguay,Americas,36089.551,63,.00057216472,Chemicals and chemical,24,1.4067867,EU27,23819.62923640106,0
PRY,Paraguay,Americas,36089.551,63,.00057216472,Chemicals and chemical,24,1.4067867,RoW,142936.8972940585,870.7629985809326
PRY,Paraguay,Americas,36089.551,63,.00057216472,Rubber and plastics,25,.2790187,EU27,256.5399988349527,0
PRY,Paraguay,Americas,36089.551,63,.00057216472,Rubber and plastics,25,.2790187,RoW,78022.38413311308,0
PRY,Paraguay,Americas,36089.551,63,.00057216472,Other non-metallic mineral,26,4.8430367,EU27,21.22899978607893,0
PRY,Paraguay,Americas,36089.551,63,.00057216472,Other non-metallic mineral,26,4.8430367,RoW,17325.68260491639,.0570000000298023
PRY,Paraguay,Americas,36089.551,63,.00057216472,Basic metals and fabricated metal,27t28,1.9624588,EU27,100216.0915332496,272.0859931729501
PRY,Paraguay,Americas,36089.551,63,.00057216472,Basic metals and fabricated metal,27t28,1.9624588,RoW,45916.66562378162,5102.753072283813
PRY,Paraguay,Americas,36089.551,63,.00057216472,"Machinery, nec",29,.19455881,EU27,2327.625978898257,0
PRY,Paraguay,Americas,36089.551,63,.00057216472,"Machinery, nec",29,.19455881,RoW,8362.296011413913,8.783999990671873
PRY,Paraguay,Americas,36089.551,63,.00057216472,Electrical and optical equipment,30t33,.20186955,EU27,1186.795014576986,0
PRY,Paraguay,Americas,36089.551,63,.00057216472,Electrical and optical equipment,30t33,.20186955,RoW,172048.9479161765,0
PRY,Paraguay,Americas,36089.551,63,.00057216472,Transport equipment,34t35,.29114175,EU27,24672.06699826941,0
PRY,Paraguay,Americas,36089.551,63,.00057216472,Transport equipment,34t35,.29114175,RoW,21333.33061860222,0
PRY,Paraguay,Americas,36089.551,63,.00057216472,Manufacturing nec; recycling,36t37,.26614583,EU27,20927.73729506962,899.2530288696289
PRY,Paraguay,Americas,36089.551,63,.00057216472,Manufacturing nec; recycling,36t37,.26614583,RoW,2253564.785201589,2143575.622894287
PRY,Paraguay,Americas,36089.551,63,.00057216472,"Agriculture, hunting, forestry and fishing",AtB,.37349537,EU27,506755.5547717819,0
PRY,Paraguay,Americas,36089.551,63,.00057216472,"Agriculture, hunting, forestry and fishing",AtB,.37349537,RoW,2057439.352660603,0
PRY,Paraguay,Americas,36089.551,63,.00057216472,Mining and quarrying,C,1.4879924,EU27,130.8610002994537,0
PRY,Paraguay,Americas,36089.551,63,.00057216472,Mining and quarrying,C,1.4879924,RoW,2880.684026514878,0
PER,Peru,Americas,191898.13,35,.0024093646,"Food , beverages and tobacco",15t16,.35987267,EU27,976704.3934027957,0
PER,Peru,Americas,191898.13,35,.0024093646,"Food , beverages and tobacco",15t16,.35987267,RoW,3018066.942256713,0
PER,Peru,Americas,191898.13,35,.0024093646,Textiles and textile,17t18,.34086084,EU27,129477.8824441932,0
PER,Peru,Americas,191898.13,35,.0024093646,Textiles and textile,17t18,.34086084,RoW,1104690.516843823,0
PER,Peru,Americas,191898.13,35,.0024093646,"Leather, leather and footwear",19,.19375706,EU27,7902.584023650503,0
PER,Peru,Americas,191898.13,35,.0024093646,"Leather, leather and footwear",19,.19375706,RoW,45239.89473592001,0
PER,Peru,Americas,191898.13,35,.0024093646,Wood and of wood and cork,20,.46805823,EU27,14619.23591538798,0
PER,Peru,Americas,191898.13,35,.0024093646,Wood and of wood and cork,20,.46805823,RoW,115719.3915548706,0
PER,Peru,Americas,191898.13,35,.0024093646,"Pulp, paper, paper , printing and publishing",21t22,.45346645,EU27,1001.957996843383,0
PER,Peru,Americas,191898.13,35,.0024093646,"Pulp, paper, paper , printing and publishing",21t22,.45346645,RoW,192303.5927268232,0
PER,Peru,Americas,191898.13,35,.0024093646,"Coke, refined petroleum and nuclear fuel",23,2.87748,EU27,71708.50635226723,0
PER,Peru,Americas,191898.13,35,.0024093646,"Coke, refined petroleum and nuclear fuel",23,2.87748,RoW,1618559.889654719,0
PER,Peru,Americas,191898.13,35,.0024093646,Chemicals and chemical,24,1.4067867,EU27,112909.8976236781,206.6560047864914
PER,Peru,Americas,191898.13,35,.0024093646,Chemicals and chemical,24,1.4067867,RoW,764460.7599842806,23252.70310205012
PER,Peru,Americas,191898.13,35,.0024093646,Rubber and plastics,25,.2790187,EU27,1698.919974214979,0
PER,Peru,Americas,191898.13,35,.0024093646,Rubber and plastics,25,.2790187,RoW,472565.8293615127,0
PER,Peru,Americas,191898.13,35,.0024093646,Other non-metallic mineral,26,4.8430367,EU27,3334.428997051436,.6030000001192093
PER,Peru,Americas,191898.13,35,.0024093646,Other non-metallic mineral,26,4.8430367,RoW,301082.415310959,45518.91982128238
PER,Peru,Americas,191898.13,35,.0024093646,Basic metals and fabricated metal,27t28,1.9624588,EU27,678129.0049990714,5738.538100539008
PER,Peru,Americas,191898.13,35,.0024093646,Basic metals and fabricated metal,27t28,1.9624588,RoW,9282085.663196364,232845.5983936646
PER,Peru,Americas,191898.13,35,.0024093646,"Machinery, nec",29,.19455881,EU27,17756.97806415078,29.66300013707951
PER,Peru,Americas,191898.13,35,.0024093646,"Machinery, nec",29,.19455881,RoW,219661.7298084337,3649.223002107814
PER,Peru,Americas,191898.13,35,.0024093646,Electrical and optical equipment,30t33,.20186955,EU27,13551.52299274609,0
PER,Peru,Americas,191898.13,35,.0024093646,Electrical and optical equipment,30t33,.20186955,RoW,116407.441606413,0
PER,Peru,Americas,191898.13,35,.0024093646,Transport equipment,34t35,.29114175,EU27,10376.17697251728,0
PER,Peru,Americas,191898.13,35,.0024093646,Transport equipment,34t35,.29114175,RoW,81191.39145853231,0
PER,Peru,Americas,191898.13,35,.0024093646,Manufacturing nec; recycling,36t37,.26614583,EU27,21110.55198732996,483.7700023651123
PER,Peru,Americas,191898.13,35,.0024093646,Manufacturing nec; recycling,36t37,.26614583,RoW,280674.0509867071,16904.83765983582
PER,Peru,Americas,191898.13,35,.0024093646,"Agriculture, hunting, forestry and fishing",AtB,.37349537,EU27,1521497.99330034,0
PER,Peru,Americas,191898.13,35,.0024093646,"Agriculture, hunting, forestry and fishing",AtB,.37349537,RoW,2681571.922707872,0
PER,Peru,Americas,191898.13,35,.0024093646,Mining and quarrying,C,1.4879924,EU27,1613880.538972472,.2630000114440918
PER,Peru,Americas,191898.13,35,.0024093646,Mining and quarrying,C,1.4879924,RoW,11740712.90723135,4304.087975516915
PHL,Philippines,Asia,318627.03,23,.0050483588,"Food , beverages and tobacco",15t16,.35987267,EU27,824214.6494236543,0
PHL,Philippines,Asia,318627.03,23,.0050483588,"Food , beverages and tobacco",15t16,.35987267,RoW,2854895.188065129,0
PHL,Philippines,Asia,318627.03,23,.0050483588,Textiles and textile,17t18,.34086084,EU27,320673.8361508272,0
PHL,Philippines,Asia,318627.03,23,.0050483588,Textiles and textile,17t18,.34086084,RoW,1849231.386178417,0
PHL,Philippines,Asia,318627.03,23,.0050483588,"Leather, leather and footwear",19,.19375706,EU27,110225.4734845324,0
PHL,Philippines,Asia,318627.03,23,.0050483588,"Leather, leather and footwear",19,.19375706,RoW,545136.0726087909,0
PHL,Philippines,Asia,318627.03,23,.0050483588,Wood and of wood and cork,20,.46805823,EU27,13617.69106046623,0
PHL,Philippines,Asia,318627.03,23,.0050483588,Wood and of wood and cork,20,.46805823,RoW,947633.4156597952,0
PHL,Philippines,Asia,318627.03,23,.0050483588,"Pulp, paper, paper , printing and publishing",21t22,.45346645,EU27,52168.17816375545,0
PHL,Philippines,Asia,318627.03,23,.0050483588,"Pulp, paper, paper , printing and publishing",21t22,.45346645,RoW,224805.6339818407,0
PHL,Philippines,Asia,318627.03,23,.0050483588,"Coke, refined petroleum and nuclear fuel",23,2.87748,EU27,554.3469911403954,0
PHL,Philippines,Asia,318627.03,23,.0050483588,"Coke, refined petroleum and nuclear fuel",23,2.87748,RoW,415807.0386693217,0
PHL,Philippines,Asia,318627.03,23,.0050483588,Chemicals and chemical,24,1.4067867,EU27,418358.0796885574,311.2319992184639
PHL,Philippines,Asia,318627.03,23,.0050483588,Chemicals and chemical,24,1.4067867,RoW,2368837.849201176,15282.36804569699
PHL,Philippines,Asia,318627.03,23,.0050483588,Rubber and plastics,25,.2790187,EU27,92791.9326608812,0
PHL,Philippines,Asia,318627.03,23,.0050483588,Rubber and plastics,25,.2790187,RoW,968934.2249587313,0
PHL,Philippines,Asia,318627.03,23,.0050483588,Other non-metallic mineral,26,4.8430367,EU27,4507.180993168615,11.54999989736825
PHL,Philippines,Asia,318627.03,23,.0050483588,Other non-metallic mineral,26,4.8430367,RoW,244672.2438272879,2400.406973775476
PHL,Philippines,Asia,318627.03,23,.0050483588,Basic metals and fabricated metal,27t28,1.9624588,EU27,50694.56014870189,33731.5860852839
PHL,Philippines,Asia,318627.03,23,.0050483588,Basic metals and fabricated metal,27t28,1.9624588,RoW,4027541.439153525,553526.497033665
PHL,Philippines,Asia,318627.03,23,.0050483588,"Machinery, nec",29,.19455881,EU27,202131.3233799685,305.2789973407052
PHL,Philippines,Asia,318627.03,23,.0050483588,"Machinery, nec",29,.19455881,RoW,1768928.905800078,307.6189981261268
PHL,Philippines,Asia,318627.03,23,.0050483588,Electrical and optical equipment,30t33,.20186955,EU27,6717249.92298251,0
PHL,Philippines,Asia,318627.03,23,.0050483588,Electrical and optical equipment,30t33,.20186955,RoW,44015867.80847626,0
PHL,Philippines,Asia,318627.03,23,.0050483588,Transport equipment,34t35,.29114175,EU27,665868.0830212102,0
PHL,Philippines,Asia,318627.03,23,.0050483588,Transport equipment,34t35,.29114175,RoW,1711902.277868757,0
PHL,Philippines,Asia,318627.03,23,.0050483588,Manufacturing nec; recycling,36t37,.26614583,EU27,143648.5478025535,30.54500007629395
PHL,Philippines,Asia,318627.03,23,.0050483588,Manufacturing nec; recycling,36t37,.26614583,RoW,1443704.882654695,31530.18798995018
PHL,Philippines,Asia,318627.03,23,.0050483588,"Agriculture, hunting, forestry and fishing",AtB,.37349537,EU27,167058.3770524089,0
PHL,Philippines,Asia,318627.03,23,.0050483588,"Agriculture, hunting, forestry and fishing",AtB,.37349537,RoW,2613285.934523549,0
PHL,Philippines,Asia,318627.03,23,.0050483588,Mining and quarrying,C,1.4879924,EU27,1476.594009196386,0
PHL,Philippines,Asia,318627.03,23,.0050483588,Mining and quarrying,C,1.4879924,RoW,2223244.6218987,111693.0315093994
QAT,Qatar,Asia,151732.19,27,.0038851944,"Food , beverages and tobacco",15t16,.35987267,EU27,130.3350004516542,0
QAT,Qatar,Asia,151732.19,27,.0038851944,"Food , beverages and tobacco",15t16,.35987267,RoW,30866.17405295232,0
QAT,Qatar,Asia,151732.19,27,.0038851944,Textiles and textile,17t18,.34086084,EU27,1414.32399393653,0
QAT,Qatar,Asia,151732.19,27,.0038851944,Textiles and textile,17t18,.34086084,RoW,8360.226065839175,0
QAT,Qatar,Asia,151732.19,27,.0038851944,"Leather, leather and footwear",19,.19375706,EU27,1711.716014781035,0
QAT,Qatar,Asia,151732.19,27,.0038851944,"Leather, leather and footwear",19,.19375706,RoW,3452.137981962878,0
QAT,Qatar,Asia,151732.19,27,.0038851944,Wood and of wood and cork,20,.46805823,EU27,91.16099949262571,0
QAT,Qatar,Asia,151732.19,27,.0038851944,Wood and of wood and cork,20,.46805823,RoW,2260.581055152696,0
QAT,Qatar,Asia,151732.19,27,.0038851944,"Pulp, paper, paper , printing and publishing",21t22,.45346645,EU27,377.5779960690998,0
QAT,Qatar,Asia,151732.19,27,.0038851944,"Pulp, paper, paper , printing and publishing",21t22,.45346645,RoW,44616.95048513589,0
QAT,Qatar,Asia,151732.19,27,.0038851944,"Coke, refined petroleum and nuclear fuel",23,2.87748,EU27,780394.4373006225,0
QAT,Qatar,Asia,151732.19,27,.0038851944,"Coke, refined petroleum and nuclear fuel",23,2.87748,RoW,8393156.184850961,0
QAT,Qatar,Asia,151732.19,27,.0038851944,Chemicals and chemical,24,1.4067867,EU27,692665.2210437339,67524.95076880977
QAT,Qatar,Asia,151732.19,27,.0038851944,Chemicals and chemical,24,1.4067867,RoW,4497549.616069376,1441529.386163309
QAT,Qatar,Asia,151732.19,27,.0038851944,Rubber and plastics,25,.2790187,EU27,10685.18581915728,0
QAT,Qatar,Asia,151732.19,27,.0038851944,Rubber and plastics,25,.2790187,RoW,48980.17999427742,0
QAT,Qatar,Asia,151732.19,27,.0038851944,Other non-metallic mineral,26,4.8430367,EU27,569.2800100854365,0
QAT,Qatar,Asia,151732.19,27,.0038851944,Other non-metallic mineral,26,4.8430367,RoW,5178.255058782524,140.2499940134585
QAT,Qatar,Asia,151732.19,27,.0038851944,Basic metals and fabricated metal,27t28,1.9624588,EU27,21182.10002154822,17840.05603585916
QAT,Qatar,Asia,151732.19,27,.0038851944,Basic metals and fabricated metal,27t28,1.9624588,RoW,1703320.442343536,1672207.838554299
QAT,Qatar,Asia,151732.19,27,.0038851944,"Machinery, nec",29,.19455881,EU27,25061.08680496842,3.413999959826469
QAT,Qatar,Asia,151732.19,27,.0038851944,"Machinery, nec",29,.19455881,RoW,91209.01811773598,10.53200005181134
QAT,Qatar,Asia,151732.19,27,.0038851944,Electrical and optical equipment,30t33,.20186955,EU27,24431.41300617985,0
QAT,Qatar,Asia,151732.19,27,.0038851944,Electrical and optical equipment,30t33,.20186955,RoW,99938.98003026377,0
QAT,Qatar,Asia,151732.19,27,.0038851944,Transport equipment,34t35,.29114175,EU27,22596.83277454134,0
QAT,Qatar,Asia,151732.19,27,.0038851944,Transport equipment,34t35,.29114175,RoW,135319.6404919702,0
QAT,Qatar,Asia,151732.19,27,.0038851944,Manufacturing nec; recycling,36t37,.26614583,EU27,19467.08845927927,58.02199935913086
QAT,Qatar,Asia,151732.19,27,.0038851944,Manufacturing nec; recycling,36t37,.26614583,RoW,449450.4685567635,15973.85133743286
QAT,Qatar,Asia,151732.19,27,.0038851944,"Agriculture, hunting, forestry and fishing",AtB,.37349537,EU27,718.1439926614985,0
QAT,Qatar,Asia,151732.19,27,.0038851944,"Agriculture, hunting, forestry and fishing",AtB,.37349537,RoW,16838.31190985884,0
QAT,Qatar,Asia,151732.19,27,.0038851944,Mining and quarrying,C,1.4879924,EU27,2304077.856812593,0
QAT,Qatar,Asia,151732.19,27,.0038851944,Mining and quarrying,C,1.4879924,RoW,40599817.47632554,4251.43212890625
RUS,Russia,Europe,1276786.3,9,.01928127,"Food , beverages and tobacco",15t16,.35987267,EU27,1342782.018076341,0
RUS,Russia,Europe,1276786.3,9,.01928127,"Food , beverages and tobacco",15t16,.35987267,RoW,9220936.44002145,0
RUS,Russia,Europe,1276786.3,9,.01928127,Textiles and textile,17t18,.34086084,EU27,145657.6572925883,0
RUS,Russia,Europe,1276786.3,9,.01928127,Textiles and textile,17t18,.34086084,RoW,623632.7788398159,0
RUS,Russia,Europe,1276786.3,9,.01928127,"Leather, leather and footwear",19,.19375706,EU27,110588.2141711293,0
RUS,Russia,Europe,1276786.3,9,.01928127,"Leather, leather and footwear",19,.19375706,RoW,264402.9663499406,0
RUS,Russia,Europe,1276786.3,9,.01928127,Wood and of wood and cork,20,.46805823,EU27,1342906.287450535,0
RUS,Russia,Europe,1276786.3,9,.01928127,Wood and of wood and cork,20,.46805823,RoW,4213346.539444538,0
RUS,Russia,Europe,1276786.3,9,.01928127,"Pulp, paper, paper , printing and publishing",21t22,.45346645,EU27,616899.8645282392,0
RUS,Russia,Europe,1276786.3,9,.01928127,"Pulp, paper, paper , printing and publishing",21t22,.45346645,RoW,3071862.627543481,0
RUS,Russia,Europe,1276786.3,9,.01928127,"Coke, refined petroleum and nuclear fuel",23,2.87748,EU27,34444966.34499565,0
RUS,Russia,Europe,1276786.3,9,.01928127,"Coke, refined petroleum and nuclear fuel",23,2.87748,RoW,29856566.8853359,0
RUS,Russia,Europe,1276786.3,9,.01928127,Chemicals and chemical,24,1.4067867,EU27,6290899.795874509,1591506.170704916
RUS,Russia,Europe,1276786.3,9,.01928127,Chemicals and chemical,24,1.4067867,RoW,14620093.30209903,5242964.908702127
RUS,Russia,Europe,1276786.3,9,.01928127,Rubber and plastics,25,.2790187,EU27,719288.0819177423,0
RUS,Russia,Europe,1276786.3,9,.01928127,Rubber and plastics,25,.2790187,RoW,1726865.450733692,0
RUS,Russia,Europe,1276786.3,9,.01928127,Other non-metallic mineral,26,4.8430367,EU27,302395.8629415155,4556.909792040475
RUS,Russia,Europe,1276786.3,9,.01928127,Other non-metallic mineral,26,4.8430367,RoW,1346503.61928155,51732.95818043489
RUS,Russia,Europe,1276786.3,9,.01928127,Basic metals and fabricated metal,27t28,1.9624588,EU27,11248354.81308599,5985879.314341764
RUS,Russia,Europe,1276786.3,9,.01928127,Basic metals and fabricated metal,27t28,1.9624588,RoW,27400022.49443838,16507884.45039618
RUS,Russia,Europe,1276786.3,9,.01928127,"Machinery, nec",29,.19455881,EU27,857404.2330905867,3816.039996212581
RUS,Russia,Europe,1276786.3,9,.01928127,"Machinery, nec",29,.19455881,RoW,6077446.81451871,24867.41301129456
RUS,Russia,Europe,1276786.3,9,.01928127,Electrical and optical equipment,30t33,.20186955,EU27,760425.7159004057,0
RUS,Russia,Europe,1276786.3,9,.01928127,Electrical and optical equipment,30t33,.20186955,RoW,6520643.843274629,0
RUS,Russia,Europe,1276786.3,9,.01928127,Transport equipment,34t35,.29114175,EU27,2350049.576140794,0
RUS,Russia,Europe,1276786.3,9,.01928127,Transport equipment,34t35,.29114175,RoW,6584260.926214451,0
RUS,Russia,Europe,1276786.3,9,.01928127,Manufacturing nec; recycling,36t37,.26614583,EU27,1410421.654676535,320068.8079841733
RUS,Russia,Europe,1276786.3,9,.01928127,Manufacturing nec; recycling,36t37,.26614583,RoW,2842281.168360766,384017.7958322763
RUS,Russia,Europe,1276786.3,9,.01928127,"Agriculture, hunting, forestry and fishing",AtB,.37349537,EU27,1024501.79760694,0
RUS,Russia,Europe,1276786.3,9,.01928127,"Agriculture, hunting, forestry and fishing",AtB,.37349537,RoW,10566149.76034586,0
RUS,Russia,Europe,1276786.3,9,.01928127,Mining and quarrying,C,1.4879924,EU27,61179843.14411595,214957.4308154657
RUS,Russia,Europe,1276786.3,9,.01928127,Mining and quarrying,C,1.4879924,RoW,48861030.6297716,245774.0028338041
SAU,Saudi Arabia,Asia,665999.94,15,.013218421,"Food , beverages and tobacco",15t16,.35987267,EU27,42258.93841239624,0
SAU,Saudi Arabia,Asia,665999.94,15,.013218421,"Food , beverages and tobacco",15t16,.35987267,RoW,3634106.178329429,0
SAU,Saudi Arabia,Asia,665999.94,15,.013218421,Textiles and textile,17t18,.34086084,EU27,94399.77840995684,0
SAU,Saudi Arabia,Asia,665999.94,15,.013218421,Textiles and textile,17t18,.34086084,RoW,445203.9718849091,0
SAU,Saudi Arabia,Asia,665999.94,15,.013218421,"Leather, leather and footwear",19,.19375706,EU27,6922.890936384909,0
SAU,Saudi Arabia,Asia,665999.94,15,.013218421,"Leather, leather and footwear",19,.19375706,RoW,75026.68423166079,0
SAU,Saudi Arabia,Asia,665999.94,15,.013218421,Wood and of wood and cork,20,.46805823,EU27,1684.670029945672,0
SAU,Saudi Arabia,Asia,665999.94,15,.013218421,Wood and of wood and cork,20,.46805823,RoW,40426.66497113497,0
SAU,Saudi Arabia,Asia,665999.94,15,.013218421,"Pulp, paper, paper , printing and publishing",21t22,.45346645,EU27,6781.875080540194,0
SAU,Saudi Arabia,Asia,665999.94,15,.013218421,"Pulp, paper, paper , printing and publishing",21t22,.45346645,RoW,1076698.325453269,0
SAU,Saudi Arabia,Asia,665999.94,15,.013218421,"Coke, refined petroleum and nuclear fuel",23,2.87748,EU27,3607370.74760589,0
SAU,Saudi Arabia,Asia,665999.94,15,.013218421,"Coke, refined petroleum and nuclear fuel",23,2.87748,RoW,17250312.03876553,0
SAU,Saudi Arabia,Asia,665999.94,15,.013218421,Chemicals and chemical,24,1.4067867,EU27,4062820.602741469,683.7140040397644
SAU,Saudi Arabia,Asia,665999.94,15,.013218421,Chemicals and chemical,24,1.4067867,RoW,30312007.6140988,2836785.855183126
SAU,Saudi Arabia,Asia,665999.94,15,.013218421,Rubber and plastics,25,.2790187,EU27,192133.8118678391,0
SAU,Saudi Arabia,Asia,665999.94,15,.013218421,Rubber and plastics,25,.2790187,RoW,922503.2338693611,0
SAU,Saudi Arabia,Asia,665999.94,15,.013218421,Other non-metallic mineral,26,4.8430367,EU27,11086.68602322822,1.102999992202967
SAU,Saudi Arabia,Asia,665999.94,15,.013218421,Other non-metallic mineral,26,4.8430367,RoW,661289.3144151574,61255.79255288839
SAU,Saudi Arabia,Asia,665999.94,15,.013218421,Basic metals and fabricated metal,27t28,1.9624588,EU27,195104.2558483869,178234.0608020469
SAU,Saudi Arabia,Asia,665999.94,15,.013218421,Basic metals and fabricated metal,27t28,1.9624588,RoW,3884605.059265581,2730866.131799391
SAU,Saudi Arabia,Asia,665999.94,15,.013218421,"Machinery, nec",29,.19455881,EU27,91516.69131961884,1119.953982336214
SAU,Saudi Arabia,Asia,665999.94,15,.013218421,"Machinery, nec",29,.19455881,RoW,1088521.877464574,1617.7220154393
SAU,Saudi Arabia,Asia,665999.94,15,.013218421,Electrical and optical equipment,30t33,.20186955,EU27,119987.5672147812,0
SAU,Saudi Arabia,Asia,665999.94,15,.013218421,Electrical and optical equipment,30t33,.20186955,RoW,1103000.992415911,0
SAU,Saudi Arabia,Asia,665999.94,15,.013218421,Transport equipment,34t35,.29114175,EU27,347990.5375490886,0
SAU,Saudi Arabia,Asia,665999.94,15,.013218421,Transport equipment,34t35,.29114175,RoW,3453327.695274666,0
SAU,Saudi Arabia,Asia,665999.94,15,.013218421,Manufacturing nec; recycling,36t37,.26614583,EU27,148910.0203182539,28972.13543701172
SAU,Saudi Arabia,Asia,665999.94,15,.013218421,Manufacturing nec; recycling,36t37,.26614583,RoW,1495468.830408825,217073.1996040344
SAU,Saudi Arabia,Asia,665999.94,15,.013218421,"Agriculture, hunting, forestry and fishing",AtB,.37349537,EU27,4125.930963944062,0
SAU,Saudi Arabia,Asia,665999.94,15,.013218421,"Agriculture, hunting, forestry and fishing",AtB,.37349537,RoW,471796.6556574207,0
SAU,Saudi Arabia,Asia,665999.94,15,.013218421,Mining and quarrying,C,1.4879924,EU27,8775694.276238203,.2310000061988831
SAU,Saudi Arabia,Asia,665999.94,15,.013218421,Mining and quarrying,C,1.4879924,RoW,120634312.4372588,4573.072984457016
SEN,Senegal,Africa,19040.318,97,.00018465603,"Food , beverages and tobacco",15t16,.35987267,EU27,153315.4266461902,0
SEN,Senegal,Africa,19040.318,97,.00018465603,"Food , beverages and tobacco",15t16,.35987267,RoW,625872.3944571416,0
SEN,Senegal,Africa,19040.318,97,.00018465603,Textiles and textile,17t18,.34086084,EU27,3250.389964994509,0
SEN,Senegal,Africa,19040.318,97,.00018465603,Textiles and textile,17t18,.34086084,RoW,31554.71138860378,0
SEN,Senegal,Africa,19040.318,97,.00018465603,"Leather, leather and footwear",19,.19375706,EU27,8989.985979444813,0
SEN,Senegal,Africa,19040.318,97,.00018465603,"Leather, leather and footwear",19,.19375706,RoW,6977.717015148373,0
SEN,Senegal,Africa,19040.318,97,.00018465603,Wood and of wood and cork,20,.46805823,EU27,616.5699994056486,0
SEN,Senegal,Africa,19040.318,97,.00018465603,Wood and of wood and cork,20,.46805823,RoW,10857.25998887513,0
SEN,Senegal,Africa,19040.318,97,.00018465603,"Pulp, paper, paper , printing and publishing",21t22,.45346645,EU27,4203.364975456032,0
SEN,Senegal,Africa,19040.318,97,.00018465603,"Pulp, paper, paper , printing and publishing",21t22,.45346645,RoW,15716.51795727445,0
SEN,Senegal,Africa,19040.318,97,.00018465603,"Coke, refined petroleum and nuclear fuel",23,2.87748,EU27,17157.57409542799,0
SEN,Senegal,Africa,19040.318,97,.00018465603,"Coke, refined petroleum and nuclear fuel",23,2.87748,RoW,222813.3995566908,0
SEN,Senegal,Africa,19040.318,97,.00018465603,Chemicals and chemical,24,1.4067867,EU27,10628.39613096323,114.8270014701411
SEN,Senegal,Africa,19040.318,97,.00018465603,Chemicals and chemical,24,1.4067867,RoW,341828.5818857382,22891.6257212162
SEN,Senegal,Africa,19040.318,97,.00018465603,Rubber and plastics,25,.2790187,EU27,1168.316019001417,0
SEN,Senegal,Africa,19040.318,97,.00018465603,Rubber and plastics,25,.2790187,RoW,37398.76981698105,0
SEN,Senegal,Africa,19040.318,97,.00018465603,Other non-metallic mineral,26,4.8430367,EU27,460.4830006342381,9.129999868571758
SEN,Senegal,Africa,19040.318,97,.00018465603,Other non-metallic mineral,26,4.8430367,RoW,217533.8877052255,213310.25965029
SEN,Senegal,Africa,19040.318,97,.00018465603,Basic metals and fabricated metal,27t28,1.9624588,EU27,17888.41127451241,8109.190054649836
SEN,Senegal,Africa,19040.318,97,.00018465603,Basic metals and fabricated metal,27t28,1.9624588,RoW,442047.235018061,55500.83407232421
SEN,Senegal,Africa,19040.318,97,.00018465603,"Machinery, nec",29,.19455881,EU27,16194.40702570835,6.937000101432204
SEN,Senegal,Africa,19040.318,97,.00018465603,"Machinery, nec",29,.19455881,RoW,26563.73393642739,180.2809993308038
SEN,Senegal,Africa,19040.318,97,.00018465603,Electrical and optical equipment,30t33,.20186955,EU27,7130.234003592632,0
SEN,Senegal,Africa,19040.318,97,.00018465603,Electrical and optical equipment,30t33,.20186955,RoW,39912.39687665843,0
SEN,Senegal,Africa,19040.318,97,.00018465603,Transport equipment,34t35,.29114175,EU27,8082.141986980801,0
SEN,Senegal,Africa,19040.318,97,.00018465603,Transport equipment,34t35,.29114175,RoW,23412.19708896428,0
SEN,Senegal,Africa,19040.318,97,.00018465603,Manufacturing nec; recycling,36t37,.26614583,EU27,13242.24902166193,27.19000053405762
SEN,Senegal,Africa,19040.318,97,.00018465603,Manufacturing nec; recycling,36t37,.26614583,RoW,81112.95557381364,3991.357990264893
SEN,Senegal,Africa,19040.318,97,.00018465603,"Agriculture, hunting, forestry and fishing",AtB,.37349537,EU27,89890.88029337232,0
SEN,Senegal,Africa,19040.318,97,.00018465603,"Agriculture, hunting, forestry and fishing",AtB,.37349537,RoW,188089.1730600726,0
SEN,Senegal,Africa,19040.318,97,.00018465603,Mining and quarrying,C,1.4879924,EU27,61400.81713345274,2084.213043212891
SEN,Senegal,Africa,19040.318,97,.00018465603,Mining and quarrying,C,1.4879924,RoW,128082.8322415372,1992.16405248642
SRB,Serbia,Europe,40692.641,51,.0010222564,"Food , beverages and tobacco",15t16,.35987267,EU27,912199.2515554448,0
SRB,Serbia,Europe,40692.641,51,.0010222564,"Food , beverages and tobacco",15t16,.35987267,RoW,1408079.829777905,0
SRB,Serbia,Europe,40692.641,51,.0010222564,Textiles and textile,17t18,.34086084,EU27,602828.4148098247,0
SRB,Serbia,Europe,40692.641,51,.0010222564,Textiles and textile,17t18,.34086084,RoW,231947.0954163166,0
SRB,Serbia,Europe,40692.641,51,.0010222564,"Leather, leather and footwear",19,.19375706,EU27,255796.9148268569,0
SRB,Serbia,Europe,40692.641,51,.0010222564,"Leather, leather and footwear",19,.19375706,RoW,102234.7854298258,0
SRB,Serbia,Europe,40692.641,51,.0010222564,Wood and of wood and cork,20,.46805823,EU27,130377.8889462955,0
SRB,Serbia,Europe,40692.641,51,.0010222564,Wood and of wood and cork,20,.46805823,RoW,97044.62961025466,0
SRB,Serbia,Europe,40692.641,51,.0010222564,"Pulp, paper, paper , printing and publishing",21t22,.45346645,EU27,266097.758081114,0
SRB,Serbia,Europe,40692.641,51,.0010222564,"Pulp, paper, paper , printing and publishing",21t22,.45346645,RoW,178008.5718914547,0
SRB,Serbia,Europe,40692.641,51,.0010222564,"Coke, refined petroleum and nuclear fuel",23,2.87748,EU27,125751.6959982112,0
SRB,Serbia,Europe,40692.641,51,.0010222564,"Coke, refined petroleum and nuclear fuel",23,2.87748,RoW,116106.490365576,0
SRB,Serbia,Europe,40692.641,51,.0010222564,Chemicals and chemical,24,1.4067867,EU27,652813.0776459452,59052.85303650238
SRB,Serbia,Europe,40692.641,51,.0010222564,Chemicals and chemical,24,1.4067867,RoW,453091.9276450834,29529.16087982245
SRB,Serbia,Europe,40692.641,51,.0010222564,Rubber and plastics,25,.2790187,EU27,705358.6832157874,0
SRB,Serbia,Europe,40692.641,51,.0010222564,Rubber and plastics,25,.2790187,RoW,425403.6389067611,0
SRB,Serbia,Europe,40692.641,51,.0010222564,Other non-metallic mineral,26,4.8430367,EU27,83059.56124247413,1053.24802139774
SRB,Serbia,Europe,40692.641,51,.0010222564,Other non-metallic mineral,26,4.8430367,RoW,95005.72593135142,6770.778191331774
SRB,Serbia,Europe,40692.641,51,.0010222564,Basic metals and fabricated metal,27t28,1.9624588,EU27,1078454.992509688,772091.5720020378
SRB,Serbia,Europe,40692.641,51,.0010222564,Basic metals and fabricated metal,27t28,1.9624588,RoW,596624.5521728538,329567.7723855699
SRB,Serbia,Europe,40692.641,51,.0010222564,"Machinery, nec",29,.19455881,EU27,703885.2992858649,28504.08885998093
SRB,Serbia,Europe,40692.641,51,.0010222564,"Machinery, nec",29,.19455881,RoW,512009.8229649792,26542.51177006296
SRB,Serbia,Europe,40692.641,51,.0010222564,Electrical and optical equipment,30t33,.20186955,EU27,1514410.710558353,0
SRB,Serbia,Europe,40692.641,51,.0010222564,Electrical and optical equipment,30t33,.20186955,RoW,544111.1792166983,0
SRB,Serbia,Europe,40692.641,51,.0010222564,Transport equipment,34t35,.29114175,EU27,1568782.14551361,0
SRB,Serbia,Europe,40692.641,51,.0010222564,Transport equipment,34t35,.29114175,RoW,208765.5231804624,0
SRB,Serbia,Europe,40692.641,51,.0010222564,Manufacturing nec; recycling,36t37,.26614583,EU27,603535.5121482128,131764.644997716
SRB,Serbia,Europe,40692.641,51,.0010222564,Manufacturing nec; recycling,36t37,.26614583,RoW,223495.1688923168,51824.39443588257
SRB,Serbia,Europe,40692.641,51,.0010222564,"Agriculture, hunting, forestry and fishing",AtB,.37349537,EU27,641616.4885384137,0
SRB,Serbia,Europe,40692.641,51,.0010222564,"Agriculture, hunting, forestry and fishing",AtB,.37349537,RoW,644922.6669348894,0
SRB,Serbia,Europe,40692.641,51,.0010222564,Mining and quarrying,C,1.4879924,EU27,38781.29937484057,707.2820057710633
SRB,Serbia,Europe,40692.641,51,.0010222564,Mining and quarrying,C,1.4879924,RoW,75795.31733394787,15.20200029015541
SGP,Singapore,Asia,319053.84,11,.016747834,"Food , beverages and tobacco",15t16,.35987267,EU27,115357.8623222357,0
SGP,Singapore,Asia,319053.84,11,.016747834,"Food , beverages and tobacco",15t16,.35987267,RoW,8097807.563493806,0
SGP,Singapore,Asia,319053.84,11,.016747834,Textiles and textile,17t18,.34086084,EU27,86933.88754111493,0
SGP,Singapore,Asia,319053.84,11,.016747834,Textiles and textile,17t18,.34086084,RoW,1170100.964622931,0
SGP,Singapore,Asia,319053.84,11,.016747834,"Leather, leather and footwear",19,.19375706,EU27,27977.46234073862,0
SGP,Singapore,Asia,319053.84,11,.016747834,"Leather, leather and footwear",19,.19375706,RoW,877046.3267700723,0
SGP,Singapore,Asia,319053.84,11,.016747834,Wood and of wood and cork,20,.46805823,EU27,11551.82114145346,0
SGP,Singapore,Asia,319053.84,11,.016747834,Wood and of wood and cork,20,.46805823,RoW,77979.03028042871,0
SGP,Singapore,Asia,319053.84,11,.016747834,"Pulp, paper, paper , printing and publishing",21t22,.45346645,EU27,63826.0063366465,0
SGP,Singapore,Asia,319053.84,11,.016747834,"Pulp, paper, paper , printing and publishing",21t22,.45346645,RoW,2957704.08802397,0
SGP,Singapore,Asia,319053.84,11,.016747834,"Coke, refined petroleum and nuclear fuel",23,2.87748,EU27,1047873.81044694,0
SGP,Singapore,Asia,319053.84,11,.016747834,"Coke, refined petroleum and nuclear fuel",23,2.87748,RoW,34114620.57490566,0
SGP,Singapore,Asia,319053.84,11,.016747834,Chemicals and chemical,24,1.4067867,EU27,10082361.93976194,9718.58465876244
SGP,Singapore,Asia,319053.84,11,.016747834,Chemicals and chemical,24,1.4067867,RoW,40853198.35732399,94938.94389298651
SGP,Singapore,Asia,319053.84,11,.016747834,Rubber and plastics,25,.2790187,EU27,190378.7010376563,0
SGP,Singapore,Asia,319053.84,11,.016747834,Rubber and plastics,25,.2790187,RoW,2017883.73695422,0
SGP,Singapore,Asia,319053.84,11,.016747834,Other non-metallic mineral,26,4.8430367,EU27,8605.58698597888,122.7330002486706
SGP,Singapore,Asia,319053.84,11,.016747834,Other non-metallic mineral,26,4.8430367,RoW,431342.0134739068,15991.34019241668
SGP,Singapore,Asia,319053.84,11,.016747834,Basic metals and fabricated metal,27t28,1.9624588,EU27,409351.217708788,91278.68583915115
SGP,Singapore,Asia,319053.84,11,.016747834,Basic metals and fabricated metal,27t28,1.9624588,RoW,16784405.27750847,3250109.775492514
SGP,Singapore,Asia,319053.84,11,.016747834,"Machinery, nec",29,.19455881,EU27,1319155.215361433,2735.587081278674
SGP,Singapore,Asia,319053.84,11,.016747834,"Machinery, nec",29,.19455881,RoW,15288108.72744863,33445.27718653972
SGP,Singapore,Asia,319053.84,11,.016747834,Electrical and optical equipment,30t33,.20186955,EU27,6175125.831956101,0
SGP,Singapore,Asia,319053.84,11,.016747834,Electrical and optical equipment,30t33,.20186955,RoW,96577035.21481605,0
SGP,Singapore,Asia,319053.84,11,.016747834,Transport equipment,34t35,.29114175,EU27,1564664.384315365,0
SGP,Singapore,Asia,319053.84,11,.016747834,Transport equipment,34t35,.29114175,RoW,11002344.96216094,0
SGP,Singapore,Asia,319053.84,11,.016747834,Manufacturing nec; recycling,36t37,.26614583,EU27,201994.406568074,1672.457033157349
SGP,Singapore,Asia,319053.84,11,.016747834,Manufacturing nec; recycling,36t37,.26614583,RoW,4584809.170592967,73184.80614632368
SGP,Singapore,Asia,319053.84,11,.016747834,"Agriculture, hunting, forestry and fishing",AtB,.37349537,EU27,96930.72845377272,0
SGP,Singapore,Asia,319053.84,11,.016747834,"Agriculture, hunting, forestry and fishing",AtB,.37349537,RoW,704807.235072458,0
SGP,Singapore,Asia,319053.84,11,.016747834,Mining and quarrying,C,1.4879924,EU27,232755.8061814259,.1289999932050705
SGP,Singapore,Asia,319053.84,11,.016747834,Mining and quarrying,C,1.4879924,RoW,1621529.880760284,568.8950122478418
ZAF,South Africa,Africa,323567.66,22,.0064002695,"Food , beverages and tobacco",15t16,.35987267,EU27,750335.9586008545,0
ZAF,South Africa,Africa,323567.66,22,.0064002695,"Food , beverages and tobacco",15t16,.35987267,RoW,4405331.078321795,0
ZAF,South Africa,Africa,323567.66,22,.0064002695,Textiles and textile,17t18,.34086084,EU27,109884.6910727106,0
ZAF,South Africa,Africa,323567.66,22,.0064002695,Textiles and textile,17t18,.34086084,RoW,799892.4618603331,0
ZAF,South Africa,Africa,323567.66,22,.0064002695,"Leather, leather and footwear",19,.19375706,EU27,106545.4072750601,0
ZAF,South Africa,Africa,323567.66,22,.0064002695,"Leather, leather and footwear",19,.19375706,RoW,299248.7682899637,0
ZAF,South Africa,Africa,323567.66,22,.0064002695,Wood and of wood and cork,20,.46805823,EU27,9465.629019104526,0
ZAF,South Africa,Africa,323567.66,22,.0064002695,Wood and of wood and cork,20,.46805823,RoW,451694.7213147,0
ZAF,South Africa,Africa,323567.66,22,.0064002695,"Pulp, paper, paper , printing and publishing",21t22,.45346645,EU27,199103.4586128345,0
ZAF,South Africa,Africa,323567.66,22,.0064002695,"Pulp, paper, paper , printing and publishing",21t22,.45346645,RoW,1505891.734304169,0
ZAF,South Africa,Africa,323567.66,22,.0064002695,"Coke, refined petroleum and nuclear fuel",23,2.87748,EU27,159351.2397509804,0
ZAF,South Africa,Africa,323567.66,22,.0064002695,"Coke, refined petroleum and nuclear fuel",23,2.87748,RoW,2002206.522157629,0
ZAF,South Africa,Africa,323567.66,22,.0064002695,Chemicals and chemical,24,1.4067867,EU27,920425.5333299796,5890.765001418535
ZAF,South Africa,Africa,323567.66,22,.0064002695,Chemicals and chemical,24,1.4067867,RoW,4773485.249778494,372530.3091393509
ZAF,South Africa,Africa,323567.66,22,.0064002695,Rubber and plastics,25,.2790187,EU27,84989.57485436031,0
ZAF,South Africa,Africa,323567.66,22,.0064002695,Rubber and plastics,25,.2790187,RoW,896348.237730525,0
ZAF,South Africa,Africa,323567.66,22,.0064002695,Other non-metallic mineral,26,4.8430367,EU27,90882.93211452418,169.6040033050813
ZAF,South Africa,Africa,323567.66,22,.0064002695,Other non-metallic mineral,26,4.8430367,RoW,515452.520990937,89362.8853961695
ZAF,South Africa,Africa,323567.66,22,.0064002695,Basic metals and fabricated metal,27t28,1.9624588,EU27,2683512.751592605,1243348.681867638
ZAF,South Africa,Africa,323567.66,22,.0064002695,Basic metals and fabricated metal,27t28,1.9624588,RoW,35059934.12841146,6754279.003922476
ZAF,South Africa,Africa,323567.66,22,.0064002695,"Machinery, nec",29,.19455881,EU27,1229090.336921888,3655.111076243222
ZAF,South Africa,Africa,323567.66,22,.0064002695,"Machinery, nec",29,.19455881,RoW,3923974.068477523,25598.99408330664
ZAF,South Africa,Africa,323567.66,22,.0064002695,Electrical and optical equipment,30t33,.20186955,EU27,291910.8527779429,0
ZAF,South Africa,Africa,323567.66,22,.0064002695,Electrical and optical equipment,30t33,.20186955,RoW,2451674.553524069,0
ZAF,South Africa,Africa,323567.66,22,.0064002695,Transport equipment,34t35,.29114175,EU27,4874712.670461753,0
ZAF,South Africa,Africa,323567.66,22,.0064002695,Transport equipment,34t35,.29114175,RoW,6825421.541218882,0
ZAF,South Africa,Africa,323567.66,22,.0064002695,Manufacturing nec; recycling,36t37,.26614583,EU27,446165.6606322533,16915.25487005711
ZAF,South Africa,Africa,323567.66,22,.0064002695,Manufacturing nec; recycling,36t37,.26614583,RoW,2778067.010762182,671101.13386916
ZAF,South Africa,Africa,323567.66,22,.0064002695,"Agriculture, hunting, forestry and fishing",AtB,.37349537,EU27,1225206.878325791,0
ZAF,South Africa,Africa,323567.66,22,.0064002695,"Agriculture, hunting, forestry and fishing",AtB,.37349537,RoW,3360681.277692574,0
ZAF,South Africa,Africa,323567.66,22,.0064002695,Mining and quarrying,C,1.4879924,EU27,2383779.709958995,269691.0229403973
ZAF,South Africa,Africa,323567.66,22,.0064002695,Mining and quarrying,C,1.4879924,RoW,13285362.96647791,2088042.92606534
KOR,South Korea,Asia,1579150.5,4,.032736454,"Food , beverages and tobacco",15t16,.35987267,EU27,283122.7170542565,0
KOR,South Korea,Asia,1579150.5,4,.032736454,"Food , beverages and tobacco",15t16,.35987267,RoW,6033224.920096107,0
KOR,South Korea,Asia,1579150.5,4,.032736454,Textiles and textile,17t18,.34086084,EU27,780136.7315520608,0
KOR,South Korea,Asia,1579150.5,4,.032736454,Textiles and textile,17t18,.34086084,RoW,10431384.19918967,0
KOR,South Korea,Asia,1579150.5,4,.032736454,"Leather, leather and footwear",19,.19375706,EU27,94557.49143743783,0
KOR,South Korea,Asia,1579150.5,4,.032736454,"Leather, leather and footwear",19,.19375706,RoW,1421672.482989815,0
KOR,South Korea,Asia,1579150.5,4,.032736454,Wood and of wood and cork,20,.46805823,EU27,5534.477943154052,0
KOR,South Korea,Asia,1579150.5,4,.032736454,Wood and of wood and cork,20,.46805823,RoW,102786.2091691897,0
KOR,South Korea,Asia,1579150.5,4,.032736454,"Pulp, paper, paper , printing and publishing",21t22,.45346645,EU27,148521.2917798423,0
KOR,South Korea,Asia,1579150.5,4,.032736454,"Pulp, paper, paper , printing and publishing",21t22,.45346645,RoW,3414869.438600749,0
KOR,South Korea,Asia,1579150.5,4,.032736454,"Coke, refined petroleum and nuclear fuel",23,2.87748,EU27,1349975.936970556,0
KOR,South Korea,Asia,1579150.5,4,.032736454,"Coke, refined petroleum and nuclear fuel",23,2.87748,RoW,25498130.27171844,0
KOR,South Korea,Asia,1579150.5,4,.032736454,Chemicals and chemical,24,1.4067867,EU27,5870660.628758035,16975.73037657281
KOR,South Korea,Asia,1579150.5,4,.032736454,Chemicals and chemical,24,1.4067867,RoW,56169594.17823698,1637187.436843555
KOR,South Korea,Asia,1579150.5,4,.032736454,Rubber and plastics,25,.2790187,EU27,1426257.471299618,0
KOR,South Korea,Asia,1579150.5,4,.032736454,Rubber and plastics,25,.2790187,RoW,13136868.30864391,0
KOR,South Korea,Asia,1579150.5,4,.032736454,Other non-metallic mineral,26,4.8430367,EU27,205741.1380988832,326.4890024294145
KOR,South Korea,Asia,1579150.5,4,.032736454,Other non-metallic mineral,26,4.8430367,RoW,2852356.959810503,202419.6995073836
KOR,South Korea,Asia,1579150.5,4,.032736454,Basic metals and fabricated metal,27t28,1.9624588,EU27,4205849.187636772,3049654.537198098
KOR,South Korea,Asia,1579150.5,4,.032736454,Basic metals and fabricated metal,27t28,1.9624588,RoW,43280209.1493311,29387720.6707723
KOR,South Korea,Asia,1579150.5,4,.032736454,"Machinery, nec",29,.19455881,EU27,4916360.430771647,10701.79590689763
KOR,South Korea,Asia,1579150.5,4,.032736454,"Machinery, nec",29,.19455881,RoW,42345104.76695234,160617.0839965942
KOR,South Korea,Asia,1579150.5,4,.032736454,Electrical and optical equipment,30t33,.20186955,EU27,9783398.457350256,0
KOR,South Korea,Asia,1579150.5,4,.032736454,Electrical and optical equipment,30t33,.20186955,RoW,159789844.387651,0
KOR,South Korea,Asia,1579150.5,4,.032736454,Transport equipment,34t35,.29114175,EU27,12782474.89688842,0
KOR,South Korea,Asia,1579150.5,4,.032736454,Transport equipment,34t35,.29114175,RoW,92922284.89048201,0
KOR,South Korea,Asia,1579150.5,4,.032736454,Manufacturing nec; recycling,36t37,.26614583,EU27,353958.4462727053,5437.234992675483
KOR,South Korea,Asia,1579150.5,4,.032736454,Manufacturing nec; recycling,36t37,.26614583,RoW,4629015.742745232,10106.39577505877
KOR,South Korea,Asia,1579150.5,4,.032736454,"Agriculture, hunting, forestry and fishing",AtB,.37349537,EU27,27641.22021815355,0
KOR,South Korea,Asia,1579150.5,4,.032736454,"Agriculture, hunting, forestry and fishing",AtB,.37349537,RoW,1080784.42690355,0
KOR,South Korea,Asia,1579150.5,4,.032736454,Mining and quarrying,C,1.4879924,EU27,5415.794976862846,10.47300013899803
KOR,South Korea,Asia,1579150.5,4,.032736454,Mining and quarrying,C,1.4879924,RoW,511657.9324916189,1804.121993392706
LKA,Sri Lanka,Asia,88012.281,57,.00072480622,"Food , beverages and tobacco",15t16,.35987267,EU27,249564.3575782235,0
LKA,Sri Lanka,Asia,88012.281,57,.00072480622,"Food , beverages and tobacco",15t16,.35987267,RoW,1038269.187433712,0
LKA,Sri Lanka,Asia,88012.281,57,.00072480622,Textiles and textile,17t18,.34086084,EU27,1308466.078085637,0
LKA,Sri Lanka,Asia,88012.281,57,.00072480622,Textiles and textile,17t18,.34086084,RoW,4055045.782601826,0
LKA,Sri Lanka,Asia,88012.281,57,.00072480622,"Leather, leather and footwear",19,.19375706,EU27,4099.823017395334,0
LKA,Sri Lanka,Asia,88012.281,57,.00072480622,"Leather, leather and footwear",19,.19375706,RoW,86955.77678663598,0
LKA,Sri Lanka,Asia,88012.281,57,.00072480622,Wood and of wood and cork,20,.46805823,EU27,3668.931943436735,0
LKA,Sri Lanka,Asia,88012.281,57,.00072480622,Wood and of wood and cork,20,.46805823,RoW,31073.89808303595,0
LKA,Sri Lanka,Asia,88012.281,57,.00072480622,"Pulp, paper, paper , printing and publishing",21t22,.45346645,EU27,4995.902009241516,0
LKA,Sri Lanka,Asia,88012.281,57,.00072480622,"Pulp, paper, paper , printing and publishing",21t22,.45346645,RoW,94916.05827785784,0
LKA,Sri Lanka,Asia,88012.281,57,.00072480622,"Coke, refined petroleum and nuclear fuel",23,2.87748,EU27,512.9950159750879,0
LKA,Sri Lanka,Asia,88012.281,57,.00072480622,"Coke, refined petroleum and nuclear fuel",23,2.87748,RoW,84001.12245738506,0
LKA,Sri Lanka,Asia,88012.281,57,.00072480622,Chemicals and chemical,24,1.4067867,EU27,37979.19124075223,0
LKA,Sri Lanka,Asia,88012.281,57,.00072480622,Chemicals and chemical,24,1.4067867,RoW,193052.8113366773,2150.505004133098
LKA,Sri Lanka,Asia,88012.281,57,.00072480622,Rubber and plastics,25,.2790187,EU27,292389.9869578121,0
LKA,Sri Lanka,Asia,88012.281,57,.00072480622,Rubber and plastics,25,.2790187,RoW,608395.761452681,0
LKA,Sri Lanka,Asia,88012.281,57,.00072480622,Other non-metallic mineral,26,4.8430367,EU27,14410.53583936347,.6010000109672546
LKA,Sri Lanka,Asia,88012.281,57,.00072480622,Other non-metallic mineral,26,4.8430367,RoW,76039.00355995109,315.8639913422521
LKA,Sri Lanka,Asia,88012.281,57,.00072480622,Basic metals and fabricated metal,27t28,1.9624588,EU27,9358.514828281011,5337.793878858909
LKA,Sri Lanka,Asia,88012.281,57,.00072480622,Basic metals and fabricated metal,27t28,1.9624588,RoW,93541.78596349049,43461.70016657864
LKA,Sri Lanka,Asia,88012.281,57,.00072480622,"Machinery, nec",29,.19455881,EU27,45685.52882270014,2.50299996510148
LKA,Sri Lanka,Asia,88012.281,57,.00072480622,"Machinery, nec",29,.19455881,RoW,253796.787136179,790.8100225813687
LKA,Sri Lanka,Asia,88012.281,57,.00072480622,Electrical and optical equipment,30t33,.20186955,EU27,74063.31058470893,0
LKA,Sri Lanka,Asia,88012.281,57,.00072480622,Electrical and optical equipment,30t33,.20186955,RoW,285811.4821249177,0
LKA,Sri Lanka,Asia,88012.281,57,.00072480622,Transport equipment,34t35,.29114175,EU27,33255.13674336486,0
LKA,Sri Lanka,Asia,88012.281,57,.00072480622,Transport equipment,34t35,.29114175,RoW,218124.7404676945,0
LKA,Sri Lanka,Asia,88012.281,57,.00072480622,Manufacturing nec; recycling,36t37,.26614583,EU27,77160.06417576701,0
LKA,Sri Lanka,Asia,88012.281,57,.00072480622,Manufacturing nec; recycling,36t37,.26614583,RoW,392261.5322327999,524.5369971357286
LKA,Sri Lanka,Asia,88012.281,57,.00072480622,"Agriculture, hunting, forestry and fishing",AtB,.37349537,EU27,168912.613576168,0
LKA,Sri Lanka,Asia,88012.281,57,.00072480622,"Agriculture, hunting, forestry and fishing",AtB,.37349537,RoW,1283977.840127506,0
LKA,Sri Lanka,Asia,88012.281,57,.00072480622,Mining and quarrying,C,1.4879924,EU27,17487.63601116301,.2400000020861626
LKA,Sri Lanka,Asia,88012.281,57,.00072480622,Mining and quarrying,C,1.4879924,RoW,62778.9037709923,.1279999995604157
SDN,Sudan,Africa,97462.477,85,.0002794571,"Food , beverages and tobacco",15t16,.35987267,EU27,84185.69929252681,0
SDN,Sudan,Africa,97462.477,85,.0002794571,"Food , beverages and tobacco",15t16,.35987267,RoW,305442.7833891539,0
SDN,Sudan,Africa,97462.477,85,.0002794571,Textiles and textile,17t18,.34086084,EU27,51.12300080596469,0
SDN,Sudan,Africa,97462.477,85,.0002794571,Textiles and textile,17t18,.34086084,RoW,5104.249923997791,0
SDN,Sudan,Africa,97462.477,85,.0002794571,"Leather, leather and footwear",19,.19375706,EU27,3162.346017416567,0
SDN,Sudan,Africa,97462.477,85,.0002794571,"Leather, leather and footwear",19,.19375706,RoW,68709.09452893957,0
SDN,Sudan,Africa,97462.477,85,.0002794571,Wood and of wood and cork,20,.46805823,EU27,7.026999950408936,0
SDN,Sudan,Africa,97462.477,85,.0002794571,Wood and of wood and cork,20,.46805823,RoW,1841.573967752862,0
SDN,Sudan,Africa,97462.477,85,.0002794571,"Pulp, paper, paper , printing and publishing",21t22,.45346645,EU27,15.7209998127073,0
SDN,Sudan,Africa,97462.477,85,.0002794571,"Pulp, paper, paper , printing and publishing",21t22,.45346645,RoW,1726.215993212303,0
SDN,Sudan,Africa,97462.477,85,.0002794571,"Coke, refined petroleum and nuclear fuel",23,2.87748,EU27,16.626999869477,0
SDN,Sudan,Africa,97462.477,85,.0002794571,"Coke, refined petroleum and nuclear fuel",23,2.87748,RoW,82506.78036559047,0
SDN,Sudan,Africa,97462.477,85,.0002794571,Chemicals and chemical,24,1.4067867,EU27,8212.960827884846,.003000000026077
SDN,Sudan,Africa,97462.477,85,.0002794571,Chemicals and chemical,24,1.4067867,RoW,6312.651026151492,.0050000002374873
SDN,Sudan,Africa,97462.477,85,.0002794571,Rubber and plastics,25,.2790187,EU27,8.593000028165989,0
SDN,Sudan,Africa,97462.477,85,.0002794571,Rubber and plastics,25,.2790187,RoW,225.8090017098002,0
SDN,Sudan,Africa,97462.477,85,.0002794571,Other non-metallic mineral,26,4.8430367,EU27,2.554000092553906,0
SDN,Sudan,Africa,97462.477,85,.0002794571,Other non-metallic mineral,26,4.8430367,RoW,888.1539849563269,625.4019889831543
SDN,Sudan,Africa,97462.477,85,.0002794571,Basic metals and fabricated metal,27t28,1.9624588,EU27,5903.577877469361,38.05499971657991
SDN,Sudan,Africa,97462.477,85,.0002794571,Basic metals and fabricated metal,27t28,1.9624588,RoW,1546792.376170215,596.085990970023
SDN,Sudan,Africa,97462.477,85,.0002794571,"Machinery, nec",29,.19455881,EU27,80.10300009325147,3.022000074386597
SDN,Sudan,Africa,97462.477,85,.0002794571,"Machinery, nec",29,.19455881,RoW,2849.531988098403,25.2280000038445
SDN,Sudan,Africa,97462.477,85,.0002794571,Electrical and optical equipment,30t33,.20186955,EU27,1212.872008963604,0
SDN,Sudan,Africa,97462.477,85,.0002794571,Electrical and optical equipment,30t33,.20186955,RoW,2279.289974440588,0
SDN,Sudan,Africa,97462.477,85,.0002794571,Transport equipment,34t35,.29114175,EU27,192.7930011313874,0
SDN,Sudan,Africa,97462.477,85,.0002794571,Transport equipment,34t35,.29114175,RoW,2692.271998428507,0
SDN,Sudan,Africa,97462.477,85,.0002794571,Manufacturing nec; recycling,36t37,.26614583,EU27,3513.718024610193,0
SDN,Sudan,Africa,97462.477,85,.0002794571,Manufacturing nec; recycling,36t37,.26614583,RoW,140845.8068666939,4083.750950336456
SDN,Sudan,Africa,97462.477,85,.0002794571,"Agriculture, hunting, forestry and fishing",AtB,.37349537,EU27,100533.3450020839,0
SDN,Sudan,Africa,97462.477,85,.0002794571,"Agriculture, hunting, forestry and fishing",AtB,.37349537,RoW,1561995.197388823,0
SDN,Sudan,Africa,97462.477,85,.0002794571,Mining and quarrying,C,1.4879924,EU27,19.05799948843196,0
SDN,Sudan,Africa,97462.477,85,.0002794571,Mining and quarrying,C,1.4879924,RoW,380975.1410006928,.2259999960660934
TWN,Taiwan,,543002.38,8,.019576272,"Food , beverages and tobacco",15t16,.35987267,EU27,144038.3516052442,0
TWN,Taiwan,,543002.38,8,.019576272,"Food , beverages and tobacco",15t16,.35987267,RoW,3474271.058321801,0
TWN,Taiwan,,543002.38,8,.019576272,Textiles and textile,17t18,.34086084,EU27,368616.8776818237,0
TWN,Taiwan,,543002.38,8,.019576272,Textiles and textile,17t18,.34086084,RoW,8805356.012846487,0
TWN,Taiwan,,543002.38,8,.019576272,"Leather, leather and footwear",19,.19375706,EU27,82439.05495173135,0
TWN,Taiwan,,543002.38,8,.019576272,"Leather, leather and footwear",19,.19375706,RoW,921709.2324964213,0
TWN,Taiwan,,543002.38,8,.019576272,Wood and of wood and cork,20,.46805823,EU27,20794.37988227478,0
TWN,Taiwan,,543002.38,8,.019576272,Wood and of wood and cork,20,.46805823,RoW,149870.3914198728,0
TWN,Taiwan,,543002.38,8,.019576272,"Pulp, paper, paper , printing and publishing",21t22,.45346645,EU27,64160.73301233153,0
TWN,Taiwan,,543002.38,8,.019576272,"Pulp, paper, paper , printing and publishing",21t22,.45346645,RoW,2042030.226038941,0
TWN,Taiwan,,543002.38,8,.019576272,"Coke, refined petroleum and nuclear fuel",23,2.87748,EU27,29920.75907077827,0
TWN,Taiwan,,543002.38,8,.019576272,"Coke, refined petroleum and nuclear fuel",23,2.87748,RoW,7864193.064292966,0
TWN,Taiwan,,543002.38,8,.019576272,Chemicals and chemical,24,1.4067867,EU27,2098724.868637319,3149.843998268247
TWN,Taiwan,,543002.38,8,.019576272,Chemicals and chemical,24,1.4067867,RoW,35396717.47243275,673011.8433400015
TWN,Taiwan,,543002.38,8,.019576272,Rubber and plastics,25,.2790187,EU27,791868.1755827334,0
TWN,Taiwan,,543002.38,8,.019576272,Rubber and plastics,25,.2790187,RoW,7613952.917297451,0
TWN,Taiwan,,543002.38,8,.019576272,Other non-metallic mineral,26,4.8430367,EU27,160331.6391456219,1.595999956130981
TWN,Taiwan,,543002.38,8,.019576272,Other non-metallic mineral,26,4.8430367,RoW,2211589.928202676,151386.8927451745
TWN,Taiwan,,543002.38,8,.019576272,Basic metals and fabricated metal,27t28,1.9624588,EU27,3821480.171119483,2442277.798611927
TWN,Taiwan,,543002.38,8,.019576272,Basic metals and fabricated metal,27t28,1.9624588,RoW,22688623.53490344,14028572.10732473
TWN,Taiwan,,543002.38,8,.019576272,"Machinery, nec",29,.19455881,EU27,2292080.013149035,36172.21882300195
TWN,Taiwan,,543002.38,8,.019576272,"Machinery, nec",29,.19455881,RoW,18092732.56952706,146688.383072271
TWN,Taiwan,,543002.38,8,.019576272,Electrical and optical equipment,30t33,.20186955,EU27,10645737.47826945,0
TWN,Taiwan,,543002.38,8,.019576272,Electrical and optical equipment,30t33,.20186955,RoW,150895093.569436,0
TWN,Taiwan,,543002.38,8,.019576272,Transport equipment,34t35,.29114175,EU27,2840358.32553859,0
TWN,Taiwan,,543002.38,8,.019576272,Transport equipment,34t35,.29114175,RoW,10651414.86965592,0
TWN,Taiwan,,543002.38,8,.019576272,Manufacturing nec; recycling,36t37,.26614583,EU27,842294.6644797842,358.9249877929688
TWN,Taiwan,,543002.38,8,.019576272,Manufacturing nec; recycling,36t37,.26614583,RoW,5615486.462098537,66377.9719645083
TWN,Taiwan,,543002.38,8,.019576272,"Agriculture, hunting, forestry and fishing",AtB,.37349537,EU27,51241.41123418149,0
TWN,Taiwan,,543002.38,8,.019576272,"Agriculture, hunting, forestry and fishing",AtB,.37349537,RoW,862821.7389724831,0
TWN,Taiwan,,543002.38,8,.019576272,Mining and quarrying,C,1.4879924,EU27,715.5150049622171,40.17300033569336
TWN,Taiwan,,543002.38,8,.019576272,Mining and quarrying,C,1.4879924,RoW,961291.9524088051,2245.884001716971
TZA,Tanzania,Africa,49774.004,75,.00038812164,"Food , beverages and tobacco",15t16,.35987267,EU27,106313.7697841169,0
TZA,Tanzania,Africa,49774.004,75,.00038812164,"Food , beverages and tobacco",15t16,.35987267,RoW,282363.5574372173,0
TZA,Tanzania,Africa,49774.004,75,.00038812164,Textiles and textile,17t18,.34086084,EU27,5583.24994611321,0
TZA,Tanzania,Africa,49774.004,75,.00038812164,Textiles and textile,17t18,.34086084,RoW,196268.6027852328,0
TZA,Tanzania,Africa,49774.004,75,.00038812164,"Leather, leather and footwear",19,.19375706,EU27,1048.318026579218,0
TZA,Tanzania,Africa,49774.004,75,.00038812164,"Leather, leather and footwear",19,.19375706,RoW,5066.646006002091,0
TZA,Tanzania,Africa,49774.004,75,.00038812164,Wood and of wood and cork,20,.46805823,EU27,3354.657999720424,0
TZA,Tanzania,Africa,49774.004,75,.00038812164,Wood and of wood and cork,20,.46805823,RoW,22402.12069005705,0
TZA,Tanzania,Africa,49774.004,75,.00038812164,"Pulp, paper, paper , printing and publishing",21t22,.45346645,EU27,136.3829994974658,0
TZA,Tanzania,Africa,49774.004,75,.00038812164,"Pulp, paper, paper , printing and publishing",21t22,.45346645,RoW,48592.82642200962,0
TZA,Tanzania,Africa,49774.004,75,.00038812164,"Coke, refined petroleum and nuclear fuel",23,2.87748,EU27,.5430000033229589,0
TZA,Tanzania,Africa,49774.004,75,.00038812164,"Coke, refined petroleum and nuclear fuel",23,2.87748,RoW,137675.2648859207,0
TZA,Tanzania,Africa,49774.004,75,.00038812164,Chemicals and chemical,24,1.4067867,EU27,548.8690059700748,.4280000030994415
TZA,Tanzania,Africa,49774.004,75,.00038812164,Chemicals and chemical,24,1.4067867,RoW,104920.410459553,20770.0827863859
TZA,Tanzania,Africa,49774.004,75,.00038812164,Rubber and plastics,25,.2790187,EU27,137.9859998335596,0
TZA,Tanzania,Africa,49774.004,75,.00038812164,Rubber and plastics,25,.2790187,RoW,33939.35750327806,0
TZA,Tanzania,Africa,49774.004,75,.00038812164,Other non-metallic mineral,26,4.8430367,EU27,2241.154050537851,.3430000022053719
TZA,Tanzania,Africa,49774.004,75,.00038812164,Other non-metallic mineral,26,4.8430367,RoW,238230.6826293188,24891.95016958937
TZA,Tanzania,Africa,49774.004,75,.00038812164,Basic metals and fabricated metal,27t28,1.9624588,EU27,3270.000034176162,278.0899959950475
TZA,Tanzania,Africa,49774.004,75,.00038812164,Basic metals and fabricated metal,27t28,1.9624588,RoW,2453783.219946037,48599.24498282175
TZA,Tanzania,Africa,49774.004,75,.00038812164,"Machinery, nec",29,.19455881,EU27,2615.729971635621,.7170000188052654
TZA,Tanzania,Africa,49774.004,75,.00038812164,"Machinery, nec",29,.19455881,RoW,25720.6647707927,98.82999861880671
TZA,Tanzania,Africa,49774.004,75,.00038812164,Electrical and optical equipment,30t33,.20186955,EU27,3607.084955740022,0
TZA,Tanzania,Africa,49774.004,75,.00038812164,Electrical and optical equipment,30t33,.20186955,RoW,35439.53697649855,0
TZA,Tanzania,Africa,49774.004,75,.00038812164,Transport equipment,34t35,.29114175,EU27,1507.546989459544,0
TZA,Tanzania,Africa,49774.004,75,.00038812164,Transport equipment,34t35,.29114175,RoW,22146.48792509094,0
TZA,Tanzania,Africa,49774.004,75,.00038812164,Manufacturing nec; recycling,36t37,.26614583,EU27,52333.95518328086,117.3610000610352
TZA,Tanzania,Africa,49774.004,75,.00038812164,Manufacturing nec; recycling,36t37,.26614583,RoW,129287.443352606,4255.773986816406
TZA,Tanzania,Africa,49774.004,75,.00038812164,"Agriculture, hunting, forestry and fishing",AtB,.37349537,EU27,316032.7342634955,0
TZA,Tanzania,Africa,49774.004,75,.00038812164,"Agriculture, hunting, forestry and fishing",AtB,.37349537,RoW,1155229.869941184,0
TZA,Tanzania,Africa,49774.004,75,.00038812164,Mining and quarrying,C,1.4879924,EU27,90069.6058319686,17.04199981689453
TZA,Tanzania,Africa,49774.004,75,.00038812164,Mining and quarrying,C,1.4879924,RoW,517573.0097826401,.0010000000474975
THA,Thailand,Asia,413366.34,12,.014701265,"Food , beverages and tobacco",15t16,.35987267,EU27,2004702.191336936,0
THA,Thailand,Asia,413366.34,12,.014701265,"Food , beverages and tobacco",15t16,.35987267,RoW,25471663.49604284,0
THA,Thailand,Asia,413366.34,12,.014701265,Textiles and textile,17t18,.34086084,EU27,761446.5772581206,0
THA,Thailand,Asia,413366.34,12,.014701265,Textiles and textile,17t18,.34086084,RoW,5438275.202944431,0
THA,Thailand,Asia,413366.34,12,.014701265,"Leather, leather and footwear",19,.19375706,EU27,334602.2009782096,0
THA,Thailand,Asia,413366.34,12,.014701265,"Leather, leather and footwear",19,.19375706,RoW,1427108.096030278,0
THA,Thailand,Asia,413366.34,12,.014701265,Wood and of wood and cork,20,.46805823,EU27,30869.33779625304,0
THA,Thailand,Asia,413366.34,12,.014701265,Wood and of wood and cork,20,.46805823,RoW,2570671.339695532,0
THA,Thailand,Asia,413366.34,12,.014701265,"Pulp, paper, paper , printing and publishing",21t22,.45346645,EU27,98552.1758835119,0
THA,Thailand,Asia,413366.34,12,.014701265,"Pulp, paper, paper , printing and publishing",21t22,.45346645,RoW,1900987.534591734,0
THA,Thailand,Asia,413366.34,12,.014701265,"Coke, refined petroleum and nuclear fuel",23,2.87748,EU27,10050.67988075432,0
THA,Thailand,Asia,413366.34,12,.014701265,"Coke, refined petroleum and nuclear fuel",23,2.87748,RoW,4679855.631989718,0
THA,Thailand,Asia,413366.34,12,.014701265,Chemicals and chemical,24,1.4067867,EU27,831273.5987367607,566.8030023791362
THA,Thailand,Asia,413366.34,12,.014701265,Chemicals and chemical,24,1.4067867,RoW,19829014.44549571,191445.79320637
THA,Thailand,Asia,413366.34,12,.014701265,Rubber and plastics,25,.2790187,EU27,1056708.29258839,0
THA,Thailand,Asia,413366.34,12,.014701265,Rubber and plastics,25,.2790187,RoW,9777644.519602723,0
THA,Thailand,Asia,413366.34,12,.014701265,Other non-metallic mineral,26,4.8430367,EU27,191713.6180187069,94.41199679672718
THA,Thailand,Asia,413366.34,12,.014701265,Other non-metallic mineral,26,4.8430367,RoW,2469559.711763408,623570.5846974886
THA,Thailand,Asia,413366.34,12,.014701265,Basic metals and fabricated metal,27t28,1.9624588,EU27,597342.4207839313,384269.4081171741
THA,Thailand,Asia,413366.34,12,.014701265,Basic metals and fabricated metal,27t28,1.9624588,RoW,16417905.2975828,5850548.668315396
THA,Thailand,Asia,413366.34,12,.014701265,"Machinery, nec",29,.19455881,EU27,2343619.24991066,1893.306013969355
THA,Thailand,Asia,413366.34,12,.014701265,"Machinery, nec",29,.19455881,RoW,18531229.93226163,303539.1467591913
THA,Thailand,Asia,413366.34,12,.014701265,Electrical and optical equipment,30t33,.20186955,EU27,7877035.945210075,0
THA,Thailand,Asia,413366.34,12,.014701265,Electrical and optical equipment,30t33,.20186955,RoW,48242994.10570607,0
THA,Thailand,Asia,413366.34,12,.014701265,Transport equipment,34t35,.29114175,EU27,2266855.042682408,0
THA,Thailand,Asia,413366.34,12,.014701265,Transport equipment,34t35,.29114175,RoW,31793454.98474991,0
THA,Thailand,Asia,413366.34,12,.014701265,Manufacturing nec; recycling,36t37,.26614583,EU27,1698462.87239788,9256.501770019531
THA,Thailand,Asia,413366.34,12,.014701265,Manufacturing nec; recycling,36t37,.26614583,RoW,8542991.431082044,187707.7219882011
THA,Thailand,Asia,413366.34,12,.014701265,"Agriculture, hunting, forestry and fishing",AtB,.37349537,EU27,589438.2631115031,0
THA,Thailand,Asia,413366.34,12,.014701265,"Agriculture, hunting, forestry and fishing",AtB,.37349537,RoW,8344810.462128642,0
THA,Thailand,Asia,413366.34,12,.014701265,Mining and quarrying,C,1.4879924,EU27,41613.51838011725,13.26800033450127
THA,Thailand,Asia,413366.34,12,.014701265,Mining and quarrying,C,1.4879924,RoW,998540.1215295268,3869.643013829249
TTO,Trinidad and Tobago,Americas,23624.334,66,.00053627702,"Food , beverages and tobacco",15t16,.35987267,EU27,23815.00311179669,0
TTO,Trinidad and Tobago,Americas,23624.334,66,.00053627702,"Food , beverages and tobacco",15t16,.35987267,RoW,379482.3900996278,0
TTO,Trinidad and Tobago,Americas,23624.334,66,.00053627702,Textiles and textile,17t18,.34086084,EU27,1245.941002732026,0
TTO,Trinidad and Tobago,Americas,23624.334,66,.00053627702,Textiles and textile,17t18,.34086084,RoW,13112.64998610714,0
TTO,Trinidad and Tobago,Americas,23624.334,66,.00053627702,"Leather, leather and footwear",19,.19375706,EU27,5.121999939903617,0
TTO,Trinidad and Tobago,Americas,23624.334,66,.00053627702,"Leather, leather and footwear",19,.19375706,RoW,606.2210030105198,0
TTO,Trinidad and Tobago,Americas,23624.334,66,.00053627702,Wood and of wood and cork,20,.46805823,EU27,34.07300021778792,0
TTO,Trinidad and Tobago,Americas,23624.334,66,.00053627702,Wood and of wood and cork,20,.46805823,RoW,4124.893942069495,0
TTO,Trinidad and Tobago,Americas,23624.334,66,.00053627702,"Pulp, paper, paper , printing and publishing",21t22,.45346645,EU27,71.82400027837139,0
TTO,Trinidad and Tobago,Americas,23624.334,66,.00053627702,"Pulp, paper, paper , printing and publishing",21t22,.45346645,RoW,104126.3355235447,0
TTO,Trinidad and Tobago,Americas,23624.334,66,.00053627702,"Coke, refined petroleum and nuclear fuel",23,2.87748,EU27,21556.41768314317,0
TTO,Trinidad and Tobago,Americas,23624.334,66,.00053627702,"Coke, refined petroleum and nuclear fuel",23,2.87748,RoW,1169567.700272331,0
TTO,Trinidad and Tobago,Americas,23624.334,66,.00053627702,Chemicals and chemical,24,1.4067867,EU27,408745.6571458937,171065.9051191807
TTO,Trinidad and Tobago,Americas,23624.334,66,.00053627702,Chemicals and chemical,24,1.4067867,RoW,2486345.219567037,1810188.644580953
TTO,Trinidad and Tobago,Americas,23624.334,66,.00053627702,Rubber and plastics,25,.2790187,EU27,768.7669935086742,0
TTO,Trinidad and Tobago,Americas,23624.334,66,.00053627702,Rubber and plastics,25,.2790187,RoW,45382.08712377946,0
TTO,Trinidad and Tobago,Americas,23624.334,66,.00053627702,Other non-metallic mineral,26,4.8430367,EU27,391.1760120971594,.3600000143051147
TTO,Trinidad and Tobago,Americas,23624.334,66,.00053627702,Other non-metallic mineral,26,4.8430367,RoW,36111.88386508171,21983.19985264912
TTO,Trinidad and Tobago,Americas,23624.334,66,.00053627702,Basic metals and fabricated metal,27t28,1.9624588,EU27,25091.137970126,24709.27197224135
TTO,Trinidad and Tobago,Americas,23624.334,66,.00053627702,Basic metals and fabricated metal,27t28,1.9624588,RoW,313963.767334735,300794.1054876365
TTO,Trinidad and Tobago,Americas,23624.334,66,.00053627702,"Machinery, nec",29,.19455881,EU27,6262.462979588192,3.445000112056732
TTO,Trinidad and Tobago,Americas,23624.334,66,.00053627702,"Machinery, nec",29,.19455881,RoW,189131.2829130867,2326.204005680978
TTO,Trinidad and Tobago,Americas,23624.334,66,.00053627702,Electrical and optical equipment,30t33,.20186955,EU27,1357.628004753846,0
TTO,Trinidad and Tobago,Americas,23624.334,66,.00053627702,Electrical and optical equipment,30t33,.20186955,RoW,57184.25124461006,0
TTO,Trinidad and Tobago,Americas,23624.334,66,.00053627702,Transport equipment,34t35,.29114175,EU27,88329.3994639935,0
TTO,Trinidad and Tobago,Americas,23624.334,66,.00053627702,Transport equipment,34t35,.29114175,RoW,410257.1762044299,0
TTO,Trinidad and Tobago,Americas,23624.334,66,.00053627702,Manufacturing nec; recycling,36t37,.26614583,EU27,6135.586164290784,30.54999923706055
TTO,Trinidad and Tobago,Americas,23624.334,66,.00053627702,Manufacturing nec; recycling,36t37,.26614583,RoW,59219.0570221371,1743.942984580994
TTO,Trinidad and Tobago,Americas,23624.334,66,.00053627702,"Agriculture, hunting, forestry and fishing",AtB,.37349537,EU27,1006.649003251456,0
TTO,Trinidad and Tobago,Americas,23624.334,66,.00053627702,"Agriculture, hunting, forestry and fishing",AtB,.37349537,RoW,19355.76381836971,0
TTO,Trinidad and Tobago,Americas,23624.334,66,.00053627702,Mining and quarrying,C,1.4879924,EU27,247432.8759680213,138511.71875
TTO,Trinidad and Tobago,Americas,23624.334,66,.00053627702,Mining and quarrying,C,1.4879924,RoW,2166589.222869845,2607.185103535652
TUN,Tunisia,Africa,44360.066,52,.00099475484,"Food , beverages and tobacco",15t16,.35987267,EU27,500799.2496771043,0
TUN,Tunisia,Africa,44360.066,52,.00099475484,"Food , beverages and tobacco",15t16,.35987267,RoW,559352.0200558252,0
TUN,Tunisia,Africa,44360.066,52,.00099475484,Textiles and textile,17t18,.34086084,EU27,2776747.468787864,0
TUN,Tunisia,Africa,44360.066,52,.00099475484,Textiles and textile,17t18,.34086084,RoW,559777.6600675446,0
TUN,Tunisia,Africa,44360.066,52,.00099475484,"Leather, leather and footwear",19,.19375706,EU27,607518.7277152323,0
TUN,Tunisia,Africa,44360.066,52,.00099475484,"Leather, leather and footwear",19,.19375706,RoW,95854.55610756611,0
TUN,Tunisia,Africa,44360.066,52,.00099475484,Wood and of wood and cork,20,.46805823,EU27,21423.85183725599,0
TUN,Tunisia,Africa,44360.066,52,.00099475484,Wood and of wood and cork,20,.46805823,RoW,9080.156943748705,0
TUN,Tunisia,Africa,44360.066,52,.00099475484,"Pulp, paper, paper , printing and publishing",21t22,.45346645,EU27,43219.63857929362,0
TUN,Tunisia,Africa,44360.066,52,.00099475484,"Pulp, paper, paper , printing and publishing",21t22,.45346645,RoW,146946.4030193437,0
TUN,Tunisia,Africa,44360.066,52,.00099475484,"Coke, refined petroleum and nuclear fuel",23,2.87748,EU27,174540.2732815146,0
TUN,Tunisia,Africa,44360.066,52,.00099475484,"Coke, refined petroleum and nuclear fuel",23,2.87748,RoW,190515.3508708403,0
TUN,Tunisia,Africa,44360.066,52,.00099475484,Chemicals and chemical,24,1.4067867,EU27,257793.7780202474,95197.33987052541
TUN,Tunisia,Africa,44360.066,52,.00099475484,Chemicals and chemical,24,1.4067867,RoW,747978.7319266984,105878.4824054986
TUN,Tunisia,Africa,44360.066,52,.00099475484,Rubber and plastics,25,.2790187,EU27,279528.2687390335,0
TUN,Tunisia,Africa,44360.066,52,.00099475484,Rubber and plastics,25,.2790187,RoW,96259.46796263463,0
TUN,Tunisia,Africa,44360.066,52,.00099475484,Other non-metallic mineral,26,4.8430367,EU27,52479.22924267768,1894.657987572253
TUN,Tunisia,Africa,44360.066,52,.00099475484,Other non-metallic mineral,26,4.8430367,RoW,160035.1625084874,79910.9495004192
TUN,Tunisia,Africa,44360.066,52,.00099475484,Basic metals and fabricated metal,27t28,1.9624588,EU27,310233.3294909939,222043.7439244662
TUN,Tunisia,Africa,44360.066,52,.00099475484,Basic metals and fabricated metal,27t28,1.9624588,RoW,212040.393566491,185181.9709148132
TUN,Tunisia,Africa,44360.066,52,.00099475484,"Machinery, nec",29,.19455881,EU27,275245.3069739625,316.6799939088523
TUN,Tunisia,Africa,44360.066,52,.00099475484,"Machinery, nec",29,.19455881,RoW,272854.4733054227,146.1540017505176
TUN,Tunisia,Africa,44360.066,52,.00099475484,Electrical and optical equipment,30t33,.20186955,EU27,3870398.478671155,0
TUN,Tunisia,Africa,44360.066,52,.00099475484,Electrical and optical equipment,30t33,.20186955,RoW,611542.4099761867,0
TUN,Tunisia,Africa,44360.066,52,.00099475484,Transport equipment,34t35,.29114175,EU27,754102.8725138037,0
TUN,Tunisia,Africa,44360.066,52,.00099475484,Transport equipment,34t35,.29114175,RoW,183027.3647360549,0
TUN,Tunisia,Africa,44360.066,52,.00099475484,Manufacturing nec; recycling,36t37,.26614583,EU27,372827.3691856886,6891.53798866272
TUN,Tunisia,Africa,44360.066,52,.00099475484,Manufacturing nec; recycling,36t37,.26614583,RoW,110264.4508378195,4402.638992786407
TUN,Tunisia,Africa,44360.066,52,.00099475484,"Agriculture, hunting, forestry and fishing",AtB,.37349537,EU27,197568.0093343961,0
TUN,Tunisia,Africa,44360.066,52,.00099475484,"Agriculture, hunting, forestry and fishing",AtB,.37349537,RoW,227962.0499961425,0
TUN,Tunisia,Africa,44360.066,52,.00099475484,Mining and quarrying,C,1.4879924,EU27,622033.1901714578,68.46500274166465
TUN,Tunisia,Africa,44360.066,52,.00099475484,Mining and quarrying,C,1.4879924,RoW,71478.62001463585,0
TUR,Turkey,Asia,869683.06,20,.010244471,"Food , beverages and tobacco",15t16,.35987267,EU27,2318788.366124232,0
TUR,Turkey,Asia,869683.06,20,.010244471,"Food , beverages and tobacco",15t16,.35987267,RoW,8319208.570810038,0
TUR,Turkey,Asia,869683.06,20,.010244471,Textiles and textile,17t18,.34086084,EU27,14411360.81790344,0
TUR,Turkey,Asia,869683.06,20,.010244471,Textiles and textile,17t18,.34086084,RoW,12814355.73113769,0
TUR,Turkey,Asia,869683.06,20,.010244471,"Leather, leather and footwear",19,.19375706,EU27,420323.1982489161,0
TUR,Turkey,Asia,869683.06,20,.010244471,"Leather, leather and footwear",19,.19375706,RoW,731928.4366939449,0
TUR,Turkey,Asia,869683.06,20,.010244471,Wood and of wood and cork,20,.46805823,EU27,86658.54049609578,0
TUR,Turkey,Asia,869683.06,20,.010244471,Wood and of wood and cork,20,.46805823,RoW,569012.6323363851,0
TUR,Turkey,Asia,869683.06,20,.010244471,"Pulp, paper, paper , printing and publishing",21t22,.45346645,EU27,488558.0593917175,0
TUR,Turkey,Asia,869683.06,20,.010244471,"Pulp, paper, paper , printing and publishing",21t22,.45346645,RoW,1724271.188582742,0
TUR,Turkey,Asia,869683.06,20,.010244471,"Coke, refined petroleum and nuclear fuel",23,2.87748,EU27,747285.6657798076,0
TUR,Turkey,Asia,869683.06,20,.010244471,"Coke, refined petroleum and nuclear fuel",23,2.87748,RoW,2369106.850146481,0
TUR,Turkey,Asia,869683.06,20,.010244471,Chemicals and chemical,24,1.4067867,EU27,2368892.637090595,36180.5652098665
TUR,Turkey,Asia,869683.06,20,.010244471,Chemicals and chemical,24,1.4067867,RoW,5490045.049267889,209944.5809356789
TUR,Turkey,Asia,869683.06,20,.010244471,Rubber and plastics,25,.2790187,EU27,3152416.889587776,0
TUR,Turkey,Asia,869683.06,20,.010244471,Rubber and plastics,25,.2790187,RoW,3494652.936170876,0
TUR,Turkey,Asia,869683.06,20,.010244471,Other non-metallic mineral,26,4.8430367,EU27,1066605.773839749,70284.97267596796
TUR,Turkey,Asia,869683.06,20,.010244471,Other non-metallic mineral,26,4.8430367,RoW,2623587.751661791,532703.5017216634
TUR,Turkey,Asia,869683.06,20,.010244471,Basic metals and fabricated metal,27t28,1.9624588,EU27,5754691.743507895,4439964.563116003
TUR,Turkey,Asia,869683.06,20,.010244471,Basic metals and fabricated metal,27t28,1.9624588,RoW,22192392.8221776,9222121.591939434
TUR,Turkey,Asia,869683.06,20,.010244471,"Machinery, nec",29,.19455881,EU27,5508416.025212919,131492.1454548145
TUR,Turkey,Asia,869683.06,20,.010244471,"Machinery, nec",29,.19455881,RoW,8103260.14065653,237103.781440226
TUR,Turkey,Asia,869683.06,20,.010244471,Electrical and optical equipment,30t33,.20186955,EU27,3863833.849557559,0
TUR,Turkey,Asia,869683.06,20,.010244471,Electrical and optical equipment,30t33,.20186955,RoW,5472440.092768562,0
TUR,Turkey,Asia,869683.06,20,.010244471,Transport equipment,34t35,.29114175,EU27,17103420.11970411,0
TUR,Turkey,Asia,869683.06,20,.010244471,Transport equipment,34t35,.29114175,RoW,8626022.34042671,0
TUR,Turkey,Asia,869683.06,20,.010244471,Manufacturing nec; recycling,36t37,.26614583,EU27,1599455.701539321,28661.45392733812
TUR,Turkey,Asia,869683.06,20,.010244471,Manufacturing nec; recycling,36t37,.26614583,RoW,5417903.212969925,45451.55849312246
TUR,Turkey,Asia,869683.06,20,.010244471,"Agriculture, hunting, forestry and fishing",AtB,.37349537,EU27,2740639.158267239,0
TUR,Turkey,Asia,869683.06,20,.010244471,"Agriculture, hunting, forestry and fishing",AtB,.37349537,RoW,5440602.964602757,0
TUR,Turkey,Asia,869683.06,20,.010244471,Mining and quarrying,C,1.4879924,EU27,927283.2396419358,2114.030996099114
TUR,Turkey,Asia,869683.06,20,.010244471,Mining and quarrying,C,1.4879924,RoW,2355058.22463958,1299.579996073619
TKM,Turkmenistan,Asia,36169.43,71,.0004779688,"Food , beverages and tobacco",15t16,.35987267,RoW,97731.9720419012,0
TKM,Turkmenistan,Asia,36169.43,71,.0004779688,Textiles and textile,17t18,.34086084,EU27,20438.49698109867,0
TKM,Turkmenistan,Asia,36169.43,71,.0004779688,Textiles and textile,17t18,.34086084,RoW,301685.6935837839,0
TKM,Turkmenistan,Asia,36169.43,71,.0004779688,"Leather, leather and footwear",19,.19375706,EU27,.0470000002533197,0
TKM,Turkmenistan,Asia,36169.43,71,.0004779688,"Leather, leather and footwear",19,.19375706,RoW,145.671006500721,0
TKM,Turkmenistan,Asia,36169.43,71,.0004779688,Wood and of wood and cork,20,.46805823,RoW,7.058000110089779,0
TKM,Turkmenistan,Asia,36169.43,71,.0004779688,"Pulp, paper, paper , printing and publishing",21t22,.45346645,EU27,.0299999993294477,0
TKM,Turkmenistan,Asia,36169.43,71,.0004779688,"Pulp, paper, paper , printing and publishing",21t22,.45346645,RoW,87.3459993256256,0
TKM,Turkmenistan,Asia,36169.43,71,.0004779688,"Coke, refined petroleum and nuclear fuel",23,2.87748,EU27,101075.2735878825,0
TKM,Turkmenistan,Asia,36169.43,71,.0004779688,"Coke, refined petroleum and nuclear fuel",23,2.87748,RoW,240126.4688339233,0
TKM,Turkmenistan,Asia,36169.43,71,.0004779688,Chemicals and chemical,24,1.4067867,EU27,15535.80789857358,14118.09692382813
TKM,Turkmenistan,Asia,36169.43,71,.0004779688,Chemicals and chemical,24,1.4067867,RoW,106744.912381427,19066.77954681963
TKM,Turkmenistan,Asia,36169.43,71,.0004779688,Rubber and plastics,25,.2790187,EU27,85.96500065922737,0
TKM,Turkmenistan,Asia,36169.43,71,.0004779688,Rubber and plastics,25,.2790187,RoW,542.8159957794705,0
TKM,Turkmenistan,Asia,36169.43,71,.0004779688,Other non-metallic mineral,26,4.8430367,EU27,.0049999998882413,0
TKM,Turkmenistan,Asia,36169.43,71,.0004779688,Other non-metallic mineral,26,4.8430367,RoW,5025.169134767144,652.3820190429688
TKM,Turkmenistan,Asia,36169.43,71,.0004779688,Basic metals and fabricated metal,27t28,1.9624588,EU27,90.59800175577402,90.03800175338984
TKM,Turkmenistan,Asia,36169.43,71,.0004779688,Basic metals and fabricated metal,27t28,1.9624588,RoW,7451.316944236867,5944.794913096819
TKM,Turkmenistan,Asia,36169.43,71,.0004779688,"Machinery, nec",29,.19455881,EU27,637.3210084009916,0
TKM,Turkmenistan,Asia,36169.43,71,.0004779688,"Machinery, nec",29,.19455881,RoW,16207.0342575562,.0180000001564622
TKM,Turkmenistan,Asia,36169.43,71,.0004779688,Electrical and optical equipment,30t33,.20186955,EU27,1254.753003917634,0
TKM,Turkmenistan,Asia,36169.43,71,.0004779688,Electrical and optical equipment,30t33,.20186955,RoW,14516.9019391227,0
TKM,Turkmenistan,Asia,36169.43,71,.0004779688,Transport equipment,34t35,.29114175,EU27,1969.973997477442,0
TKM,Turkmenistan,Asia,36169.43,71,.0004779688,Transport equipment,34t35,.29114175,RoW,223956.8338107094,0
TKM,Turkmenistan,Asia,36169.43,71,.0004779688,Manufacturing nec; recycling,36t37,.26614583,EU27,847.0989906005561,0
TKM,Turkmenistan,Asia,36169.43,71,.0004779688,Manufacturing nec; recycling,36t37,.26614583,RoW,14387.49791960476,0
TKM,Turkmenistan,Asia,36169.43,71,.0004779688,"Agriculture, hunting, forestry and fishing",AtB,.37349537,EU27,5360.371981620789,0
TKM,Turkmenistan,Asia,36169.43,71,.0004779688,"Agriculture, hunting, forestry and fishing",AtB,.37349537,RoW,312950.1400919035,0
TKM,Turkmenistan,Asia,36169.43,71,.0004779688,Mining and quarrying,C,1.4879924,EU27,521569.8426876068,0
TKM,Turkmenistan,Asia,36169.43,71,.0004779688,Mining and quarrying,C,1.4879924,RoW,5375370.444559038,.0590000003576279
UGA,Uganda,Africa,30479.361,98,.00018227153,"Food , beverages and tobacco",15t16,.35987267,EU27,59043.99896189757,0
UGA,Uganda,Africa,30479.361,98,.00018227153,"Food , beverages and tobacco",15t16,.35987267,RoW,411156.3952135999,0
UGA,Uganda,Africa,30479.361,98,.00018227153,Textiles and textile,17t18,.34086084,EU27,1441.401978247799,0
UGA,Uganda,Africa,30479.361,98,.00018227153,Textiles and textile,17t18,.34086084,RoW,41446.40009045368,0
UGA,Uganda,Africa,30479.361,98,.00018227153,"Leather, leather and footwear",19,.19375706,EU27,10743.34482266754,0
UGA,Uganda,Africa,30479.361,98,.00018227153,"Leather, leather and footwear",19,.19375706,RoW,52049.88509290433,0
UGA,Uganda,Africa,30479.361,98,.00018227153,Wood and of wood and cork,20,.46805823,EU27,42.89300046116114,0
UGA,Uganda,Africa,30479.361,98,.00018227153,Wood and of wood and cork,20,.46805823,RoW,26006.68328803102,0
UGA,Uganda,Africa,30479.361,98,.00018227153,"Pulp, paper, paper , printing and publishing",21t22,.45346645,EU27,596.6930118780583,0
UGA,Uganda,Africa,30479.361,98,.00018227153,"Pulp, paper, paper , printing and publishing",21t22,.45346645,RoW,20671.20017180394,0
UGA,Uganda,Africa,30479.361,98,.00018227153,"Coke, refined petroleum and nuclear fuel",23,2.87748,EU27,1.100000023841858,0
UGA,Uganda,Africa,30479.361,98,.00018227153,"Coke, refined petroleum and nuclear fuel",23,2.87748,RoW,7093.839056584053,0
UGA,Uganda,Africa,30479.361,98,.00018227153,Chemicals and chemical,24,1.4067867,EU27,1413.796976491692,0
UGA,Uganda,Africa,30479.361,98,.00018227153,Chemicals and chemical,24,1.4067867,RoW,106044.7371364788,5553.305910752737
UGA,Uganda,Africa,30479.361,98,.00018227153,Rubber and plastics,25,.2790187,EU27,351.5740061718971,0
UGA,Uganda,Africa,30479.361,98,.00018227153,Rubber and plastics,25,.2790187,RoW,23156.64404628077,0
UGA,Uganda,Africa,30479.361,98,.00018227153,Other non-metallic mineral,26,4.8430367,EU27,1790.636033289135,4.471999913454056
UGA,Uganda,Africa,30479.361,98,.00018227153,Other non-metallic mineral,26,4.8430367,RoW,63864.24677008612,60076.52277079225
UGA,Uganda,Africa,30479.361,98,.00018227153,Basic metals and fabricated metal,27t28,1.9624588,EU27,7979.510210045613,54.78600062523037
UGA,Uganda,Africa,30479.361,98,.00018227153,Basic metals and fabricated metal,27t28,1.9624588,RoW,813650.7506890292,101952.0146591604
UGA,Uganda,Africa,30479.361,98,.00018227153,"Machinery, nec",29,.19455881,EU27,4207.070088368841,0
UGA,Uganda,Africa,30479.361,98,.00018227153,"Machinery, nec",29,.19455881,RoW,41059.74185809935,247.7750009091105
UGA,Uganda,Africa,30479.361,98,.00018227153,Electrical and optical equipment,30t33,.20186955,EU27,2262.800992920995,0
UGA,Uganda,Africa,30479.361,98,.00018227153,Electrical and optical equipment,30t33,.20186955,RoW,48279.56316737866,0
UGA,Uganda,Africa,30479.361,98,.00018227153,Transport equipment,34t35,.29114175,EU27,2899.055056396872,0
UGA,Uganda,Africa,30479.361,98,.00018227153,Transport equipment,34t35,.29114175,RoW,80812.14065663517,0
UGA,Uganda,Africa,30479.361,98,.00018227153,Manufacturing nec; recycling,36t37,.26614583,EU27,4186.596113855019,0
UGA,Uganda,Africa,30479.361,98,.00018227153,Manufacturing nec; recycling,36t37,.26614583,RoW,57490.37513221405,21270.28614063561
UGA,Uganda,Africa,30479.361,98,.00018227153,"Agriculture, hunting, forestry and fishing",AtB,.37349537,EU27,378911.6920330611,0
UGA,Uganda,Africa,30479.361,98,.00018227153,"Agriculture, hunting, forestry and fishing",AtB,.37349537,RoW,539199.3467192024,0
UGA,Uganda,Africa,30479.361,98,.00018227153,Mining and quarrying,C,1.4879924,EU27,815.2639909982681,0
UGA,Uganda,Africa,30479.361,98,.00018227153,Mining and quarrying,C,1.4879924,RoW,7877.687911385437,105.8660004138947
UKR,Ukraine,Europe,93355.859,31,.0025707663,"Food , beverages and tobacco",15t16,.35987267,EU27,2027471.629642281,0
UKR,Ukraine,Europe,93355.859,31,.0025707663,"Food , beverages and tobacco",15t16,.35987267,RoW,5194504.344541437,0
UKR,Ukraine,Europe,93355.859,31,.0025707663,Textiles and textile,17t18,.34086084,EU27,638089.0287664365,0
UKR,Ukraine,Europe,93355.859,31,.0025707663,Textiles and textile,17t18,.34086084,RoW,178293.0105537085,0
UKR,Ukraine,Europe,93355.859,31,.0025707663,"Leather, leather and footwear",19,.19375706,EU27,228016.6753530545,0
UKR,Ukraine,Europe,93355.859,31,.0025707663,"Leather, leather and footwear",19,.19375706,RoW,41479.85220478172,0
UKR,Ukraine,Europe,93355.859,31,.0025707663,Wood and of wood and cork,20,.46805823,EU27,613091.9417499107,0
UKR,Ukraine,Europe,93355.859,31,.0025707663,Wood and of wood and cork,20,.46805823,RoW,315254.5807027069,0
UKR,Ukraine,Europe,93355.859,31,.0025707663,"Pulp, paper, paper , printing and publishing",21t22,.45346645,EU27,145245.8484695059,0
UKR,Ukraine,Europe,93355.859,31,.0025707663,"Pulp, paper, paper , printing and publishing",21t22,.45346645,RoW,478380.1744468734,0
UKR,Ukraine,Europe,93355.859,31,.0025707663,"Coke, refined petroleum and nuclear fuel",23,2.87748,EU27,99769.71542485617,0
UKR,Ukraine,Europe,93355.859,31,.0025707663,"Coke, refined petroleum and nuclear fuel",23,2.87748,RoW,197962.6173897069,0
UKR,Ukraine,Europe,93355.859,31,.0025707663,Chemicals and chemical,24,1.4067867,EU27,457237.2722791216,121064.8130034097
UKR,Ukraine,Europe,93355.859,31,.0025707663,Chemicals and chemical,24,1.4067867,RoW,1030894.940415567,459605.8091804327
UKR,Ukraine,Europe,93355.859,31,.0025707663,Rubber and plastics,25,.2790187,EU27,97148.84964189667,0
UKR,Ukraine,Europe,93355.859,31,.0025707663,Rubber and plastics,25,.2790187,RoW,272175.6661138787,0
UKR,Ukraine,Europe,93355.859,31,.0025707663,Other non-metallic mineral,26,4.8430367,EU27,144016.3853855769,3521.815051886952
UKR,Ukraine,Europe,93355.859,31,.0025707663,Other non-metallic mineral,26,4.8430367,RoW,228367.1287640084,5099.768999506254
UKR,Ukraine,Europe,93355.859,31,.0025707663,Basic metals and fabricated metal,27t28,1.9624588,EU27,3076859.633714753,2956584.211470424
UKR,Ukraine,Europe,93355.859,31,.0025707663,Basic metals and fabricated metal,27t28,1.9624588,RoW,6759543.967661388,6096884.022286247
UKR,Ukraine,Europe,93355.859,31,.0025707663,"Machinery, nec",29,.19455881,EU27,544320.2878209382,5557.168957378715
UKR,Ukraine,Europe,93355.859,31,.0025707663,"Machinery, nec",29,.19455881,RoW,1197916.048818915,13742.61488616001
UKR,Ukraine,Europe,93355.859,31,.0025707663,Electrical and optical equipment,30t33,.20186955,EU27,1547134.466327599,0
UKR,Ukraine,Europe,93355.859,31,.0025707663,Electrical and optical equipment,30t33,.20186955,RoW,675753.0217156265,0
UKR,Ukraine,Europe,93355.859,31,.0025707663,Transport equipment,34t35,.29114175,EU27,146007.6874934454,0
UKR,Ukraine,Europe,93355.859,31,.0025707663,Transport equipment,34t35,.29114175,RoW,750278.8857423454,0
UKR,Ukraine,Europe,93355.859,31,.0025707663,Manufacturing nec; recycling,36t37,.26614583,EU27,537400.463447181,154277.3151798248
UKR,Ukraine,Europe,93355.859,31,.0025707663,Manufacturing nec; recycling,36t37,.26614583,RoW,420440.6429776994,509.6860194206238
UKR,Ukraine,Europe,93355.859,31,.0025707663,"Agriculture, hunting, forestry and fishing",AtB,.37349537,EU27,2162377.032345842,0
UKR,Ukraine,Europe,93355.859,31,.0025707663,"Agriculture, hunting, forestry and fishing",AtB,.37349537,RoW,6865933.737433767,0
UKR,Ukraine,Europe,93355.859,31,.0025707663,Mining and quarrying,C,1.4879924,EU27,1381735.44291254,502333.2926311493
UKR,Ukraine,Europe,93355.859,31,.0025707663,Mining and quarrying,C,1.4879924,RoW,1271611.014861909,437053.4995853947
ARE,United Arab Emirates,Asia,369255.38,18,.011301699,"Food , beverages and tobacco",15t16,.35987267,EU27,62167.27611953765,0
ARE,United Arab Emirates,Asia,369255.38,18,.011301699,"Food , beverages and tobacco",15t16,.35987267,RoW,6509171.127943287,0
ARE,United Arab Emirates,Asia,369255.38,18,.011301699,Textiles and textile,17t18,.34086084,EU27,109666.9723025624,0
ARE,United Arab Emirates,Asia,369255.38,18,.011301699,Textiles and textile,17t18,.34086084,RoW,2153337.637463587,0
ARE,United Arab Emirates,Asia,369255.38,18,.011301699,"Leather, leather and footwear",19,.19375706,EU27,12495.94904293574,0
ARE,United Arab Emirates,Asia,369255.38,18,.011301699,"Leather, leather and footwear",19,.19375706,RoW,226990.2978468317,0
ARE,United Arab Emirates,Asia,369255.38,18,.011301699,Wood and of wood and cork,20,.46805823,EU27,2723.265990098938,0
ARE,United Arab Emirates,Asia,369255.38,18,.011301699,Wood and of wood and cork,20,.46805823,RoW,210256.7555263455,0
ARE,United Arab Emirates,Asia,369255.38,18,.011301699,"Pulp, paper, paper , printing and publishing",21t22,.45346645,EU27,16192.83807230205,0
ARE,United Arab Emirates,Asia,369255.38,18,.011301699,"Pulp, paper, paper , printing and publishing",21t22,.45346645,RoW,873464.4567849737,0
ARE,United Arab Emirates,Asia,369255.38,18,.011301699,"Coke, refined petroleum and nuclear fuel",23,2.87748,EU27,1746283.369222206,0
ARE,United Arab Emirates,Asia,369255.38,18,.011301699,"Coke, refined petroleum and nuclear fuel",23,2.87748,RoW,22241659.50301674,0
ARE,United Arab Emirates,Asia,369255.38,18,.011301699,Chemicals and chemical,24,1.4067867,EU27,460012.5129137933,24783.49764685333
ARE,United Arab Emirates,Asia,369255.38,18,.011301699,Chemicals and chemical,24,1.4067867,RoW,10464328.91478395,550435.0537162492
ARE,United Arab Emirates,Asia,369255.38,18,.011301699,Rubber and plastics,25,.2790187,EU27,142550.3297748937,0
ARE,United Arab Emirates,Asia,369255.38,18,.011301699,Rubber and plastics,25,.2790187,RoW,1770521.362219284,0
ARE,United Arab Emirates,Asia,369255.38,18,.011301699,Other non-metallic mineral,26,4.8430367,EU27,151021.2714891968,35.87100084568374
ARE,United Arab Emirates,Asia,369255.38,18,.011301699,Other non-metallic mineral,26,4.8430367,RoW,2093175.512993281,714013.4272714923
ARE,United Arab Emirates,Asia,369255.38,18,.011301699,Basic metals and fabricated metal,27t28,1.9624588,EU27,2615652.180926993,2189207.863646974
ARE,United Arab Emirates,Asia,369255.38,18,.011301699,Basic metals and fabricated metal,27t28,1.9624588,RoW,37176076.54854851,7727097.624864869
ARE,United Arab Emirates,Asia,369255.38,18,.011301699,"Machinery, nec",29,.19455881,EU27,219340.8121511525,1293.377989628352
ARE,United Arab Emirates,Asia,369255.38,18,.011301699,"Machinery, nec",29,.19455881,RoW,4345075.323189946,20428.6060299254
ARE,United Arab Emirates,Asia,369255.38,18,.011301699,Electrical and optical equipment,30t33,.20186955,EU27,533087.2677849511,0
ARE,United Arab Emirates,Asia,369255.38,18,.011301699,Electrical and optical equipment,30t33,.20186955,RoW,7842012.640680443,0
ARE,United Arab Emirates,Asia,369255.38,18,.011301699,Transport equipment,34t35,.29114175,EU27,655229.6431834456,0
ARE,United Arab Emirates,Asia,369255.38,18,.011301699,Transport equipment,34t35,.29114175,RoW,9676138.619123133,0
ARE,United Arab Emirates,Asia,369255.38,18,.011301699,Manufacturing nec; recycling,36t37,.26614583,EU27,998324.1536454775,25988.68986998498
ARE,United Arab Emirates,Asia,369255.38,18,.011301699,Manufacturing nec; recycling,36t37,.26614583,RoW,12841752.8068693,273682.1759665608
ARE,United Arab Emirates,Asia,369255.38,18,.011301699,"Agriculture, hunting, forestry and fishing",AtB,.37349537,EU27,28983.8911242265,0
ARE,United Arab Emirates,Asia,369255.38,18,.011301699,"Agriculture, hunting, forestry and fishing",AtB,.37349537,RoW,1547437.598479772,0
ARE,United Arab Emirates,Asia,369255.38,18,.011301699,Mining and quarrying,C,1.4879924,EU27,1910249.546302967,.0359999984502792
ARE,United Arab Emirates,Asia,369255.38,18,.011301699,Mining and quarrying,C,1.4879924,RoW,45003906.93712143,17211.19090881571
GBR,United Kingdom,Europe,2689106.5,5,.025242679,"Food , beverages and tobacco",15t16,.35987267,EU27,14532370.02193765,0
GBR,United Kingdom,Europe,2689106.5,5,.025242679,"Food , beverages and tobacco",15t16,.35987267,RoW,10631108.09766518,0
GBR,United Kingdom,Europe,2689106.5,5,.025242679,Textiles and textile,17t18,.34086084,EU27,7877203.542688021,0
GBR,United Kingdom,Europe,2689106.5,5,.025242679,Textiles and textile,17t18,.34086084,RoW,3004109.875403721,0
GBR,United Kingdom,Europe,2689106.5,5,.025242679,"Leather, leather and footwear",19,.19375706,EU27,2457718.938966432,0
GBR,United Kingdom,Europe,2689106.5,5,.025242679,"Leather, leather and footwear",19,.19375706,RoW,618129.5781570106,0
GBR,United Kingdom,Europe,2689106.5,5,.025242679,Wood and of wood and cork,20,.46805823,EU27,376172.2683138115,0
GBR,United Kingdom,Europe,2689106.5,5,.025242679,Wood and of wood and cork,20,.46805823,RoW,116480.6908815432,0
GBR,United Kingdom,Europe,2689106.5,5,.025242679,"Pulp, paper, paper , printing and publishing",21t22,.45346645,EU27,4277504.681829263,0
GBR,United Kingdom,Europe,2689106.5,5,.025242679,"Pulp, paper, paper , printing and publishing",21t22,.45346645,RoW,3516350.043549532,0
GBR,United Kingdom,Europe,2689106.5,5,.025242679,"Coke, refined petroleum and nuclear fuel",23,2.87748,EU27,7135956.297428333,0
GBR,United Kingdom,Europe,2689106.5,5,.025242679,"Coke, refined petroleum and nuclear fuel",23,2.87748,RoW,4584540.278461263,0
GBR,United Kingdom,Europe,2689106.5,5,.025242679,Chemicals and chemical,24,1.4067867,EU27,35959214.60867652,217194.5779839539
GBR,United Kingdom,Europe,2689106.5,5,.025242679,Chemicals and chemical,24,1.4067867,RoW,31357242.11756989,124656.6903551779
GBR,United Kingdom,Europe,2689106.5,5,.025242679,Rubber and plastics,25,.2790187,EU27,6347527.722429506,0
GBR,United Kingdom,Europe,2689106.5,5,.025242679,Rubber and plastics,25,.2790187,RoW,3383106.928630706,0
GBR,United Kingdom,Europe,2689106.5,5,.025242679,Other non-metallic mineral,26,4.8430367,EU27,1846790.744094708,43334.90791816264
GBR,United Kingdom,Europe,2689106.5,5,.025242679,Other non-metallic mineral,26,4.8430367,RoW,1158290.855295341,43784.58037212491
GBR,United Kingdom,Europe,2689106.5,5,.025242679,Basic metals and fabricated metal,27t28,1.9624588,EU27,10712765.34113883,6357050.867814723
GBR,United Kingdom,Europe,2689106.5,5,.025242679,Basic metals and fabricated metal,27t28,1.9624588,RoW,21523606.67337117,4307943.486512314
GBR,United Kingdom,Europe,2689106.5,5,.025242679,"Machinery, nec",29,.19455881,EU27,14829419.64490535,114876.2987283998
GBR,United Kingdom,Europe,2689106.5,5,.025242679,"Machinery, nec",29,.19455881,RoW,19346190.03393697,52555.26111194107
GBR,United Kingdom,Europe,2689106.5,5,.025242679,Electrical and optical equipment,30t33,.20186955,EU27,23195047.15841566,0
GBR,United Kingdom,Europe,2689106.5,5,.025242679,Electrical and optical equipment,30t33,.20186955,RoW,25011283.80882545,0
GBR,United Kingdom,Europe,2689106.5,5,.025242679,Transport equipment,34t35,.29114175,EU27,36673361.00634239,0
GBR,United Kingdom,Europe,2689106.5,5,.025242679,Transport equipment,34t35,.29114175,RoW,55531768.29089691,0
GBR,United Kingdom,Europe,2689106.5,5,.025242679,Manufacturing nec; recycling,36t37,.26614583,EU27,7319215.872321518,305764.1481831074
GBR,United Kingdom,Europe,2689106.5,5,.025242679,Manufacturing nec; recycling,36t37,.26614583,RoW,14711634.02402293,470356.2148316586
GBR,United Kingdom,Europe,2689106.5,5,.025242679,"Agriculture, hunting, forestry and fishing",AtB,.37349537,EU27,3186911.980056386,0
GBR,United Kingdom,Europe,2689106.5,5,.025242679,"Agriculture, hunting, forestry and fishing",AtB,.37349537,RoW,1794723.58340676,0
GBR,United Kingdom,Europe,2689106.5,5,.025242679,Mining and quarrying,C,1.4879924,EU27,11873826.6678473,109753.1418613493
GBR,United Kingdom,Europe,2689106.5,5,.025242679,Mining and quarrying,C,1.4879924,RoW,5172399.839480681,99222.96939798538
USA,United States,Americas,18804912,2,.087574534,"Food , beverages and tobacco",15t16,.35987267,EU27,4615063.267225433,0
USA,United States,Americas,18804912,2,.087574534,"Food , beverages and tobacco",15t16,.35987267,RoW,66683875.05598245,0
USA,United States,Americas,18804912,2,.087574534,Textiles and textile,17t18,.34086084,EU27,1282413.705788938,0
USA,United States,Americas,18804912,2,.087574534,Textiles and textile,17t18,.34086084,RoW,15545932.64214022,0
USA,United States,Americas,18804912,2,.087574534,"Leather, leather and footwear",19,.19375706,EU27,431048.0238230877,0
USA,United States,Americas,18804912,2,.087574534,"Leather, leather and footwear",19,.19375706,RoW,3135456.686135957,0
USA,United States,Americas,18804912,2,.087574534,Wood and of wood and cork,20,.46805823,EU27,456908.6240767804,0
USA,United States,Americas,18804912,2,.087574534,Wood and of wood and cork,20,.46805823,RoW,5904972.536642923,0
USA,United States,Americas,18804912,2,.087574534,"Pulp, paper, paper , printing and publishing",21t22,.45346645,EU27,3059434.963990403,0
USA,United States,Americas,18804912,2,.087574534,"Pulp, paper, paper , printing and publishing",21t22,.45346645,RoW,24957775.28164944,0
USA,United States,Americas,18804912,2,.087574534,"Coke, refined petroleum and nuclear fuel",23,2.87748,EU27,8827067.398763953,0
USA,United States,Americas,18804912,2,.087574534,"Coke, refined petroleum and nuclear fuel",23,2.87748,RoW,66556329.39202822,0
USA,United States,Americas,18804912,2,.087574534,Chemicals and chemical,24,1.4067867,EU27,54664671.79594686,264616.3506236288
USA,United States,Americas,18804912,2,.087574534,Chemicals and chemical,24,1.4067867,RoW,143954329.0873135,5047580.958710968
USA,United States,Americas,18804912,2,.087574534,Rubber and plastics,25,.2790187,EU27,4232106.052131183,0
USA,United States,Americas,18804912,2,.087574534,Rubber and plastics,25,.2790187,RoW,33953526.37508207,0
USA,United States,Americas,18804912,2,.087574534,Other non-metallic mineral,26,4.8430367,EU27,2459071.520850441,13839.18870317657
USA,United States,Americas,18804912,2,.087574534,Other non-metallic mineral,26,4.8430367,RoW,10105310.58169391,183866.6444993326
USA,United States,Americas,18804912,2,.087574534,Basic metals and fabricated metal,27t28,1.9624588,EU27,6708568.370328669,2706153.327583662
USA,United States,Americas,18804912,2,.087574534,Basic metals and fabricated metal,27t28,1.9624588,RoW,72504864.25710513,32414114.39939276
USA,United States,Americas,18804912,2,.087574534,"Machinery, nec",29,.19455881,EU27,19975586.67596094,125184.2500274815
USA,United States,Americas,18804912,2,.087574534,"Machinery, nec",29,.19455881,RoW,115456765.5357424,869609.4915081024
USA,United States,Americas,18804912,2,.087574534,Electrical and optical equipment,30t33,.20186955,EU27,44634450.28824836,0
USA,United States,Americas,18804912,2,.087574534,Electrical and optical equipment,30t33,.20186955,RoW,234564559.9701396,0
USA,United States,Americas,18804912,2,.087574534,Transport equipment,34t35,.29114175,EU27,36717126.64632832,0
USA,United States,Americas,18804912,2,.087574534,Transport equipment,34t35,.29114175,RoW,202159896.6102899,0
USA,United States,Americas,18804912,2,.087574534,Manufacturing nec; recycling,36t37,.26614583,EU27,9907406.014022496,27076.59331662953
USA,United States,Americas,18804912,2,.087574534,Manufacturing nec; recycling,36t37,.26614583,RoW,57098911.2719363,1968458.030960198
USA,United States,Americas,18804912,2,.087574534,"Agriculture, hunting, forestry and fishing",AtB,.37349537,EU27,6672945.306011913,0
USA,United States,Americas,18804912,2,.087574534,"Agriculture, hunting, forestry and fishing",AtB,.37349537,RoW,68081335.55247493,0
USA,United States,Americas,18804912,2,.087574534,Mining and quarrying,C,1.4879924,EU27,5024729.3785935,153098.697870627
USA,United States,Americas,18804912,2,.087574534,Mining and quarrying,C,1.4879924,RoW,22911204.63998433,950633.1412316822
URY,Uruguay,Americas,57480.785,67,.00051054428,"Food , beverages and tobacco",15t16,.35987267,EU27,478606.4248312236,0
URY,Uruguay,Americas,57480.785,67,.00051054428,"Food , beverages and tobacco",15t16,.35987267,RoW,2819438.73165558,0
URY,Uruguay,Americas,57480.785,67,.00051054428,Textiles and textile,17t18,.34086084,EU27,60710.89703926572,0
URY,Uruguay,Americas,57480.785,67,.00051054428,Textiles and textile,17t18,.34086084,RoW,155497.8021067017,0
URY,Uruguay,Americas,57480.785,67,.00051054428,"Leather, leather and footwear",19,.19375706,EU27,108699.5564767567,0
URY,Uruguay,Americas,57480.785,67,.00051054428,"Leather, leather and footwear",19,.19375706,RoW,242867.2873955256,0
URY,Uruguay,Americas,57480.785,67,.00051054428,Wood and of wood and cork,20,.46805823,EU27,88449.06934439845,0
URY,Uruguay,Americas,57480.785,67,.00051054428,Wood and of wood and cork,20,.46805823,RoW,118114.3334683739,0
URY,Uruguay,Americas,57480.785,67,.00051054428,"Pulp, paper, paper , printing and publishing",21t22,.45346645,EU27,656071.4317638472,0
URY,Uruguay,Americas,57480.785,67,.00051054428,"Pulp, paper, paper , printing and publishing",21t22,.45346645,RoW,624520.0354001579,0
URY,Uruguay,Americas,57480.785,67,.00051054428,"Coke, refined petroleum and nuclear fuel",23,2.87748,EU27,12.90599962510169,0
URY,Uruguay,Americas,57480.785,67,.00051054428,"Coke, refined petroleum and nuclear fuel",23,2.87748,RoW,753.4609814882278,0
URY,Uruguay,Americas,57480.785,67,.00051054428,Chemicals and chemical,24,1.4067867,EU27,30501.73373101745,0
URY,Uruguay,Americas,57480.785,67,.00051054428,Chemicals and chemical,24,1.4067867,RoW,797454.3075436821,3777.047003788874
URY,Uruguay,Americas,57480.785,67,.00051054428,Rubber and plastics,25,.2790187,EU27,1311.49799762608,0
URY,Uruguay,Americas,57480.785,67,.00051054428,Rubber and plastics,25,.2790187,RoW,218116.9831993203,0
URY,Uruguay,Americas,57480.785,67,.00051054428,Other non-metallic mineral,26,4.8430367,EU27,315.8500034222379,1.062999963760376
URY,Uruguay,Americas,57480.785,67,.00051054428,Other non-metallic mineral,26,4.8430367,RoW,19938.20805526525,7546.717214584351
URY,Uruguay,Americas,57480.785,67,.00051054428,Basic metals and fabricated metal,27t28,1.9624588,EU27,13217.73057877459,11966.86658085894
URY,Uruguay,Americas,57480.785,67,.00051054428,Basic metals and fabricated metal,27t28,1.9624588,RoW,110625.9232262985,64387.35228941531
URY,Uruguay,Americas,57480.785,67,.00051054428,"Machinery, nec",29,.19455881,EU27,4180.590981101035,0
URY,Uruguay,Americas,57480.785,67,.00051054428,"Machinery, nec",29,.19455881,RoW,45813.241961914,30.10500024072826
URY,Uruguay,Americas,57480.785,67,.00051054428,Electrical and optical equipment,30t33,.20186955,EU27,8643.009995041182,0
URY,Uruguay,Americas,57480.785,67,.00051054428,Electrical and optical equipment,30t33,.20186955,RoW,126545.2071981049,0
URY,Uruguay,Americas,57480.785,67,.00051054428,Transport equipment,34t35,.29114175,EU27,18256.54496692866,0
URY,Uruguay,Americas,57480.785,67,.00051054428,Transport equipment,34t35,.29114175,RoW,79718.23291729845,0
URY,Uruguay,Americas,57480.785,67,.00051054428,Manufacturing nec; recycling,36t37,.26614583,EU27,40167.80636278808,1082.09997844696
URY,Uruguay,Americas,57480.785,67,.00051054428,Manufacturing nec; recycling,36t37,.26614583,RoW,182003.9156130328,65078.38207054138
URY,Uruguay,Americas,57480.785,67,.00051054428,"Agriculture, hunting, forestry and fishing",AtB,.37349537,EU27,125621.0115270047,0
URY,Uruguay,Americas,57480.785,67,.00051054428,"Agriculture, hunting, forestry and fishing",AtB,.37349537,RoW,700561.323701193,0
URY,Uruguay,Americas,57480.785,67,.00051054428,Mining and quarrying,C,1.4879924,EU27,1136.434006202966,0
URY,Uruguay,Americas,57480.785,67,.00051054428,Mining and quarrying,C,1.4879924,RoW,11303.64723052643,.3219999969005585
UZB,Uzbekistan,Asia,86138.281,72,.00047740317,"Food , beverages and tobacco",15t16,.35987267,EU27,3242.050991766155,0
UZB,Uzbekistan,Asia,86138.281,72,.00047740317,"Food , beverages and tobacco",15t16,.35987267,RoW,110473.4062285256,0
UZB,Uzbekistan,Asia,86138.281,72,.00047740317,Textiles and textile,17t18,.34086084,EU27,42412.5760205246,0
UZB,Uzbekistan,Asia,86138.281,72,.00047740317,Textiles and textile,17t18,.34086084,RoW,850817.1865496674,0
UZB,Uzbekistan,Asia,86138.281,72,.00047740317,"Leather, leather and footwear",19,.19375706,EU27,797.6479838211089,0
UZB,Uzbekistan,Asia,86138.281,72,.00047740317,"Leather, leather and footwear",19,.19375706,RoW,40681.27741079545,0
UZB,Uzbekistan,Asia,86138.281,72,.00047740317,Wood and of wood and cork,20,.46805823,EU27,55.43600079417229,0
UZB,Uzbekistan,Asia,86138.281,72,.00047740317,Wood and of wood and cork,20,.46805823,RoW,1047.556005161256,0
UZB,Uzbekistan,Asia,86138.281,72,.00047740317,"Pulp, paper, paper , printing and publishing",21t22,.45346645,EU27,1743.986998073757,0
UZB,Uzbekistan,Asia,86138.281,72,.00047740317,"Pulp, paper, paper , printing and publishing",21t22,.45346645,RoW,17798.12531791767,0
UZB,Uzbekistan,Asia,86138.281,72,.00047740317,"Coke, refined petroleum and nuclear fuel",23,2.87748,EU27,72396.75442099571,0
UZB,Uzbekistan,Asia,86138.281,72,.00047740317,"Coke, refined petroleum and nuclear fuel",23,2.87748,RoW,232573.8872041702,0
UZB,Uzbekistan,Asia,86138.281,72,.00047740317,Chemicals and chemical,24,1.4067867,EU27,25166.97292549908,897.9159943703562
UZB,Uzbekistan,Asia,86138.281,72,.00047740317,Chemicals and chemical,24,1.4067867,RoW,541471.378508548,72603.01689746231
UZB,Uzbekistan,Asia,86138.281,72,.00047740317,Rubber and plastics,25,.2790187,EU27,125.7060029171407,0
UZB,Uzbekistan,Asia,86138.281,72,.00047740317,Rubber and plastics,25,.2790187,RoW,17570.65500233602,0
UZB,Uzbekistan,Asia,86138.281,72,.00047740317,Other non-metallic mineral,26,4.8430367,EU27,5.883000142872334,0
UZB,Uzbekistan,Asia,86138.281,72,.00047740317,Other non-metallic mineral,26,4.8430367,RoW,17023.48069913127,469.2660140991211
UZB,Uzbekistan,Asia,86138.281,72,.00047740317,Basic metals and fabricated metal,27t28,1.9624588,EU27,5652.04000814911,476.3929992830381
UZB,Uzbekistan,Asia,86138.281,72,.00047740317,Basic metals and fabricated metal,27t28,1.9624588,RoW,3455974.518927028,21122.64860949665
UZB,Uzbekistan,Asia,86138.281,72,.00047740317,"Machinery, nec",29,.19455881,EU27,1780.665995340794,0
UZB,Uzbekistan,Asia,86138.281,72,.00047740317,"Machinery, nec",29,.19455881,RoW,23985.141387688,1996.95804643631
UZB,Uzbekistan,Asia,86138.281,72,.00047740317,Electrical and optical equipment,30t33,.20186955,EU27,1863.444991513621,0
UZB,Uzbekistan,Asia,86138.281,72,.00047740317,Electrical and optical equipment,30t33,.20186955,RoW,180647.2800815388,0
UZB,Uzbekistan,Asia,86138.281,72,.00047740317,Transport equipment,34t35,.29114175,EU27,167.1739996671677,0
UZB,Uzbekistan,Asia,86138.281,72,.00047740317,Transport equipment,34t35,.29114175,RoW,34521.70612635557,0
UZB,Uzbekistan,Asia,86138.281,72,.00047740317,Manufacturing nec; recycling,36t37,.26614583,EU27,4475.418080173433,0
UZB,Uzbekistan,Asia,86138.281,72,.00047740317,Manufacturing nec; recycling,36t37,.26614583,RoW,52835.95625956357,0
UZB,Uzbekistan,Asia,86138.281,72,.00047740317,"Agriculture, hunting, forestry and fishing",AtB,.37349537,EU27,30365.66810896574,0
UZB,Uzbekistan,Asia,86138.281,72,.00047740317,"Agriculture, hunting, forestry and fishing",AtB,.37349537,RoW,861377.8752547719,0
UZB,Uzbekistan,Asia,86138.281,72,.00047740317,Mining and quarrying,C,1.4879924,EU27,39.64499947428703,1.26199996471405
UZB,Uzbekistan,Asia,86138.281,72,.00047740317,Mining and quarrying,C,1.4879924,RoW,747971.784668915,8.795999594032764
VEN,Venezuela,Americas,287807.84,43,.0017450701,"Food , beverages and tobacco",15t16,.35987267,EU27,91018.91765991133,0
VEN,Venezuela,Americas,287807.84,43,.0017450701,"Food , beverages and tobacco",15t16,.35987267,RoW,75102.98864843952,0
VEN,Venezuela,Americas,287807.84,43,.0017450701,Textiles and textile,17t18,.34086084,EU27,789.5470094557386,0
VEN,Venezuela,Americas,287807.84,43,.0017450701,Textiles and textile,17t18,.34086084,RoW,6020.353989295778,0
VEN,Venezuela,Americas,287807.84,43,.0017450701,"Leather, leather and footwear",19,.19375706,EU27,18913.02444260521,0
VEN,Venezuela,Americas,287807.84,43,.0017450701,"Leather, leather and footwear",19,.19375706,RoW,6012.445068720495,0
VEN,Venezuela,Americas,287807.84,43,.0017450701,Wood and of wood and cork,20,.46805823,EU27,103.3480038027046,0
VEN,Venezuela,Americas,287807.84,43,.0017450701,Wood and of wood and cork,20,.46805823,RoW,16482.62866577576,0
VEN,Venezuela,Americas,287807.84,43,.0017450701,"Pulp, paper, paper , printing and publishing",21t22,.45346645,EU27,327.6120017665671,0
VEN,Venezuela,Americas,287807.84,43,.0017450701,"Pulp, paper, paper , printing and publishing",21t22,.45346645,RoW,13007.65707000066,0
VEN,Venezuela,Americas,287807.84,43,.0017450701,"Coke, refined petroleum and nuclear fuel",23,2.87748,EU27,88339.85153639317,0
VEN,Venezuela,Americas,287807.84,43,.0017450701,"Coke, refined petroleum and nuclear fuel",23,2.87748,RoW,3287251.794011738,0
VEN,Venezuela,Americas,287807.84,43,.0017450701,Chemicals and chemical,24,1.4067867,EU27,85960.12290262384,111.1490020751953
VEN,Venezuela,Americas,287807.84,43,.0017450701,Chemicals and chemical,24,1.4067867,RoW,609858.791754494,247804.1489250883
VEN,Venezuela,Americas,287807.84,43,.0017450701,Rubber and plastics,25,.2790187,EU27,787.2829999448732,0
VEN,Venezuela,Americas,287807.84,43,.0017450701,Rubber and plastics,25,.2790187,RoW,18954.50603238202,0
VEN,Venezuela,Americas,287807.84,43,.0017450701,Other non-metallic mineral,26,4.8430367,EU27,137.7119981764117,0
VEN,Venezuela,Americas,287807.84,43,.0017450701,Other non-metallic mineral,26,4.8430367,RoW,28348.18118888733,8327.100892573595
VEN,Venezuela,Americas,287807.84,43,.0017450701,Basic metals and fabricated metal,27t28,1.9624588,EU27,90492.86185061559,87924.48479556711
VEN,Venezuela,Americas,287807.84,43,.0017450701,Basic metals and fabricated metal,27t28,1.9624588,RoW,3327115.862182013,395338.3096208129
VEN,Venezuela,Americas,287807.84,43,.0017450701,"Machinery, nec",29,.19455881,EU27,957.0239921677858,.4429999887943268
VEN,Venezuela,Americas,287807.84,43,.0017450701,"Machinery, nec",29,.19455881,RoW,12640.7619811988,25.58299935003743
VEN,Venezuela,Americas,287807.84,43,.0017450701,Electrical and optical equipment,30t33,.20186955,EU27,1680.779995442135,0
VEN,Venezuela,Americas,287807.84,43,.0017450701,Electrical and optical equipment,30t33,.20186955,RoW,60705.51713625598,0
VEN,Venezuela,Americas,287807.84,43,.0017450701,Transport equipment,34t35,.29114175,EU27,2373.807040866464,0
VEN,Venezuela,Americas,287807.84,43,.0017450701,Transport equipment,34t35,.29114175,RoW,18090.48320113111,0
VEN,Venezuela,Americas,287807.84,43,.0017450701,Manufacturing nec; recycling,36t37,.26614583,EU27,23412.40601135883,0
VEN,Venezuela,Americas,287807.84,43,.0017450701,Manufacturing nec; recycling,36t37,.26614583,RoW,103441.0955283894,58194.71658325195
VEN,Venezuela,Americas,287807.84,43,.0017450701,"Agriculture, hunting, forestry and fishing",AtB,.37349537,EU27,13842.17782533728,0
VEN,Venezuela,Americas,287807.84,43,.0017450701,"Agriculture, hunting, forestry and fishing",AtB,.37349537,RoW,49344.85881688504,0
VEN,Venezuela,Americas,287807.84,43,.0017450701,Mining and quarrying,C,1.4879924,EU27,605448.5136417747,1876.990966796875
VEN,Venezuela,Americas,287807.84,43,.0017450701,Mining and quarrying,C,1.4879924,RoW,18308697.76067214,14048.13321113586
VNM,Vietnam,Asia,257096,17,.012095436,"Food , beverages and tobacco",15t16,.35987267,EU27,1323119.987139655,0
VNM,Vietnam,Asia,257096,17,.012095436,"Food , beverages and tobacco",15t16,.35987267,RoW,11934972.14972899,0
VNM,Vietnam,Asia,257096,17,.012095436,Textiles and textile,17t18,.34086084,EU27,3725930.839489195,0
VNM,Vietnam,Asia,257096,17,.012095436,Textiles and textile,17t18,.34086084,RoW,27032290.15648634,0
VNM,Vietnam,Asia,257096,17,.012095436,"Leather, leather and footwear",19,.19375706,EU27,4757519.567694342,0
VNM,Vietnam,Asia,257096,17,.012095436,"Leather, leather and footwear",19,.19375706,RoW,13245535.8808049,0
VNM,Vietnam,Asia,257096,17,.012095436,Wood and of wood and cork,20,.46805823,EU27,168648.2668772396,0
VNM,Vietnam,Asia,257096,17,.012095436,Wood and of wood and cork,20,.46805823,RoW,2318244.985766232,0
VNM,Vietnam,Asia,257096,17,.012095436,"Pulp, paper, paper , printing and publishing",21t22,.45346645,EU27,31779.56684868038,0
VNM,Vietnam,Asia,257096,17,.012095436,"Pulp, paper, paper , printing and publishing",21t22,.45346645,RoW,685718.336021133,0
VNM,Vietnam,Asia,257096,17,.012095436,"Coke, refined petroleum and nuclear fuel",23,2.87748,EU27,833.8129833764397,0
VNM,Vietnam,Asia,257096,17,.012095436,"Coke, refined petroleum and nuclear fuel",23,2.87748,RoW,859686.6200648248,0
VNM,Vietnam,Asia,257096,17,.012095436,Chemicals and chemical,24,1.4067867,EU27,256359.6624652275,62991.6141974926
VNM,Vietnam,Asia,257096,17,.012095436,Chemicals and chemical,24,1.4067867,RoW,4166024.514854958,378545.5310372598
VNM,Vietnam,Asia,257096,17,.012095436,Rubber and plastics,25,.2790187,EU27,754610.5891282276,0
VNM,Vietnam,Asia,257096,17,.012095436,Rubber and plastics,25,.2790187,RoW,3092492.05511779,0
VNM,Vietnam,Asia,257096,17,.012095436,Other non-metallic mineral,26,4.8430367,EU27,185629.8415878281,14555.84150806069
VNM,Vietnam,Asia,257096,17,.012095436,Other non-metallic mineral,26,4.8430367,RoW,2298339.488988455,573748.9767653588
VNM,Vietnam,Asia,257096,17,.012095436,Basic metals and fabricated metal,27t28,1.9624588,EU27,809479.7092362714,578434.1820503381
VNM,Vietnam,Asia,257096,17,.012095436,Basic metals and fabricated metal,27t28,1.9624588,RoW,6286437.389628763,4592845.320550779
VNM,Vietnam,Asia,257096,17,.012095436,"Machinery, nec",29,.19455881,EU27,559376.2457970736,14943.67690516775
VNM,Vietnam,Asia,257096,17,.012095436,"Machinery, nec",29,.19455881,RoW,3700537.922121073,50390.87650969648
VNM,Vietnam,Asia,257096,17,.012095436,Electrical and optical equipment,30t33,.20186955,EU27,15252344.01624762,0
VNM,Vietnam,Asia,257096,17,.012095436,Electrical and optical equipment,30t33,.20186955,RoW,55842621.99036907,0
VNM,Vietnam,Asia,257096,17,.012095436,Transport equipment,34t35,.29114175,EU27,620611.8409661188,0
VNM,Vietnam,Asia,257096,17,.012095436,Transport equipment,34t35,.29114175,RoW,2968863.784170453,0
VNM,Vietnam,Asia,257096,17,.012095436,Manufacturing nec; recycling,36t37,.26614583,EU27,1061375.26020655,0
VNM,Vietnam,Asia,257096,17,.012095436,Manufacturing nec; recycling,36t37,.26614583,RoW,8327575.53527269,155705.8223069906
VNM,Vietnam,Asia,257096,17,.012095436,"Agriculture, hunting, forestry and fishing",AtB,.37349537,EU27,2530985.433839723,0
VNM,Vietnam,Asia,257096,17,.012095436,"Agriculture, hunting, forestry and fishing",AtB,.37349537,RoW,8934584.070983768,0
VNM,Vietnam,Asia,257096,17,.012095436,Mining and quarrying,C,1.4879924,EU27,82318.72578019882,.2290000021457672
VNM,Vietnam,Asia,257096,17,.012095436,Mining and quarrying,C,1.4879924,RoW,3089608.38073443,4316.935007542372
ZMB,Zambia,Africa,20601.504,64,.00057076581,"Food , beverages and tobacco",15t16,.35987267,EU27,19930.09484016325,0
ZMB,Zambia,Africa,20601.504,64,.00057076581,"Food , beverages and tobacco",15t16,.35987267,RoW,307585.6325078915,0
ZMB,Zambia,Africa,20601.504,64,.00057076581,Textiles and textile,17t18,.34086084,EU27,14.16499986313283,0
ZMB,Zambia,Africa,20601.504,64,.00057076581,Textiles and textile,17t18,.34086084,RoW,6583.25191063399,0
ZMB,Zambia,Africa,20601.504,64,.00057076581,"Leather, leather and footwear",19,.19375706,EU27,1060.005972914398,0
ZMB,Zambia,Africa,20601.504,64,.00057076581,"Leather, leather and footwear",19,.19375706,RoW,5977.775878397748,0
ZMB,Zambia,Africa,20601.504,64,.00057076581,Wood and of wood and cork,20,.46805823,EU27,7.202999973669648,0
ZMB,Zambia,Africa,20601.504,64,.00057076581,Wood and of wood and cork,20,.46805823,RoW,6291.249964472838,0
ZMB,Zambia,Africa,20601.504,64,.00057076581,"Pulp, paper, paper , printing and publishing",21t22,.45346645,EU27,696.3710157116875,0
ZMB,Zambia,Africa,20601.504,64,.00057076581,"Pulp, paper, paper , printing and publishing",21t22,.45346645,RoW,37964.68044115487,0
ZMB,Zambia,Africa,20601.504,64,.00057076581,"Coke, refined petroleum and nuclear fuel",23,2.87748,EU27,.0379999987781048,0
ZMB,Zambia,Africa,20601.504,64,.00057076581,"Coke, refined petroleum and nuclear fuel",23,2.87748,RoW,4282.442960567772,0
ZMB,Zambia,Africa,20601.504,64,.00057076581,Chemicals and chemical,24,1.4067867,EU27,410.0990018021548,0
ZMB,Zambia,Africa,20601.504,64,.00057076581,Chemicals and chemical,24,1.4067867,RoW,164986.4280792052,14780.74874554714
ZMB,Zambia,Africa,20601.504,64,.00057076581,Rubber and plastics,25,.2790187,EU27,60.39700126089156,0
ZMB,Zambia,Africa,20601.504,64,.00057076581,Rubber and plastics,25,.2790187,RoW,16526.75289737515,0
ZMB,Zambia,Africa,20601.504,64,.00057076581,Other non-metallic mineral,26,4.8430367,EU27,13.19800037145615,.3019999861717224
ZMB,Zambia,Africa,20601.504,64,.00057076581,Other non-metallic mineral,26,4.8430367,RoW,76891.24462308874,37878.27851288486
ZMB,Zambia,Africa,20601.504,64,.00057076581,Basic metals and fabricated metal,27t28,1.9624588,EU27,331613.2017578995,2302.499935999513
ZMB,Zambia,Africa,20601.504,64,.00057076581,Basic metals and fabricated metal,27t28,1.9624588,RoW,6536693.225593596,53632.46012558404
ZMB,Zambia,Africa,20601.504,64,.00057076581,"Machinery, nec",29,.19455881,EU27,5821.378025264479,.1169999986886978
ZMB,Zambia,Africa,20601.504,64,.00057076581,"Machinery, nec",29,.19455881,RoW,77976.6675912611,106.1119969682768
ZMB,Zambia,Africa,20601.504,64,.00057076581,Electrical and optical equipment,30t33,.20186955,EU27,3963.593009767705,0
ZMB,Zambia,Africa,20601.504,64,.00057076581,Electrical and optical equipment,30t33,.20186955,RoW,274888.2499312869,0
ZMB,Zambia,Africa,20601.504,64,.00057076581,Transport equipment,34t35,.29114175,EU27,1573.267956897616,0
ZMB,Zambia,Africa,20601.504,64,.00057076581,Transport equipment,34t35,.29114175,RoW,28970.67410380661,0
ZMB,Zambia,Africa,20601.504,64,.00057076581,Manufacturing nec; recycling,36t37,.26614583,EU27,22477.12847724371,0
ZMB,Zambia,Africa,20601.504,64,.00057076581,Manufacturing nec; recycling,36t37,.26614583,RoW,159411.621427169,55675.07825088501
ZMB,Zambia,Africa,20601.504,64,.00057076581,"Agriculture, hunting, forestry and fishing",AtB,.37349537,EU27,47689.53953197226,0
ZMB,Zambia,Africa,20601.504,64,.00057076581,"Agriculture, hunting, forestry and fishing",AtB,.37349537,RoW,453761.3175506367,0
ZMB,Zambia,Africa,20601.504,64,.00057076581,Mining and quarrying,C,1.4879924,EU27,146.0580008737743,0
ZMB,Zambia,Africa,20601.504,64,.00057076581,Mining and quarrying,C,1.4879924,RoW,225480.0873278427,.0799999982118607
ZWE,Zimbabwe,Africa,20548.68,94,.00018935181,"Food , beverages and tobacco",15t16,.35987267,EU27,35951.28956683155,0
ZWE,Zimbabwe,Africa,20548.68,94,.00018935181,"Food , beverages and tobacco",15t16,.35987267,RoW,199356.0286410019,0
ZWE,Zimbabwe,Africa,20548.68,94,.00018935181,Textiles and textile,17t18,.34086084,EU27,1225.276986727957,0
ZWE,Zimbabwe,Africa,20548.68,94,.00018935181,Textiles and textile,17t18,.34086084,RoW,22531.24592250539,0
ZWE,Zimbabwe,Africa,20548.68,94,.00018935181,"Leather, leather and footwear",19,.19375706,EU27,4784.887015707791,0
ZWE,Zimbabwe,Africa,20548.68,94,.00018935181,"Leather, leather and footwear",19,.19375706,RoW,40256.31792619918,0
ZWE,Zimbabwe,Africa,20548.68,94,.00018935181,Wood and of wood and cork,20,.46805823,EU27,33.5809999704361,0
ZWE,Zimbabwe,Africa,20548.68,94,.00018935181,Wood and of wood and cork,20,.46805823,RoW,24224.98306685034,0
ZWE,Zimbabwe,Africa,20548.68,94,.00018935181,"Pulp, paper, paper , printing and publishing",21t22,.45346645,EU27,103.8989977128804,0
ZWE,Zimbabwe,Africa,20548.68,94,.00018935181,"Pulp, paper, paper , printing and publishing",21t22,.45346645,RoW,11338.01497372915,0
ZWE,Zimbabwe,Africa,20548.68,94,.00018935181,"Coke, refined petroleum and nuclear fuel",23,2.87748,RoW,26881.6882572202,0
ZWE,Zimbabwe,Africa,20548.68,94,.00018935181,Chemicals and chemical,24,1.4067867,EU27,283.3110019052401,0
ZWE,Zimbabwe,Africa,20548.68,94,.00018935181,Chemicals and chemical,24,1.4067867,RoW,15503.11296588741,1779.738010481
ZWE,Zimbabwe,Africa,20548.68,94,.00018935181,Rubber and plastics,25,.2790187,EU27,189.4179981756024,0
ZWE,Zimbabwe,Africa,20548.68,94,.00018935181,Rubber and plastics,25,.2790187,RoW,4484.431003998732,0
ZWE,Zimbabwe,Africa,20548.68,94,.00018935181,Other non-metallic mineral,26,4.8430367,EU27,4471.39798361063,0
ZWE,Zimbabwe,Africa,20548.68,94,.00018935181,Other non-metallic mineral,26,4.8430367,RoW,4801.650043204078,961.7100314325653
ZWE,Zimbabwe,Africa,20548.68,94,.00018935181,Basic metals and fabricated metal,27t28,1.9624588,EU27,49956.85069583007,47502.52269767621
ZWE,Zimbabwe,Africa,20548.68,94,.00018935181,Basic metals and fabricated metal,27t28,1.9624588,RoW,1228948.000177344,147413.0209681778
ZWE,Zimbabwe,Africa,20548.68,94,.00018935181,"Machinery, nec",29,.19455881,EU27,546.1139975897968,0
ZWE,Zimbabwe,Africa,20548.68,94,.00018935181,"Machinery, nec",29,.19455881,RoW,24228.79799693474,57.82900029420853
ZWE,Zimbabwe,Africa,20548.68,94,.00018935181,Electrical and optical equipment,30t33,.20186955,EU27,404.7159972856753,0
ZWE,Zimbabwe,Africa,20548.68,94,.00018935181,Electrical and optical equipment,30t33,.20186955,RoW,11448.03502724296,0
ZWE,Zimbabwe,Africa,20548.68,94,.00018935181,Transport equipment,34t35,.29114175,EU27,13.42700012400746,0
ZWE,Zimbabwe,Africa,20548.68,94,.00018935181,Transport equipment,34t35,.29114175,RoW,14012.61510262918,0
ZWE,Zimbabwe,Africa,20548.68,94,.00018935181,Manufacturing nec; recycling,36t37,.26614583,EU27,7144.023955214769,0
ZWE,Zimbabwe,Africa,20548.68,94,.00018935181,Manufacturing nec; recycling,36t37,.26614583,RoW,37784.69696149917,6931.387881815434
ZWE,Zimbabwe,Africa,20548.68,94,.00018935181,"Agriculture, hunting, forestry and fishing",AtB,.37349537,EU27,128859.1420256057,0
ZWE,Zimbabwe,Africa,20548.68,94,.00018935181,"Agriculture, hunting, forestry and fishing",AtB,.37349537,RoW,444563.4612256001,0
ZWE,Zimbabwe,Africa,20548.68,94,.00018935181,Mining and quarrying,C,1.4879924,EU27,77886.65729877725,0
ZWE,Zimbabwe,Africa,20548.68,94,.00018935181,Mining and quarrying,C,1.4879924,RoW,503738.0097457857,0
